class_ID,class_identifier,class_name,skill_name_EN,skill_name_ZH,skill_name_RU,skill_name_DE,description_EN,description_ZH,description_RU,description_DE,skill_type,skill_ID_1,skill_ID_2,skill_ID_3,skill_ID_4,skill_ID_5,skill_key,tree_color,tree_name_EN,tree_name_ZH,tree_name_RU,tree_name_DE,graph_name,node_name,skill_internal,tooltip_key,icon_file,icon_asset
255,Char_Paladin,Amon,Age of Ice,冰河时代,Эпоха льда,Ära des Eises,[primary]Amon[/primary] deals increased [secondary]Damage[/secondary] to [cryo]Frozen[/cryo] enemies and [secondary]Bosses[/secondary].,[primary]亚蒙[/primary]对[cryo]霜冻[/cryo]敌人和[secondary]Boss[/secondary]造成更高[secondary]伤害[/secondary]。,[primary]Амон[/primary] наносит увеличенный [secondary]урон[/secondary] [cryo]замороженным[/cryo] врагам и [secondary]боссам[/secondary].,[primary]Amon[/primary] verursacht erhöhten [secondary]Schaden[/secondary] bei [cryo]eingefrorenen[/cryo] Feinden und [secondary]Bossen[/secondary].,passive,256,319,382,445,508,255:Progress_PLD_Branch_Vengeance_02:Branch - Row 2 - 3,blue,Vengeance,复仇怒火,Возмездие,Rache,Progress_PLD_Branch_Vengeance_02,Branch - Row 2 - 3,SkillDef_PLD_P_AgeOfIce,ToolTip_PLD_P_AgeOfIce,age_of_ice_4.png,/Game/uiresources/_shared/assets/ico_ui_art_passives/Forgeknight/ico_passive_paladin_age_of_ice.ico_passive_paladin_age_of_ice
255,Char_Paladin,Amon,Ancient Ways,古老之道,Древние обычаи,Alte Wege,[primary]Amon[/primary] deals increased [nowrap][cryo_icon][cryo]Cryo[/cryo][/nowrap][cryo] Damage[/cryo].,提升[primary]亚蒙[/primary]造成的[nowrap][cryo_icon][cryo]冰冻[/cryo][/nowrap][cryo]伤害[/cryo]。,[primary]Амон[/primary] наносит повышенный [nowrap][cryo_icon][cryo]урон[/cryo][/nowrap][cryo] от холода[/cryo].,[primary]Amon[/primary] verursacht erhöhten [nowrap][cryo_icon][cryo]Kryo[/cryo][/nowrap]-[cryo]Schaden[/cryo].,passive,30,99,137,175,213,255:Progress_PLD_Trunk_Vengeance:Trunk - Row 3 - 3,blue,Vengeance,复仇怒火,Возмездие,Rache,Progress_PLD_Trunk_Vengeance,Trunk - Row 3 - 3,,ToolTip_PLD_P_AncientWays,ancient_ways_4.png,/Game/uiresources/_shared/assets/ico_ui_art_passives/Forgeknight/ico_passive_paladin_ancient_ways.ico_passive_paladin_ancient_ways
255,Char_Paladin,Amon,Armor of Contempt,蔑视护甲,Броня презрения,Rüstung der Verachtung,[primary]Amon[/primary] gains [secondary]Overshield[/secondary] when he deals [secondary]Action Skill Damage[/secondary].,[primary]亚蒙[/primary]造成[secondary]主动技能伤害[/secondary]时获得[secondary]超强护盾[/secondary]。,"Когда [primary]Амон[/primary] наносит [secondary]урон от активного навыка[/secondary], он получает [secondary]суперщит[/secondary].","[primary]Amon[/primary] erhält [secondary]Überschild[/secondary], wenn er [secondary]Action-Skill-Schaden[/secondary] verursacht.",passive,233,296,359,422,485,255:Progress_PLD_Branch_Cybernetics_02:Branch - Row 2 - 1,green,Cybernetics,神经机械,Кибернетика,Kybernetik,Progress_PLD_Branch_Cybernetics_02,Branch - Row 2 - 1,SkillDef_PLD_P_IronDome,ToolTip_PLD_P_IronDome,armor_of_contempt_4.png,/Game/uiresources/_shared/assets/ico_ui_art_passives/Forgeknight/ico_passive_paladin_iron_dome.ico_passive_paladin_iron_dome
255,Char_Paladin,Amon,Ballistic Bulwark,弹道壁垒,Укрепленный бастион,Ballistik-Bollwerk,[primary]Amon[/primary] gains [secondary]Overshield[/secondary] when he deals [secondary]Ordnance Damage[/secondary].,[primary]亚蒙[/primary]造成[secondary]炮械伤害[/secondary]时获得[secondary]超强护盾[/secondary]。,"Когда [primary]Амон[/primary] наносит [secondary]урон от снарядов[/secondary], он получает [secondary]суперщит[/secondary].","[primary]Amon[/primary] erhält [secondary]Überschild[/secondary], wenn er [secondary]Kampfmittel-Schaden[/secondary] verursacht.",passive,247,310,373,436,499,255:Progress_PLD_Branch_Vengeance_01:Branch - Row 2 - 1,blue,Vengeance,复仇怒火,Возмездие,Rache,Progress_PLD_Branch_Vengeance_01,Branch - Row 2 - 1,SkillDef_PLD_P_BallisticShielding,ToolTip_PLD_P_BallisticShielding,ballistic_bulwark_4.png,/Game/uiresources/_shared/assets/ico_ui_art_passives/Forgeknight/ico_passive_paladin_ballistic_shielding.ico_passive_paladin_ballistic_shielding
255,Char_Paladin,Amon,Battleborn,为战而生,Битворожденный,Kämpferseele,[primary]Amon[/primary] gains increased [secondary]Gun Damage[/secondary] the more [secondary]Full[/secondary] his [secondary]Health[/secondary].[newline][newline]This effect is [secondary]Doubled[/secondary] while [primary]Amon[/primary] is at [secondary]Maximum Health[/secondary].,[primary]亚蒙[/primary]会根据[secondary]生命值[/secondary]的[secondary]百分比[/secondary]来提升[secondary]枪械伤害[/secondary]。[newline][newline]当[primary]亚蒙[/primary]处于[secondary]最大生命值[/secondary]时，此效果[secondary]加倍[/secondary]。,В зависимости от [secondary]полноты[/secondary] [secondary]здоровья[/secondary] [primary]Амона[/primary] его [secondary]урон от стрельбы[/secondary] повышается.[newline][newline]При [secondary]максимальном уровне здоровья[/secondary] [primary]Амона[/primary] эффект [secondary]удваивается[/secondary].,"Abhängig von seiner verbleibenden [secondary]Gesundheit[/secondary] erhält [primary]Amon[/primary] erhöhten [secondary]Schusswaffen-Schaden[/secondary].[newline][newline]Dieser Effekt wird [secondary]verdoppelt[/secondary], solange [primary]Amon[/primary] [secondary]maximale Gesundheit[/secondary] hat.",passive,35,105,143,181,219,255:Progress_PLD_Trunk_Vengeance:Trunk - Row 1 - 5,blue,Vengeance,复仇怒火,Возмездие,Rache,Progress_PLD_Trunk_Vengeance,Trunk - Row 1 - 5,,ToolTip_PLD_P_Battleborn,battleborn_4.png,/Game/uiresources/_shared/assets/ico_ui_art_passives/Forgeknight/ico_passive_paladin_battleborn.ico_passive_paladin_battleborn
255,Char_Paladin,Amon,Bellows,风箱,Кузнечные мехи,Luftzufuhr,"Whenever [primary]Amon[/primary] [secondary]Activates[/secondary] his [primary]Forgeskill[/primary], he gains increased [secondary]Gun Damage[/secondary] for a [secondary]Duration[/secondary].",当[primary]亚蒙[/primary][secondary]发动[/secondary][primary]锻造技艺[/primary]时，将在[secondary]一段时间[/secondary]内提升其[secondary]枪械伤害[/secondary]。,"Каждый раз, когда [primary]Амон[/primary] [secondary]использует[/secondary] [primary]навык Кузни[/primary], его [secondary]урон от стрельбы[/secondary] [secondary]на время[/secondary] повышается.","Wenn [primary]Amon[/primary] seinen [primary]Schmiede-Skill[/primary] [secondary]aktiviert[/secondary], erhält er [secondary]vorübergehend[/secondary] erhöhten [secondary]Schusswaffen-Schaden[/secondary].",passive,52,71,110,148,186,255:Progress_PLD_Trunk_Cybernetics:Trunk - Row 3 - 1,green,Cybernetics,神经机械,Кибернетика,Kybernetik,Progress_PLD_Trunk_Cybernetics,Trunk - Row 3 - 1,SkillDef_PLD_P_Excitable,ToolTip_PLD_P_Excitable,bellows_4.png,/Game/uiresources/_shared/assets/ico_ui_art_passives/Forgeknight/ico_passive_paladin_excitable.ico_passive_paladin_excitable
255,Char_Paladin,Amon,Berserk,狂暴,Берсерк,Berserker,"Whenever [primary]Amon[/primary] activates his [primary]Forgeskill[/primary], he becomes [primary]Berserk[/primary] for a [secondary]Duration[/secondary], gaining [secondary]Slow Immunity[/secondary], and [nowrap][cryo_icon][cryo]Bonus[/cryo][/nowrap] [cryo]Cryo Damage[/cryo] with [secondary]Gun Damage[/secondary] and [secondary]Melee Damage[/secondary].",当[primary]亚蒙[/primary]发动[primary]锻造技艺[/primary]时，其会在[secondary]一段时间[/secondary]内进入[primary]狂暴[/primary]状态，获得[secondary]缓慢免疫[/secondary]，同时其[secondary]枪械伤害[/secondary]和[secondary]近战伤害[/secondary]获得[nowrap][cryo_icon][cryo]加成[/cryo][/nowrap][cryo]冰冻伤害[/cryo]。,"Каждый раз, когда [primary]Амон[/primary] использует [primary]навык Кузни[/primary], он [secondary]на некоторое время[/secondary] становится [primary]берсерком[/primary], получая [secondary]невосприимчивость к замедлению[/secondary] и нанося [nowrap][cryo_icon][cryo]дополнительный[/cryo][/nowrap] [cryo]урон от холода[/cryo] с помощью [secondary]урона от стрельбы[/secondary] и [secondary]урона в ближнем бою[/secondary].","Immer wenn [primary]Amon[/primary] seinen [primary]Schmiede-Skill[/primary] aktiviert, wird er [secondary]vorübergehend[/secondary] zum [primary]Berserker[/primary] und erhält [secondary]Verlangsamungsimmunität[/secondary] und [nowrap][cryo_icon][cryo]Bonus-[/cryo][/nowrap][cryo]Kryo-Schaden[/cryo] mit [secondary]Schusswaffen-[/secondary] und [secondary]Nahkampfschaden[/secondary].",passive,266,329,392,455,518,255:Progress_PLD_Branch_Calamity_01:Branch - Row 1 - 1,red,Calamity,灾祸,Сокрушение,Unglück,Progress_PLD_Branch_Calamity_01,Branch - Row 1 - 1,SkillDef_PLD_P_Berserk,ToolTip_PLD_P_Berserk,berserk_4.png,/Game/uiresources/_shared/assets/ico_ui_art_passives/Forgeknight/ico_passive_paladin_berserk.ico_passive_paladin_berserk
255,Char_Paladin,Amon,Blackout,灯火管制,Блэкаут,Ausfall,"[secondary]Ordnance Damage[/secondary] has a chance to [secondary]Critically Hit[/secondary]. [newline][newline]Additionally, [secondary]Critical Hits[/secondary] from direct [secondary]Ordnance Damage[/secondary] applies [shock]Shock[/shock].",[secondary]炮械伤害[/secondary]有几率[secondary]暴击[/secondary]。[newline][newline]此外，直接[secondary]炮械伤害[/secondary]造成的[secondary]暴击[/secondary]会施加[shock]电击[/shock]。,"[secondary]Урон от снарядов[/secondary] может быть [secondary]критическим[/secondary]. [newline][newline]Кроме того, [secondary]критическое попадание[/secondary] при прямом [secondary]уроне от снарядов[/secondary] также воздействует [shock]шоком[/shock].",[secondary]Kampfmittel-Schaden[/secondary] hat eine Chance auf einen [secondary]kritischen Treffer[/secondary].[newline][newline][secondary]Kritische Treffer[/secondary] durch direkten [secondary]Kampfmittel-Schaden[/secondary] haben außerdem einen [shock]Schock[/shock]-Effekt.,passive,259,322,385,448,511,255:Progress_PLD_Branch_Vengeance_03:Branch - Row 1 - 1,blue,Vengeance,复仇怒火,Возмездие,Rache,Progress_PLD_Branch_Vengeance_03,Branch - Row 1 - 1,SkillDef_PLD_P_Flashbang,ToolTip_PLD_P_Flashbang,blackout_4.png,/Game/uiresources/_shared/assets/ico_ui_art_passives/Forgeknight/ico_passive_paladin_flashbang.ico_passive_paladin_flashbang
255,Char_Paladin,Amon,Blast Furnace,高炉,Доменная печь,Hochofen,"Whenever [primary]Amon[/primary] or his [primary]Forgedrones[/primary] [secondary]Critically Hit[/secondary] an enemy or cause a [primary]Detonation[/primary], he gains increased [secondary]Damage Dealt[/secondary] for a [secondary]Duration[/secondary]. [primary]Detonations[/primary] grant multiple Stacks.",当[primary]亚蒙[/primary]或其[primary]锻造无人机[/primary][secondary]暴击[/secondary]敌人或制造[primary]引爆[/primary]时，在[secondary]一段时间[/secondary]内提升他[secondary]造成的伤害[/secondary]。[primary]引爆[/primary]会奖励多层叠加。,"Каждый раз, когда [primary]Амон[/primary] или его [primary]дроны Кузни[/primary] совершают [secondary]критическое попадание[/secondary] во врага или [primary]детонируют[/primary], [secondary]на некоторое время[/secondary] повышается его [secondary]наносимый урон[/secondary]. [primary]Детонация[/primary] дает несколько зарядов.","Immer wenn [primary]Amon[/primary] oder seine [primary]Schmiededrohnen[/primary] [secondary]kritische Treffer landen[/secondary] oder eine [primary]Detonation[/primary] verursachen, erhöht sich [secondary]vorübergehend[/secondary] sein [secondary]erteilter Schaden[/secondary]. [primary]Detonationen[/primary] gewähren mehrere Stapel.",passive,231,294,357,420,483,255:Progress_PLD_Branch_Cybernetics_02:Branch - Row 1 - 1,green,Cybernetics,神经机械,Кибернетика,Kybernetik,Progress_PLD_Branch_Cybernetics_02,Branch - Row 1 - 1,SkillDef_PLD_P_Escalation,ToolTip_PLD_P_Escalation,blast_furnace_4.png,/Game/uiresources/_shared/assets/ico_ui_art_passives/Forgeknight/ico_passive_paladin_escalation.ico_passive_paladin_escalation
255,Char_Paladin,Amon,Bloodlust,嗜血,Жажда крови,Blutdurst,"Whenever [primary]Amon's[/primary] [secondary]Shield Breaks[/secondary], he gains [primary]Bloodlust[/primary] for a [secondary]Duration[/secondary], gaining increased [secondary]Reload Speed[/secondary] and [secondary]Lifesteal[/secondary].[newline][newline][primary]Bloodlust[/primary] is also activated on [secondary]Action Skill Activation[/secondary].",当[primary]亚蒙的[/primary][secondary]护盾破裂[/secondary]时，会在[secondary]一段时间[/secondary]内获得[primary]嗜血[/primary]，提升其[secondary]装填速度[/secondary]和[secondary]吸血[/secondary]。[newline][newline][secondary]发动主动技能[/secondary]时也会自动发动[primary]嗜血[/primary]。,"Каждый раз, когда [secondary]пробит щит[/secondary] [primary]Амона[/primary], он [secondary]на некоторое время[/secondary] обретает [primary]""Жажду крови""[/primary], получая повышенную [secondary]скорость перезарядки[/secondary] и [secondary]кражу здоровья[/secondary].[newline][newline][primary]""Жажда крови""[/primary] также начинает действовать при [secondary]запуске активного навыка[/secondary].","Immer wenn [primary]Amons[/primary] [secondary]Schild bricht[/secondary], erhält er [secondary]vorübergehend[/secondary] [primary]Blutdurst[/primary], wodurch sich seine [secondary]Nachladegeschwindigkeit[/secondary] erhöht und er [secondary]Lebensraub[/secondary] erhält.[newline][newline][primary]Blutrausch[/primary] wird auch bei der [secondary]Aktivierung von Action-Skills[/secondary] verfügbar.",passive,267,330,393,456,519,255:Progress_PLD_Branch_Calamity_01:Branch - Row 1 - 3,red,Calamity,灾祸,Сокрушение,Unglück,Progress_PLD_Branch_Calamity_01,Branch - Row 1 - 3,SkillDef_PLD_P_Bloodlust,ToolTip_PLD_P_Bloodlust,bloodlust_4.png,/Game/uiresources/_shared/assets/ico_ui_art_passives/Forgeknight/ico_passive_paladin_bloodlust.ico_passive_paladin_bloodlust
255,Char_Paladin,Amon,Bolt Action,栓动电击,Скользящий затвор,Bolzenwirkung,"Whenever [primary]Amon[/primary] [secondary]Reloads[/secondary], his [secondary]Guns[/secondary] gain [nowrap][shock_icon][shock]Bonus[/shock][/nowrap][shock] Shock Damage[/shock] for a [secondary]Duration[/secondary].",当[primary]亚蒙[/primary][secondary]装填[/secondary]时，其[secondary]枪械[/secondary]会在一段时间内获得[nowrap][shock_icon][shock]加成[/shock][/nowrap][shock]电击伤害[/shock]。,"Каждый раз, когда [primary]Амон[/primary] [secondary]перезаряжается[/secondary], его [secondary]пушки[/secondary] наносят [nowrap][shock_icon][shock]дополнительный[/shock][/nowrap][shock] урон от шока[/shock] в течение [secondary]времени действия[/secondary].","Immer wenn [primary]Amon[/primary] [secondary]nachlädt[/secondary], erhalten seine [secondary]Schusswaffen[/secondary] [nowrap][shock_icon] [secondary]vorübergehend[/secondary] [shock]Bonus[/shock][/nowrap]-[shock]Schockschaden[/shock].",passive,57,76,115,153,191,255:Progress_PLD_Trunk_Cybernetics:Trunk - Row 2 - 5,green,Cybernetics,神经机械,Кибернетика,Kybernetik,Progress_PLD_Trunk_Cybernetics,Trunk - Row 2 - 5,SkillDef_PLD_P_BoltAction,ToolTip_PLD_P_BoltAction,bolt_action_4.png,/Game/uiresources/_shared/assets/ico_ui_art_passives/Forgeknight/ico_passive_paladin_bolt_action.ico_passive_paladin_bolt_action
255,Char_Paladin,Amon,Brimming Vigor,满满活力,Энергия через край,Überfließende Kraft,[primary]Amon[/primary] gains increased [secondary]Maximum Health Capacity[/secondary] and deals increased [secondary]Melee Damage[/secondary] the more [secondary]full[/secondary] his [secondary]Health[/secondary].,提升[primary]亚蒙[/primary]的[secondary]最大生命值容量[/secondary]，同时其[secondary]生命值[/secondary]越[secondary]高[/secondary]，造成的[secondary]近战伤害[/secondary]越高。,[secondary]Максимальный уровень здоровья[/secondary] [primary]Амона[/primary] повышается. Он наносит повышенный [secondary]урон в ближнем бою[/secondary] в зависимости от [secondary]полноты[/secondary] его [secondary]запаса здоровья[/secondary].,"[primary]Amon[/primary] erhält erhöhte [secondary]maximale Gesundheitskapazität[/secondary] und verursacht erhöhten [secondary]Nahkampfschaden[/secondary], je [secondary]voller[/secondary] seine [secondary]Gesundheit[/secondary] ist.",passive,270,333,396,459,522,255:Progress_PLD_Branch_Calamity_01:Branch - Row 2 - 3,red,Calamity,灾祸,Сокрушение,Unglück,Progress_PLD_Branch_Calamity_01,Branch - Row 2 - 3,SkillDef_PLD_P_Titan,ToolTip_PLD_P_Titan,brimming_vigor_4.png,/Game/uiresources/_shared/assets/ico_ui_art_passives/Forgeknight/ico_passive_paladin_frost_titan.ico_passive_paladin_frost_titan
255,Char_Paladin,Amon,Bullet Hail,子弹冰雹,Град пуль,Kugelhagel,"[primary]Amon's[/primary][secondary]Gun Shots[/secondary] have a Chance to [secondary]Ricochet[/secondary] as an [primary]Elemental Shard[/primary], dealing [nowrap][cryo_icon][cryo]Cryo[/cryo][/nowrap][cryo] Damage[/cryo].",[primary]亚蒙的[/primary][secondary]子弹[/secondary]有几率[secondary]跳弹[/secondary]为[primary]元素碎片[/primary]，造成[nowrap][cryo_icon][cryo]冰冻[/cryo][/nowrap][cryo]伤害[/cryo]。,"У [secondary]выстрелов[/secondary] [primary]Амона[/primary] есть шанс [secondary]рикошета[/secondary] в качестве [primary]стихийного осколка[/primary], наносящего [nowrap][cryo_icon][cryo]урон[/cryo][/nowrap][cryo] от холода[/cryo].","[primary]Amons[/primary] [secondary]Schüsse[/secondary] haben eine Chance, als [primary]Elementarsplitter[/primary] [secondary]abzuprallen[/secondary] und [nowrap][cryo_icon][cryo]Kryo[/cryo][/nowrap]-[cryo]Schaden[/cryo] zu verursachen.",passive,31,101,139,177,215,255:Progress_PLD_Trunk_Vengeance:Trunk - Row 3 - 1,blue,Vengeance,复仇怒火,Возмездие,Rache,Progress_PLD_Trunk_Vengeance,Trunk - Row 3 - 1,,ToolTip_PLD_P_BulletHail,bullet_hail_4.png,/Game/uiresources/_shared/assets/ico_ui_art_passives/Forgeknight/ico_passive_paladin_bullet_hail.ico_passive_paladin_bullet_hail
255,Char_Paladin,Amon,Bullet Storm,子弹风暴,Град пуль,Kugelsturm,"Whenever [primary]Amon[/primary] applies a [secondary]Status Effect[/secondary], he gains increased [secondary]Gun Damage[/secondary] for a [secondary]Duration[/secondary].",当[primary]亚蒙[/primary]施加[secondary]状态效果[/secondary]时，在[secondary]一段时间[/secondary]内提升其[secondary]枪械伤害[/secondary]。,"Каждый раз, когда [primary]Амон[/primary] наносит [secondary]временной стихийный эффект[/secondary], его [secondary]урон от стрельбы[/secondary] [secondary]временно[/secondary] увеличивается.","Immer wenn [primary]Amon[/primary] einen [secondary]Statuseffekt[/secondary] anwendet, erhält er [secondary]vorübergehend[/secondary] erhöhten [secondary]Schusswaffen-Schaden[/secondary].",passive,43,87,126,164,202,255:Progress_PLD_Trunk_Calamity:Trunk - Row 3 - 2,red,Calamity,灾祸,Сокрушение,Unglück,Progress_PLD_Trunk_Calamity,Trunk - Row 3 - 2,,ToolTip_PLD_P_Bulletstorm,bullet_storm_4.png,/Game/uiresources/_shared/assets/ico_ui_art_passives/Forgeknight/ico_passive_paladin_bullet_storm.ico_passive_paladin_bullet_storm
255,Char_Paladin,Amon,Burning Rage,怒火燃烧,Жгучая ярость,Brennende Wut,[secondary]Kill Skill.[/secondary] Killing an enemy with [nowrap][fire_icon][fire]Incendiary[/fire][/nowrap][fire] Damage[/fire] from [secondary]Guns or Status Effects[/secondary] will grant a Stack of [fire]Flame Affinity[/fire] for a [secondary]Duration[/secondary]. [fire]Flame Affinity[/fire] Stacks grant increased [secondary]Reload Speed[/secondary] and [secondary]Action Skill Cooldown Rate[/secondary].,[secondary]杀戮技能。[/secondary]使用来自[secondary]枪械或状态效果[/secondary]的[nowrap][fire_icon][fire]燃烧[/fire][/nowrap][fire]伤害[/fire]击杀敌人，将在[secondary]一段时间[/secondary]内获得一层[fire]火焰适配性[/fire]。[fire]火焰适配性[/fire]叠加会提升[secondary]装填速度[/secondary]和[secondary]主动技能冷却速率[/secondary]。,[secondary]Навык убийства.[/secondary] Убийство врага с помощью [nowrap][fire_icon][fire]урона[/fire][/nowrap][fire] от огня[/fire] от [secondary]стрельбы или стихийных эффектов[/secondary] [secondary]на время действия[/secondary] дает заряд [fire]сродства с огнем[/fire]. Заряды [fire]сродства с огнем[/fire] увеличивают [secondary]скорость перезарядки[/secondary] и [secondary]скорость восстановления активного навыка[/secondary].,"[secondary]Kill-Skill.[/secondary] Wenn ein Feind durch [nowrap][fire_icon][fire]Brandschaden[/fire][/nowrap] von [secondary]Schusswaffen oder Statuseffekten[/secondary] stirbt, wird [secondary]vorübergehend[/secondary] ein Stapel [fire]Flammenaffinität[/fire] gewährt. Wenn [fire]Flammenaffinität[/fire] gestapelt wird, erhöhen sich die [secondary]Nachladegeschwindigkeit[/secondary] und [secondary]Action-Skill-Abklingzeit[/secondary].",passive,246,309,372,435,498,255:Progress_PLD_Branch_Vengeance_01:Branch - Row 1 - 3,blue,Vengeance,复仇怒火,Возмездие,Rache,Progress_PLD_Branch_Vengeance_01,Branch - Row 1 - 3,SkillDef_PLD_P_FlameAffinity,ToolTip_PLD_P_FlameAffinity,burning_rage_4.png,/Game/uiresources/_shared/assets/ico_ui_art_passives/Forgeknight/ico_passive_paladin_flame_affinity.ico_passive_paladin_flame_affinity
255,Char_Paladin,Amon,Burning Ramparts,焚烧壁垒,Горящий оплот,Brennende Mauern,[primary]Amon[/primary] gains increased [secondary]Fire Rate[/secondary] and [secondary]Status Effect Chance[/secondary] the more full his [secondary]Shields[/secondary].,[primary]亚蒙[/primary]的[secondary]护盾值[/secondary]越高，其[secondary]射速[/secondary]和[secondary]状态效果率[/secondary]越高。,"Чем более полны [secondary]щиты[/secondary] [primary]Амона[/primary], тем выше его [secondary]скорострельность[/secondary] и [secondary]шанс наложения временного стихийного эффекта[/secondary].","[primary]Amon[/primary] erhält erhöhte [secondary]Feuerrate[/secondary] und erhöhte [secondary]Statuseffekt-Chance[/secondary], je voller seine [secondary]Schilde[/secondary] sind.",passive,274,337,400,463,526,255:Progress_PLD_Branch_Calamity_02:Branch - Row 1 - 3,red,Calamity,灾祸,Сокрушение,Unglück,Progress_PLD_Branch_Calamity_02,Branch - Row 1 - 3,SkillDef_PLD_P_Spartan,ToolTip_PLD_P_Spartan,burning_ramparts_4.png,/Game/uiresources/_shared/assets/ico_ui_art_passives/Forgeknight/ico_passive_paladin_burning_man.ico_passive_paladin_burning_man
255,Char_Paladin,Amon,Cacophany,杂音,Какофания,Kakofonie,[primary]Amon[/primary] gains increased [secondary]Ordnance Damage[/secondary] and  [primary]Detonation Radius[/primary].,提升[primary]亚蒙[/primary]的[secondary]炮械伤害[/secondary]和[primary]引爆半径[/primary]。,[secondary]Урон от снарядов[/secondary] и [primary]радиус детонации[/primary] [primary]Амона[/primary] повышены.,[primary]Amon[/primary] erhält erhöhten [secondary]Kampfmittel-Schaden[/secondary] und einen erhöhten [primary]Detonationsradius[/primary].,passive,225,288,351,414,477,255:Progress_PLD_Branch_Cybernetics_01:Branch - Row 1 - 3,green,Cybernetics,神经机械,Кибернетика,Kybernetik,Progress_PLD_Branch_Cybernetics_01,Branch - Row 1 - 3,SkillDef_PLD_P_DetonationStation,ToolTip_PLD_P_DetonationStation,cacophony_4.png,/Game/uiresources/_shared/assets/ico_ui_art_passives/Forgeknight/ico_passive_paladin_detonation_station.ico_passive_paladin_detonation_station
255,Char_Paladin,Amon,Caroming Shard,撞击碎片,Отлетающий осколок,Abprallende Scherbe,[primary]Elemental Shard[/primary] has a Chance to [secondary]Ricochet[/secondary].,[primary]元素碎片[/primary]有几率[secondary]跳弹[/secondary]。,У [primary]стихийных осколков[/primary] есть шанс [secondary]рикошета[/secondary].,"[primary]Elementarsplitter[/primary] haben eine Chance, [secondary]abzuprallen[/secondary].",passive,257,320,383,446,509,255:Progress_PLD_Branch_Vengeance_02:Branch - Row 3 - 1,blue,Vengeance,复仇怒火,Возмездие,Rache,Progress_PLD_Branch_Vengeance_02,Branch - Row 3 - 1,SkillDef_PLD_P_ElementalEchoes,ToolTip_PLD_P_SplitEchoes,caroming_shard_4.png,/Game/uiresources/_shared/assets/ico_ui_art_passives/Forgeknight/ico_passive_paladin_split_echoes.ico_passive_paladin_split_echoes
255,Char_Paladin,Amon,Cast Iron,铸铁,Непреклонность,Gusseisen,[primary]Amon[/primary] gains increased [primary]Forgeskill Cooldown Rate[/primary] and  [secondary]Gun Handling[/secondary].,提升[primary]亚蒙[/primary]的[primary]锻造技艺冷却速率[/primary]和[secondary]枪械操控[/secondary]。,[primary]Скорость восстановления навыка Кузни[/primary] [primary]Амона[/primary] и [secondary]эргономичность его оружия[/secondary] повышены.,[primary]Amon[/primary] erhält eine erhöhte [primary]Schmiede-Skill-Abklinggeschwindigkeit[/primary] und verbesserte [secondary]Schusswaffen-Handhabung[/secondary].,passive,64,83,122,160,198,255:Progress_PLD_Trunk_Cybernetics:Trunk - Row 1 - 1,green,Cybernetics,神经机械,Кибернетика,Kybernetik,Progress_PLD_Trunk_Cybernetics,Trunk - Row 1 - 1,SkillDef_PLD_P_CastIron,ToolTip_PLD_P_CastIron,cast_iron_4.png,/Game/uiresources/_shared/assets/ico_ui_art_passives/Forgeknight/ico_passive_paladin_cast_iron.ico_passive_paladin_cast_iron
255,Char_Paladin,Amon,Catastrophe,大灾难,Катастрофа,Katastrophe,"Whenever [primary]Amon[/primary] applies [shock]Shock[/shock] to an enemy, he gains increased [secondary]Critical Hit Chance[/secondary] for a [secondary]Duration[/secondary]. [newline][newline]Whenever [primary]Amon[/primary] applies [fire]Burning[/fire] to an enemy, he gains increased [secondary]Critical Hit Damage[/secondary] for a [secondary]Duration[/secondary]. [newline][newline]Both effects stack separately.",当[primary]亚蒙[/primary]对敌人施加[shock]电击[/shock]时，在[secondary]一段时间[/secondary]内提升其[secondary]暴击率[/secondary]。[newline][newline]当[primary]亚蒙[/primary]对敌人施加[fire]焚烧[/fire]时，在[secondary]一段时间[/secondary]内提升其[secondary]暴击伤害[/secondary]。[newline][newline]两种效果可单独叠加。,"Каждый раз, когда [primary]Амон[/primary] использует против врага [shock]шок[/shock], [secondary]на время[/secondary] увеличивается его [secondary]шанс критического попадания[/secondary]. [newline][newline]Каждый раз, когда [primary]Амон[/primary] [fire]поджигает[/fire] врага, [secondary]на время[/secondary] увеличивается его [secondary]критический урон[/secondary]. [newline][newline]Оба эффекта складываются отдельно.","Immer wenn [primary]Amon[/primary] einen Feind [shock]schockt[/shock], erhält er [secondary]vorübergehend[/secondary] eine erhöhte [secondary]kritische Trefferchance[/secondary].[newline][newline]Immer wenn [primary]Amon[/primary] [fire]Brennen[/fire] auf einen Feind anwendet, erhält er [secondary]vorübergehend[/secondary] erhöhten [secondary]kritischen Trefferschaden[/secondary].[newline][newline]Beide Effekte können unabhängig voneinander bis zu 3-mal gestapelt werden.",passive,280,343,406,469,532,255:Progress_PLD_Branch_Calamity_03:Branch - Row 1 - 1,red,Calamity,灾祸,Сокрушение,Unglück,Progress_PLD_Branch_Calamity_03,Branch - Row 1 - 1,SkillDef_PLD_P_Cataclysm,ToolTip_PLD_P_Cataclysm,catastrophe_4.png,/Game/uiresources/_shared/assets/ico_ui_art_passives/Forgeknight/ico_passive_paladin_cataclysm_a.ico_passive_paladin_cataclysm_a
255,Char_Paladin,Amon,Cooling Mantle,冷却斗篷,Охлаждающая мантия,Kühlmantel,[secondary]Kill Skill.[/secondary] Partially [secondary]Restore[/secondary] [primary]Worldbreaker's[/primary] [secondary]Cooldown[/secondary].,[secondary]杀戮技能。[/secondary][secondary]恢复[/secondary]部分[primary]世界破坏者[/primary][secondary]冷却时间[/secondary]。,"[secondary]Навык убийства.[/secondary] Частично [secondary]уменьшает[/secondary] [secondary]время восстановления[/secondary] [primary]""Крушителя миров""[/primary].",[secondary]Kill-Skill.[/secondary] Teilweises [secondary]Wiederherstellen[/secondary] der  [secondary]Abklingzeit[/secondary] von [primary]Weltbrecher[/primary].,passive,251,314,377,440,503,255:Progress_PLD_Branch_Vengeance_01:Branch - Row 3 - 3,blue,Vengeance,复仇怒火,Возмездие,Rache,Progress_PLD_Branch_Vengeance_01,Branch - Row 3 - 3,SkillDef_PLD_P_Worldbreaker,ToolTip_PLD_P_Attenuation,cooling_mantle_4.png,/Game/uiresources/_shared/assets/ico_ui_art_passives/Forgeknight/ico_passive_paladin_attenuation.ico_passive_paladin_attenuation
255,Char_Paladin,Amon,Crackling Aegis,爆裂神盾,Распадающаяся эгида,Knisternde Aegis,"[primary]Amon[/primary] gains increased [secondary]Status Effect Damage[/secondary] and [secondary]Ordnance Damage[/secondary] based on his [secondary]Shields[/secondary]. The [secondary]fuller[/secondary] his [secondary]Shield[/secondary], the greater the effect.",根据[primary]亚蒙[/primary]的[secondary]护盾[/secondary]值，提升其[secondary]状态效果伤害[/secondary]和[secondary]炮械伤害[/secondary]。其[secondary]护盾[/secondary]越[secondary]满[/secondary]，效果越强。,"[primary]Амон[/primary] наносит повышенный [secondary]временной стихийный урон[/secondary] и [secondary]урон от снарядов[/secondary] в зависимости от степени заряда своих [secondary]щитов[/secondary]. Чем [secondary]более полон[/secondary] [secondary]щит[/secondary], тем сильнее эффект.","[primary]Amon[/primary] erhält erhöhten [secondary]Statuseffekt-Schaden[/secondary] und [secondary]Kampfmittel-Schaden[/secondary] basierend auf seinen [secondary]Schilden[/secondary]. Je [secondary]voller[/secondary] sein [secondary]Schild[/secondary] ist, desto stärker der Effekt.",passive,284,347,410,473,536,255:Progress_PLD_Branch_Calamity_03:Branch - Row 2 - 3,red,Calamity,灾祸,Сокрушение,Unglück,Progress_PLD_Branch_Calamity_03,Branch - Row 2 - 3,SkillDef_PLD_P_ShieldMatrix,ToolTip_PLD_P_ShieldMatrix,crackling_aegis_4.png,/Game/uiresources/_shared/assets/ico_ui_art_passives/Forgeknight/ico_passive_paladin_shield_matrix.ico_passive_paladin_shield_matrix
255,Char_Paladin,Amon,Destruction Engine,毁灭仿生体,Двигатель разрушения,Zerstörungsmaschine,[primary]Amon[/primary] gains increased [primary]Forgeskill Damage[/primary] and  [primary]Detonation Damage[/primary].,提升[primary]亚蒙[/primary]的[primary]锻造技艺伤害[/primary]和[primary]引爆伤害[/primary]。,[primary]Амон[/primary] наносит повышенный [primary]урон от навыка Кузни[/primary] и [primary]урон от детонации[/primary].,[primary]Amon[/primary] erhält erhöhten [primary]Schmiede-Skill-Schaden[/primary] und  [primary]Detonationsschaden[/primary].,passive,59,78,117,155,193,255:Progress_PLD_Trunk_Cybernetics:Trunk - Row 2 - 1,green,Cybernetics,神经机械,Кибернетика,Kybernetik,Progress_PLD_Trunk_Cybernetics,Trunk - Row 2 - 1,SkillDef_PLD_P_DestructionEngine,ToolTip_PLD_P_DestructionEngine,destruction_engine_4.png,/Game/uiresources/_shared/assets/ico_ui_art_passives/Forgeknight/ico_passive_paladin_destruction_engine.ico_passive_paladin_destruction_engine
255,Char_Paladin,Amon,Disco Infernus,迪斯科地狱火,Диско инфернус,Instant-Inferno,"Whenever [primary]Amon[/primary] applies [fire]Burning[/fire] to an enemy, he gains increased [secondary]Fire Rate[/secondary] for a [secondary]Duration[/secondary]. [newline][newline][flavor]Burn, baby, burn![/flavor]",当[primary]亚蒙[/primary]对敌人施加[fire]焚烧[/fire]时，会在[secondary]一段时间[/secondary]内提升其[secondary]射速[/secondary]。[newline][newline][flavor]烧吧，宝贝，烧吧！[/flavor],"Каждый раз, когда [primary]Амон[/primary] [fire]поджигает[/fire] врага, [secondary]на некоторое время[/secondary] его [secondary]скорострельность[/secondary] повышается.[newline][newline][flavor]Гори, детка, гори![/flavor]","Immer wenn [primary]Amon[/primary] [fire]Brennen[/fire] auf einen Feind anwendet, erhält er [secondary]vorübergehend[/secondary] eine erhöhte [secondary]Feuerrate[/secondary].[newline][newline][flavor]Brenn, Baby, brenn![/flavor]",passive,248,311,374,437,500,255:Progress_PLD_Branch_Vengeance_01:Branch - Row 2 - 2,blue,Vengeance,复仇怒火,Возмездие,Rache,Progress_PLD_Branch_Vengeance_01,Branch - Row 2 - 2,SkillDef_PLD_P_DiscoInferno,ToolTip_PLD_P_DiscoInferno,disco_infernus_4.png,/Game/uiresources/_shared/assets/ico_ui_art_passives/Forgeknight/ico_passive_paladin_disco_inferno.ico_passive_paladin_disco_inferno
255,Char_Paladin,Amon,Discombobulate,乱其方寸,Замешательство,Verwirrung,[primary]Amon[/primary] gains [secondary]Melee Critical Hit Chance[/secondary].,[primary]亚蒙[/primary]获得[secondary]近战暴击率[/secondary]。,[primary]Амон[/primary] получает [secondary]шанс критического попадания в ближнем бою[/secondary],[primary]Amon[/primary] erhält [secondary]kritische Nahkampf-Trefferchance[/secondary].,passive,48,93,131,169,207,255:Progress_PLD_Trunk_Calamity:Trunk - Row 1 - 4,red,Calamity,灾祸,Сокрушение,Unglück,Progress_PLD_Trunk_Calamity,Trunk - Row 1 - 4,,ToolTip_PLD_P_BrassKnuckles,discombobulate_4.png,/Game/uiresources/_shared/assets/ico_ui_art_passives/Forgeknight/ico_passive_paladin_brass_knuckles.ico_passive_paladin_brass_knuckles
255,Char_Paladin,Amon,Dragon's Breath,龙之吐息,Дыхание дракона,Drachenatem,"Whenever [primary]Amon[/primary] [secondary]Activates[/secondary] his [secondary]Ordnance[/secondary], his next [secondary]Gun Shot[/secondary] is [secondary]converted[/secondary] to [nowrap][fire_icon][fire]Incendiary[/fire][/nowrap] [fire]Damage[/fire], [secondary]Staggering[/secondary] damaged enemies, and gaining increased [secondary]Damage Dealt[/secondary].[newline][newline][secondary]Bosses[/secondary] cannot be [secondary]Staggered[/secondary], and [secondary]Badasses[/secondary] have a chance to be [secondary]Staggered[/secondary].",当[primary]亚蒙[/primary][secondary]启用[/secondary]其[secondary]炮械[/secondary]时，他的下一发[secondary]枪械子弹[/secondary]会[secondary]转换[/secondary]为[nowrap][fire_icon][fire]燃烧[/fire][/nowrap][fire]伤害[/fire]，使受到伤害的敌人[secondary]蹒跚[/secondary]，并提升[secondary]造成的伤害[/secondary]。[newline][newline][secondary]Boss[/secondary]敌人不可[secondary]蹒跚[/secondary]，[secondary]恶棍[/secondary]敌人有几率[secondary]蹒跚[/secondary]。,"Каждый раз, когда [primary]Амон[/primary] [secondary]задействует[/secondary] [secondary]снаряды[/secondary], его следующий [secondary]выстрел[/secondary] [secondary]переводится[/secondary] в [fire]урон[/fire] [nowrap][fire_icon][fire]от огня[/fire][/nowrap], [secondary]оглушает[/secondary] пораженных врагов и наносит увеличенный [secondary]урон[/secondary].[newline][newline][secondary]Боссов[/secondary] нельзя [secondary]оглушить[/secondary], а [secondary]безбашенные враги[/secondary] получают шанс [secondary]оглушения[/secondary].","Immer wenn [primary]Amon[/primary] seine [secondary]Kampfmittel[/secondary] [secondary]aktiviert[/secondary], wird sein nächster [secondary]Schuss[/secondary] in [nowrap][fire_icon][fire]Brandschaden[/fire][/nowrap] [secondary]umgewandelt[/secondary]. Getroffene Feinde [secondary]taumeln[/secondary] und erhöhter [secondary]Schaden[/secondary] wird verursacht.[newline][newline][secondary]Taumeln[/secondary] ist nicht auf [secondary]Bosse[/secondary] anwendbar, während [secondary]Badasses[/secondary] zum [secondary]Taumeln[/secondary] gebracht werden können.",passive,281,344,407,470,533,255:Progress_PLD_Branch_Calamity_03:Branch - Row 1 - 3,red,Calamity,灾祸,Сокрушение,Unglück,Progress_PLD_Branch_Calamity_03,Branch - Row 1 - 3,SkillDef_PLD_P_StoppingPower,ToolTip_PLD_P_StoppingPower,dragons_breath_4.png,/Game/uiresources/_shared/assets/ico_ui_art_passives/Forgeknight/ico_passive_paladin_stopping_power.ico_passive_paladin_stopping_power
255,Char_Paladin,Amon,Electrical Fire,电子火焰,Электрическое пламя,Elektrikfeuer,"Whenever [primary]Amon[/primary] [fire]Burns[/fire] an enemy, he also [shock]Shocks[/shock] them.[newline][newline]Whenever [primary]Amon[/primary] [shock]Shocks[/shock] an enemy, he also [fire]Burns[/fire] them.",当[primary]亚蒙[/primary][fire]焚烧[/fire]敌人时，也会[shock]电击[/shock]对方。[newline][newline]当[primary]亚蒙[/primary][shock]电击[/shock]敌人时，也会[fire]焚烧[/fire]对方。,"Каждый раз, когда [primary]Амон[/primary] [fire]обжигает[/fire] врага, он также бьет его [shock]шоком[/shock].[newline][newline]Каждый раз, когда [primary]Амон[/primary] бьет врага [shock]шоком[/shock], он также [fire]обжигает[/fire] его.","Immer wenn [primary]Amon[/primary] einen Feind [fire]verbrennt[/fire], [shock]schockt[/shock] er ihn auch.[newline][newline]Immer wenn [primary]Amon[/primary] einen Feind [shock]schockt[/shock], [fire]verbrennt[/fire] er ihn auch.",passive,285,348,411,474,537,255:Progress_PLD_Branch_Calamity_03:Branch - Row 3 - 1,red,Calamity,灾祸,Сокрушение,Unglück,Progress_PLD_Branch_Calamity_03,Branch - Row 3 - 1,SkillDef_PLD_P_ElectricalFire,ToolTip_PLD_P_ElectricalFire,electrical_fire_4.png,/Game/uiresources/_shared/assets/ico_ui_art_passives/Forgeknight/ico_passive_paladin_electrical_fire.ico_passive_paladin_electrical_fire
255,Char_Paladin,Amon,Endless Bombardment,无尽轰炸,Бесконечная бомбардировка,Endloses Bombardement,[secondary]Grenades[/secondary] have a Chance to [secondary]refund themselves[/secondary] on use.[newline][newline][secondary]Heavy Ordnance[/secondary] have a Chance to [secondary]refund 1 Ammo[/secondary] on damaging enemies.,使用[secondary]手雷[/secondary]时有几率[secondary]自行返还[/secondary]。[newline][newline][secondary]重型炮械[/secondary]对敌人造成伤害时有几率[secondary]返还1弹药[/secondary]。,У [secondary]гранаты[/secondary] есть шанс [secondary]возврата[/secondary] при использовании.[newline][newline]При нанесении урона врагам [secondary]из тяжелого вооружения[/secondary] есть шанс [secondary]восполнить 1 боеприпас[/secondary].,"[secondary]Granaten[/secondary] haben eine Chance, sich bei Verwendung [secondary]selbst zu regenerieren[/secondary].[newline][newline][secondary]Schwere Kampfmittel[/secondary] haben eine Chance, [secondary]1 Munition zurückzuerstatten[/secondary], wenn sie Feinden Schaden zufügen.",passive,227,290,353,416,479,255:Progress_PLD_Branch_Cybernetics_01:Branch - Row 2 - 2,green,Cybernetics,神经机械,Кибернетика,Kybernetik,Progress_PLD_Branch_Cybernetics_01,Branch - Row 2 - 2,SkillDef_PLD_P_Engineering,ToolTip_PLD_P_Engineering,endless_bombardment_4.png,/Game/uiresources/_shared/assets/ico_ui_art_passives/Forgeknight/ico_passive_paladin_engineering.ico_passive_paladin_engineering
255,Char_Paladin,Amon,Escalation,逐步上升,Эскалация,Eskalation,[primary]Forgedrones[/primary] gain increased [secondary]Attack Speed[/secondary] and [secondary]Movement Speed[/secondary].,提升[primary]锻造无人机[/primary]的[secondary]攻击速度[/secondary]和[secondary]移动速度[/secondary]。,[secondary]Скорость атаки[/secondary] и [secondary]скорость перемещения[/secondary] [primary]дронов Кузни[/primary] повышена.,[primary]Schmiededrohnen[/primary] erhalten erhöhte [secondary]Angriffsgeschwindigkeit[/secondary] und [secondary]Bewegungsgeschwindigkeit[/secondary],passive,235,298,361,424,487,255:Progress_PLD_Branch_Cybernetics_02:Branch - Row 2 - 3,green,Cybernetics,神经机械,Кибернетика,Kybernetik,Progress_PLD_Branch_Cybernetics_02,Branch - Row 2 - 3,SkillDef_PLD_P_QuickenedWeapons,ToolTip_PLD_P_QuickenedWeapons,escalation_4.png,/Game/uiresources/_shared/assets/ico_ui_art_passives/Forgeknight/ico_passive_paladin_quickened_weapons.ico_passive_paladin_quickened_weapons
255,Char_Paladin,Amon,Eternal,永恒,Вечность,Unaufhörlich,[primary]Amon[/primary] gains increased [secondary]Action Skill Duration[/secondary] and [secondary]Gun Swap Speed[/secondary].,提升[primary]亚蒙[/primary]的[secondary]主动技能持续时间[/secondary]和[secondary]枪械切换速度[/secondary]。,[secondary]Время действия активного навыка[/secondary] и [secondary]скорость смены стрелкового оружия[/secondary] [primary]Амона[/primary] увеличиваются.,[primary]Amon[/primary] erhält eine erhöhte [secondary]Action-Skill-Dauer[/secondary] und [secondary]Waffenwechsel-Geschwindigkeit[/secondary].,passive,34,104,142,180,218,255:Progress_PLD_Trunk_Vengeance:Trunk - Row 2 - 1,blue,Vengeance,复仇怒火,Возмездие,Rache,Progress_PLD_Trunk_Vengeance,Trunk - Row 2 - 1,,ToolTip_PLD_P_Perpetual,eternal_4.png,/Game/uiresources/_shared/assets/ico_ui_art_passives/Forgeknight/ico_passive_paladin_perpetual.ico_passive_paladin_perpetual
255,Char_Paladin,Amon,Executioner,刽子手,Палач,Henker,[primary]Amon[/primary] gains increased [secondary]Critical Hit Damage[/secondary].[newline][newline]The effect is [secondary]doubled[/secondary] for a [secondary]Duration[/secondary] after dealing [secondary]Melee Damage[/secondary].,提升[primary]亚蒙[/primary]的[secondary]暴击伤害[/secondary]。[newline][newline]造成[secondary]近战伤害[/secondary]后，在[secondary]一段时间[/secondary]内此效果[secondary]加倍[/secondary]。,[secondary]Критический урон[/secondary] [primary]Амона[/primary] повышается.[newline][newline]Эффект [secondary]на время[/secondary] [secondary]удваивается[/secondary] после нанесения [secondary]урона в ближнем бою[/secondary].,[primary]Amon[/primary] erhält erhöhten [secondary]kritischen Trefferschaden[/secondary].[newline][newline]Dieser Effekt [secondary]verdoppelt[/secondary] sich nach dem Zufügen von [secondary]Nahkampfschaden[/secondary] [secondary]vorübergehend[/secondary].,passive,61,80,119,157,195,255:Progress_PLD_Trunk_Cybernetics:Trunk - Row 1 - 4,green,Cybernetics,神经机械,Кибернетика,Kybernetik,Progress_PLD_Trunk_Cybernetics,Trunk - Row 1 - 4,SkillDef_PLD_P_WeaponMaster,ToolTip_PLD_P_WeaponMaster,executioner_4.png,/Game/uiresources/_shared/assets/ico_ui_art_passives/Forgeknight/ico_passive_paladin_weapon_master.ico_passive_paladin_weapon_master
255,Char_Paladin,Amon,Fists of Stone,岩石拳头,Каменные кулаки,Steinfäuste,"Whenever [primary]Amon[/primary] deals [secondary]Melee Damage[/secondary], [secondary]Restore[/secondary] a percentage of [primary]Forgeskill Cooldown[/primary].[newline][newline][secondary]Melee Attacks[/secondary] [secondary]Double[/secondary] this effect.",当[primary]亚蒙[/primary]造成[secondary]近战伤害[/secondary]时，[secondary]恢复[/secondary]一定比例的[primary]锻造技艺冷却时间[/primary]。[newline][newline][secondary]近战攻击[/secondary]将[secondary]加倍[/secondary]此效果。,"Каждый раз, когда [primary]Амон[/primary] наносит [secondary]урон в ближнем бою[/secondary], [primary]время восстановления навыка Кузни[/primary] частично [secondary]уменьшается[/secondary].[newline][newline][secondary]Атаки в ближнем бою[/secondary] [secondary]удваивают[/secondary] этот эффект.","Immer wenn [primary]Amon[/primary] [secondary]Nahkampfschaden[/secondary] verursacht, wird ein Teil der [primary]Schmiede-Skill-Abklinggeschwindigkeit[/primary] [secondary]wiederhergestellt[/secondary].[newline][newline][secondary]Nahkampfangriffe[/secondary] [secondary]verdoppeln[/secondary] diesen Effekt.",passive,283,346,409,472,535,255:Progress_PLD_Branch_Calamity_03:Branch - Row 2 - 2,red,Calamity,灾祸,Сокрушение,Unglück,Progress_PLD_Branch_Calamity_03,Branch - Row 2 - 2,SkillDef_PLD_P_Thunderclap,ToolTip_PLD_P_ThunderClap,fists_of_stone_4.png,/Game/uiresources/_shared/assets/ico_ui_art_passives/Forgeknight/ico_passive_paladin_thunderclap.ico_passive_paladin_thunderclap
255,Char_Paladin,Amon,Forged In Steel,钢铁锻造,Закаленная сталь,Stahlgeschmiedet,[primary]Amon[/primary] becomes [secondary]immune to all Damage[/secondary] for a brief [secondary]Duration[/secondary] whenever he activates a [primary]Forgeskill[/primary].,[primary]亚蒙[/primary]发动[primary]锻造技艺[/primary]后，会[secondary]短暂[/secondary][secondary]免疫所有伤害[/secondary]。,"Каждый раз, когда [primary]Амон[/primary] активирует [primary]навык Кузни[/primary], он на [secondary]короткое время[/secondary] получает [secondary]невосприимчивость ко всему урону[/secondary].","Wenn [primary]Amon[/primary] einen [primary]Schmiede-Skill[/primary] aktiviert, wird er [secondary]vorübergehend[/secondary] [secondary]immun gegen Schaden aller Art[/secondary].",passive,44,88,127,165,203,255:Progress_PLD_Trunk_Calamity:Trunk - Row 3 - 1,red,Calamity,灾祸,Сокрушение,Unglück,Progress_PLD_Trunk_Calamity,Trunk - Row 3 - 1,,ToolTip_PLD_P_ForgedInSteel,forged_in_steel_4.png,/Game/uiresources/_shared/assets/ico_ui_art_passives/Forgeknight/ico_passive_paladin_forged_in_steel.ico_passive_paladin_forged_in_steel
255,Char_Paladin,Amon,Freezer Burn,冻结烧伤,Обморожение,Gefrierbrand,Dealing [nowrap][fire_icon][fire]Incendiary[/fire][/nowrap] [fire]Damage[/fire] with [secondary]Guns[/secondary] increases [nowrap][cryo_icon][cryo]Cryo[/cryo][/nowrap] [cryo]Damage[/cryo] for a [secondary]Duration[/secondary].[newline][newline]Dealing [nowrap][cryo_icon][cryo]Cryo[/cryo][/nowrap] [cryo]Damage[/cryo] with [secondary]Guns[/secondary] increases [nowrap][fire_icon][fire]Incendiary[/fire][/nowrap] [fire]Damage[/fire] for a [secondary]Duration[/secondary].,使用[secondary]枪械[/secondary]造成[nowrap][fire_icon][fire]燃烧[/fire][/nowrap][fire]伤害[/fire]时，在[secondary]一段时间[/secondary]内提升[nowrap][cryo_icon][cryo]冰冻[/cryo][/nowrap][cryo]伤害[/cryo]。[newline][newline]使用[secondary]枪械[/secondary]造成[nowrap][cryo_icon][cryo]冰冻[/cryo][/nowrap][cryo]伤害[/cryo]时，在[secondary]一段时间[/secondary]内提升[nowrap][fire_icon][fire]燃烧[/fire][/nowrap][fire]伤害[/fire]。,При нанесении [nowrap][fire_icon][fire]урона от огня[/fire][/nowrap] из [secondary]пушек[/secondary] на [secondary]некоторое время[/secondary] увеличивается [nowrap][cryo_icon][cryo]урон от холода[/cryo][/nowrap].[newline][newline]При нанесении [nowrap][cryo_icon][cryo]урона от холода[/cryo][/nowrap] из [secondary]пушек[/secondary] на [secondary]некоторое время[/secondary] увеличивается [nowrap][fire_icon][fire]урон от огня[/fire][/nowrap].,Durch [secondary]Schusswaffen[/secondary] verursachter [nowrap][fire_icon][fire]Brandschaden[/fire][/nowrap] erhöht [secondary]vorübergehend[/secondary] den [nowrap][cryo_icon][cryo]Kryo[/cryo][/nowrap]-[cryo]Schaden[/cryo].[newline][newline]Durch [secondary]Schusswaffen[/secondary] verursachter [nowrap][cryo_icon][cryo]Kryo[/cryo][/nowrap]-[cryo]Schaden[/cryo] erhöht [secondary]vorübergehend[/secondary] den [nowrap][fire_icon][fire]Brandschaden[/fire][/nowrap].,passive,241,304,367,430,493,255:Progress_PLD_Branch_Cybernetics_03:Branch - Row 2 - 2,green,Cybernetics,神经机械,Кибернетика,Kybernetik,Progress_PLD_Branch_Cybernetics_03,Branch - Row 2 - 2,SkillDef_PLD_P_HeatExchange,ToolTip_PLD_P_HeatExchange,freezer_burn_4.png,/Game/uiresources/_shared/assets/ico_ui_art_passives/Forgeknight/ico_passive_paladin_heat_exchange_a.ico_passive_paladin_heat_exchange_a
255,Char_Paladin,Amon,Gathering Storm,暴风前夕,Тучи сгущаются,Aufziehender Sturm,[secondary]Kill Skill.[/secondary][primary]Amon[/primary] deals increased [nowrap][elemental_icon][secondary]Elemental[/secondary][/nowrap][secondary] Damage[/secondary] for a [secondary]Duration[/secondary].,[secondary]杀戮技能。[/secondary]在[secondary]一段时间[/secondary]内提升[primary]亚蒙[/primary]造成的[nowrap][elemental_icon][secondary]元素[/secondary][/nowrap][secondary]伤害[/secondary]。,[secondary]Навык убийства.[/secondary] [nowrap][elemental_icon][secondary]Стихийный[/secondary][/nowrap][secondary] урон[/secondary] [primary]Амона[/primary] повышается на [secondary]время действия[/secondary].,[secondary]Kill-Skill.[/secondary][primary]Amon[/primary] verursacht [secondary]vorübergehend[/secondary] erhöhten [nowrap][elemental_icon][elemental]Elementarschaden[/elemental][/nowrap].,passive,63,82,121,159,197,255:Progress_PLD_Trunk_Cybernetics:Trunk - Row 1 - 2,green,Cybernetics,神经机械,Кибернетика,Kybernetik,Progress_PLD_Trunk_Cybernetics,Trunk - Row 1 - 2,SkillDef_PLD_P_BuildingStorm,ToolTip_PLD_P_BuildingStorm,gathering_storm_4.png,/Game/uiresources/_shared/assets/ico_ui_art_passives/Forgeknight/ico_passive_paladin_building_storm.ico_passive_paladin_building_storm
255,Char_Paladin,Amon,Gut Punch,一拳击腹,Удар под дых,Magenschlag,"[secondary]Melee Damage[/secondary] and [secondary]Ordnance Damage[/secondary] have a chance to apply [primary]Weakness[/primary] to enemies for a [secondary]Duration[/secondary].[newline][newline] [primary]Weakened[/primary] enemies deal reduced [secondary]Damage[/secondary], and take increased [secondary]Damage[/secondary].[newline][newline][primary]Weakness[/primary] is affected by [secondary]Status Effect Duration[/secondary], and is itself considered a [secondary]Status Effect[/secondary].",[secondary]近战伤害[/secondary]和[secondary]炮械伤害[/secondary]有几率在[secondary]一段时间[/secondary]内对敌人施加[primary]弱点[/primary]。[newline][newline][primary]虚弱的[/primary]敌人造成的[secondary]伤害[/secondary]降低并会受到更高[secondary]伤害[/secondary]。[newline][newline][primary]弱点[/primary]受[secondary]状态效果持续时间[/secondary]影响，并被视为[secondary]状态效果[/secondary]。,При нанесении [secondary]урона в ближнем бою[/secondary] и [secondary]урона от снарядов[/secondary] есть шанс наложения [primary]слабости[/primary] на врагов [secondary]на некоторое время[/secondary]. [newline][newline] [primary]Ослабленные[/primary] враги наносят пониженный [secondary]урон[/secondary] и получают больше [secondary]урона[/secondary].[newline][newline][primary]Слабость[/primary] зависит от [secondary]длительности временного стихийного эффекта[/secondary] и сама по себе считается [secondary]временным стихийным эффектом[/secondary].,"[secondary]Nahkampfschaden[/secondary] und [secondary]Kampfmittel-Schaden[/secondary] haben die Chance, Feinde [secondary]vorübergehend[/secondary] zu [primary]schwächen[/primary].[newline][newline][primary]Geschwächte[/primary] Feinde verursachen reduzierten [secondary]Schaden[/secondary] und erleiden erhöhten [secondary]Schaden[/secondary].[newline][newline][primary]Schwäche[/primary] wird von [secondary]Statuseffekt-Dauer[/secondary] beeinflusst und selbst als [secondary]Statuseffekt[/secondary] betrachtet.",passive,28,18,17,16,19,255:Progress_PLD_Trunk_Calamity:Trunk - Row 2 - 3,red,Calamity,灾祸,Сокрушение,Unglück,Progress_PLD_Trunk_Calamity,Trunk - Row 2 - 3,,ToolTip_PLD_P_WeakeningBlast,gut_punch_4.png,/Game/uiresources/_shared/assets/ico_ui_art_passives/Forgeknight/ico_passive_paladin_weakening_blast.ico_passive_paladin_weakening_blast
255,Char_Paladin,Amon,Harbinger,先兆,ПРЕДТЕЧА,,[secondary]Kill Skill.[/secondary][primary]Amon[/primary] gains increased [secondary]Melee Damage[/secondary] and [secondary]Maximum Shield Capacity[/secondary] for a [secondary]Duration[/secondary].,[secondary]杀戮技能。[/secondary]在[secondary]一段时间[/secondary]内提升[primary]亚蒙[/primary]的[secondary]近战伤害[/secondary]和[secondary]最大护盾容量[/secondary]。,[secondary]Навык убийства.[/secondary] [secondary]Урон в ближнем бою[/secondary] и [secondary]максимальная емкость щита[/secondary] [primary]Амона[/primary] [secondary]на некоторое время[/secondary] увеличиваются.,[secondary]Kill-Skill.[/secondary][primary]Amon[/primary] erhält [secondary]vorübergehend[/secondary] erhöhten [secondary]Nahkampfschaden[/secondary] und [secondary]maximale Schildkapazität[/secondary].,passive,275,338,401,464,527,255:Progress_PLD_Branch_Calamity_02:Branch - Row 2 - 1,red,Calamity,灾祸,Сокрушение,Unglück,Progress_PLD_Branch_Calamity_02,Branch - Row 2 - 1,SkillDef_PLD_P_Harbinger,ToolTip_PLD_P_Harbinger,harbinger_4.png,/Game/uiresources/_shared/assets/ico_ui_art_passives/Forgeknight/ico_passive_paladin_harbinger.ico_passive_paladin_harbinger
255,Char_Paladin,Amon,Heavy Plate,重型板甲,Тяжелые латы,Schwere Panzerung,[primary]Amon[/primary] gains increased [secondary]Maximum Shield Capacity[/secondary] and [secondary]Maximum Overshield Capacity[/secondary].,提升[primary]亚蒙[/primary]的[secondary]最大护盾容量[/secondary]和[secondary]最大超强护盾容量[/secondary]。,Повышается [secondary]максимальная емкость щита[/secondary] и [secondary]максимальная емкость суперщита[/secondary] [primary]Амона[/primary].,[primary]Amon[/primary] erhält eine erhöhte [secondary]maximale Schildkapazität[/secondary] und [secondary]maximale Überschild-Kapazität[/secondary].,passive,47,92,130,168,206,255:Progress_PLD_Trunk_Calamity:Trunk - Row 1 - 5,red,Calamity,灾祸,Сокрушение,Unglück,Progress_PLD_Trunk_Calamity,Trunk - Row 1 - 5,,ToolTip_PLD_P_ArmoredPlating,heavy_plate_4.png,/Game/uiresources/_shared/assets/ico_ui_art_passives/Forgeknight/ico_passive_paladin_armored_plating.ico_passive_paladin_armored_plating
255,Char_Paladin,Amon,Herald's Call,赫拉德的召唤,Зов герольда,Ruf des Herolds,[primary]Amon[/primary] gains increased [nowrap][shock_icon][shock]Shock[/shock][/nowrap][shock]Damage[/shock].,提升[primary]亚蒙[/primary]的[nowrap][shock_icon][shock]电击[/shock][/nowrap][shock]伤害[/shock]。,[primary]Амон[/primary] наносит повышенный [nowrap][shock_icon][shock]урон[/shock][/nowrap] [shock]от шока[/shock].,[primary]Amon[/primary] erhält erhöhten[nowrap][shock_icon][shock]Schockschaden[/shock][/nowrap].,passive,56,75,114,152,190,255:Progress_PLD_Trunk_Cybernetics:Trunk - Row 3 - 5,green,Cybernetics,神经机械,Кибернетика,Kybernetik,Progress_PLD_Trunk_Cybernetics,Trunk - Row 3 - 5,SkillDef_PLD_P_StormsHerald,ToolTip_PLD_P_StormsHerald,heralds_call_4.png,/Game/uiresources/_shared/assets/ico_ui_art_passives/Forgeknight/ico_passive_paladin_heralds_call.ico_passive_paladin_heralds_call
255,Char_Paladin,Amon,High Voltage,超高电压,Высокое напряжение,Hochspannung,"[primary]Elemental Bolts[/primary] now [secondary]Stagger[/secondary] enemies, and [secondary]consume[/secondary] an additional Stack of [shock]Shock Affinity[/shock] to [secondary]Multiply Damage Dealt[/secondary].[newline][newline][secondary]Bosses[/secondary] cannot be [secondary]Staggered[/secondary], and [secondary]Badasses[/secondary] have a reduced Chance to be [secondary]Staggered[/secondary].[newline][newline][flavor]Danger, danger![/flavor]",[primary]元素霹雳[/primary]现在会使敌人[secondary]蹒跚[/secondary]，并[secondary]消耗[/secondary]额外一层[shock]电击适配性[/shock]使[secondary]造成的伤害倍增[/secondary]。[newline][newline][secondary]Boss[/secondary]敌人不可[secondary]蹒跚[/secondary]，[secondary]恶棍[/secondary]敌人[secondary]蹒跚[/secondary]几率降低。[newline][newline][flavor]危险，危险！[/flavor],"[primary]Стихийные стрелы[/primary] теперь [secondary]оглушают[/secondary] врагов, при этом для [secondary]умножения нанесенного урона[/secondary] [secondary]тратится[/secondary] дополнительный заряд [shock]сродства с шоком[/shock].[newline][newline][secondary]Боссов[/secondary] нельзя [secondary]оглушить[/secondary], а [secondary]безбашенные[/secondary] враги имеют сниженную шанс [secondary]оглушения[/secondary].[newline][newline][flavor]Опасность, опасность![/flavor]","[primary]Elementarblitze[/primary] bringen getroffene Feinde zum [secondary]Taumeln[/secondary] und [secondary]verbrauchen[/secondary] einen zusätzlichen Stapel [shock]Schockaffinität[/shock], um [secondary]erhöhten Schaden zu verursachen[/secondary].[newline][newline][secondary]Bosse[/secondary] können nicht zum [secondary]Taumeln[/secondary] gebracht werden und [secondary]Badasses[/secondary] haben eine geringere Chance zu [secondary]taumeln[/secondary].[newline][newline][flavor]Achtung, Achtung![/flavor]",passive,265,328,391,454,517,255:Progress_PLD_Branch_Vengeance_03:Branch - Row 3 - 3,blue,Vengeance,复仇怒火,Возмездие,Rache,Progress_PLD_Branch_Vengeance_03,Branch - Row 3 - 3,SkillDef_PLD_P_ElementalBolt,ToolTip_PLD_P_HighVoltage,high_voltage_4.png,/Game/uiresources/_shared/assets/ico_ui_art_passives/Forgeknight/ico_passive_paladin_high_voltage.ico_passive_paladin_high_voltage
255,Char_Paladin,Amon,Honed Point,磨砺尖端,Заточенное острие,Geschliffene Spitze,"[primary]Forgedrones[/primary] have a Chance to [secondary]Critically Hit[/secondary].[newline][newline]Whenever a [primary]Forgedrone[/primary] [secondary]Critically Hits[/secondary], they partially restore [primary]Amon's[/primary][secondary]Action Skill Cooldown[/secondary].",[primary]锻造无人机[/primary]有几率[secondary]暴击[/secondary]。[newline][newline]当[primary]锻造无人机[/primary][secondary]暴击[/secondary]时，会恢复[primary]亚蒙的[/primary]部分[secondary]主动技能冷却时间[/secondary]。,"[primary]Дроны Кузни[/primary] имеют шанс [secondary]критического попадания[/secondary].[newline][newline]Каждый раз, когда [primary]дрон Кузни[/primary] производит [secondary]критическое попадание[/secondary], он частично сокращает [secondary]время восстановления активного навыка[/secondary] [primary]Амона[/primary].","[primary]Schmiededrohnen[/primary] haben eine Chance, [secondary]kritische Treffer zu erzielen[/secondary].[newline][newline]Immer wenn eine [primary]Schmiededrohne[/primary] einen [secondary]kritischen Treffer landet[/secondary], stellt sie [primary]Amons[/primary] [secondary]Action-Skill-Abklinggeschwindigkeit[/secondary] teilweise wieder her.",passive,237,300,363,426,489,255:Progress_PLD_Branch_Cybernetics_02:Branch - Row 3 - 3,green,Cybernetics,神经机械,Кибернетика,Kybernetik,Progress_PLD_Branch_Cybernetics_02,Branch - Row 3 - 3,SkillDef_PLD_P_SharpendWeapons,ToolTip_PLD_P_SharpendWeapons,honed_point_4.png,/Game/uiresources/_shared/assets/ico_ui_art_passives/Forgeknight/ico_passive_paladin_sharpened_weapons.ico_passive_paladin_sharpened_weapons
255,Char_Paladin,Amon,Icy Rage,寒冰暴怒,Ледяная ярость,Eisige Wut,[secondary]Kill Skill.[/secondary] Killing an enemy with [nowrap][cryo_icon][cryo]Cryo[/cryo][/nowrap][cryo] Damage[/cryo] from [secondary]Guns or Status Effects[/secondary] will grant a Stack of [cryo]Cryo Affinity[/cryo] for a [secondary]Duration[/secondary]. [cryo]Cryo Affinity[/cryo] Stacks grant increased [secondary]Gun Damage[/secondary].,[secondary]杀戮技能。[/secondary]使用来自[secondary]枪械或状态效果[/secondary]的[nowrap][cryo_icon][cryo]冰冻[/cryo][/nowrap][cryo]伤害[/cryo]击杀敌人时，将在[secondary]一段时间[/secondary]内获得一层[cryo]冰冻适配性[/cryo]。[cryo]冰冻适配性[/cryo]叠加会提升[secondary]枪械伤害[/secondary]。,[secondary]Навык убийства.[/secondary] Убийство врага с помощью [nowrap][cryo_icon][cryo]урона[/cryo][/nowrap] [cryo]от холода[/cryo] от [secondary]стрельбы или стихийных эффектов[/secondary] [secondary]на время действия[/secondary] дает заряд [cryo]сродства с холодом[/cryo]. Заряды [cryo]сродства с холодом[/cryo] увеличивают [secondary]урон от стрельбы[/secondary].,[secondary]Kill-Skill.[/secondary] Ein durch [nowrap][cryo_icon][cryo]Kryo[/cryo][/nowrap]-[cryo]Schaden[/cryo] von [secondary]Schusswaffen oder Statuseffekten[/secondary] getöteter Feind gewährt [secondary]vorübergehend[/secondary] einen Stapel [cryo]Kryo-Affinität[/cryo]. Gestapelte [cryo]Kryo-Affinität[/cryo] gewährt erhöhten [secondary]Waffenschaden[/secondary].,passive,252,315,378,441,504,255:Progress_PLD_Branch_Vengeance_02:Branch - Row 1 - 1,blue,Vengeance,复仇怒火,Возмездие,Rache,Progress_PLD_Branch_Vengeance_02,Branch - Row 1 - 1,SkillDef_PLD_P_CryoAffinity,ToolTip_PLD_P_CryoAffinity,icy_rage_4.png,/Game/uiresources/_shared/assets/ico_ui_art_passives/Forgeknight/ico_passive_paladin_cryo_affinity.ico_passive_paladin_cryo_affinity
255,Char_Paladin,Amon,Impetus,推动力,Стимул,Impuls,[secondary]Kill Skill.[/secondary][primary]Amon[/primary] gains increased [secondary]Shield Regeneration Rate[/secondary] and [secondary]Movement Speed[/secondary] for a [secondary]Duration[/secondary].,[secondary]杀戮技能。[/secondary]在[secondary]一段时间[/secondary]内提升[primary]亚蒙[/primary]的[secondary]护盾恢复速率[/secondary]和[secondary]移动速度[/secondary]。,[secondary]Навык убийства.[/secondary] [secondary]Скорость подзарядки щита[/secondary] и [secondary]скорость перемещения[/secondary] [primary]Амона[/primary] [secondary]на некоторое время[/secondary] увеличиваются.,[secondary]Kill-Skill.[/secondary][primary]Amon[/primary] erhält [secondary]vorübergehend[/secondary] eine erhöhte [secondary]Schildregenerationsrate[/secondary] und [secondary]Bewegungsgeschwindigkeit[/secondary].,passive,51,96,134,172,210,255:Progress_PLD_Trunk_Calamity:Trunk - Row 1 - 1,red,Calamity,灾祸,Сокрушение,Unglück,Progress_PLD_Trunk_Calamity,Trunk - Row 1 - 1,,ToolTip_PLD_P_AdaptiveCharge,impetus_4.png,/Game/uiresources/_shared/assets/ico_ui_art_passives/Forgeknight/ico_passive_paladin_adaptive_charge.ico_passive_paladin_adaptive_charge
255,Char_Paladin,Amon,Into The Fray,投入战斗,В горячке битвы,Ins Getümmel,"[primary]Amon[/primary] gains increased [secondary]Damage Dealt[/secondary] and [secondary]Damage Reduction[/secondary] based on his distance from the enemy.[newline][newline]The closer the enemy, the greater the bonus.",[primary]亚蒙[/primary]将根据与敌人的距离提升[secondary]造成的伤害[/secondary]和[secondary]伤害减免[/secondary]。[newline][newline]敌人越近，加成越高。,"[secondary]Наносимый урон[/secondary] и [secondary]уменьшение урона[/secondary] [primary]Амона[/primary] повышается в зависимости от расстояния от него до врага.[newline][newline]Чем ближе враг, тем сильнее эффект.","[primary]Amon[/primary] erhält basierend auf der Entfernung zum Feind erhöhten [secondary]verursachten Schaden[/secondary] und erhöhte [secondary]Schadensreduktion[/secondary].[newline][newline]Je näher der Feind, desto höher der Bonus.",passive,273,336,399,462,525,255:Progress_PLD_Branch_Calamity_02:Branch - Row 1 - 1,red,Calamity,灾祸,Сокрушение,Unglück,Progress_PLD_Branch_Calamity_02,Branch - Row 1 - 1,SkillDef_PLD_P_IntoTheFray,ToolTip_PLD_P_IntoTheFray,into_the_fray_4.png,/Game/uiresources/_shared/assets/ico_ui_art_passives/Forgeknight/ico_passive_paladin_into_the_fray.ico_passive_paladin_into_the_fray
255,Char_Paladin,Amon,Judgement,审判,Правосудие,Urteil,[primary]Amon[/primary] deals increased [secondary]Melee Damage[/secondary] to enemies [secondary]below 50% total HP[/secondary].,[primary]亚蒙[/primary]对[secondary]总生命值低于50%[/secondary]的敌人造成更高[secondary]近战伤害[/secondary]。,"[primary]Амон[/primary] наносит повышенный [secondary]урон в ближнем бою[/secondary] врагам, у которых [secondary]менее 50% запаса ОЗ[/secondary].",[primary]Amon[/primary] verursacht erhöhten [secondary]Nahkampfschaden[/secondary] bei Feinden [secondary]unter 50% TP[/secondary].,passive,282,345,408,471,534,255:Progress_PLD_Branch_Calamity_03:Branch - Row 2 - 1,red,Calamity,灾祸,Сокрушение,Unglück,Progress_PLD_Branch_Calamity_03,Branch - Row 2 - 1,SkillDef_PLD_P_Judgement,ToolTip_PLD_P_Judgement,judgment_4.png,/Game/uiresources/_shared/assets/ico_ui_art_passives/Forgeknight/ico_passive_paladin_judgement.ico_passive_paladin_judgement
255,Char_Paladin,Amon,Lightning Rod,避雷针,Громоотвод,Blitzableiter,"[primary]Amon's[/primary] [secondary]Gun Shots[/secondary] have a Chance on [secondary]Critical Hit[/secondary] to spawn an [primary]Elemental Bolt[/primary], dealing [nowrap][shock_icon][shock]Shock[/shock][/nowrap][shock]Damage[/shock].",[primary]亚蒙的[/primary][secondary]枪械子弹[/secondary]有几率在[secondary]暴击[/secondary]时生成[primary]元素霹雳[/primary]，造成[nowrap][shock_icon][shock]电击[/shock][/nowrap][shock]伤害[/shock]。,"[secondary]Выстрелы[/secondary] [primary]Амона[/primary] при [secondary]критическом попадании[/secondary] получают шанс создать [primary]стихийную стрелу[/primary], которая наносит [nowrap][shock_icon][shock]урон[/shock][/nowrap][shock] от шока[/shock].","[primary]Amons[/primary] [secondary]Schüsse[/secondary] haben eine Chance, bei einem [secondary]kritischen Treffer[/secondary] einen [primary]Elementarblitz[/primary] zu erzeugen, der [nowrap][shock_icon][shock]Schockschaden[/shock][/nowrap] verursacht.",passive,234,297,360,423,486,255:Progress_PLD_Branch_Cybernetics_02:Branch - Row 2 - 2,green,Cybernetics,神经机械,Кибернетика,Kybernetik,Progress_PLD_Branch_Cybernetics_02,Branch - Row 2 - 2,SkillDef_PLD_P_LightningRod,ToolTip_PLD_P_LightningRod,lightning_rod_4.png,/Game/uiresources/_shared/assets/ico_ui_art_passives/Forgeknight/ico_passive_paladin_lightning_rod.ico_passive_paladin_lightning_rod
255,Char_Paladin,Amon,Machinist,机械师,Инженер,Maschinist,[secondary]Kill Skill.[/secondary] [primary]Amon[/primary] [secondary]Restores[/secondary] a percentage of [secondary]Ordnance Cooldown[/secondary].,[secondary]杀戮技能。[/secondary][primary]亚蒙[/primary][secondary]恢复[/secondary]一定比例的[secondary]炮械冷却时间[/secondary]。,[secondary]Навык убийства.[/secondary] [primary]Амон[/primary] восстанавливает часть [secondary]времени восстановления снарядов[/secondary].,[secondary]Kill-Skill.[/secondary] [primary]Amon[/primary] [secondary]stellt[/secondary] einen prozentualen Anteil [secondary]Kampfmittel-Abklingzeit[/secondary] [secondary]wieder her[/secondary].,passive,27,100,138,176,214,255:Progress_PLD_Trunk_Vengeance:Trunk - Row 3 - 2,blue,Vengeance,复仇怒火,Возмездие,Rache,Progress_PLD_Trunk_Vengeance,Trunk - Row 3 - 2,,ToolTip_PLD_P_Machinist,machinist_4.png,/Game/uiresources/_shared/assets/ico_ui_art_passives/Forgeknight/ico_passive_paladin_machinist.ico_passive_paladin_machinist
255,Char_Paladin,Amon,Maiming Strike,致残打击,Калечащий удар,Lähmender Schlag,"[secondary]Gun Critical Hits[/secondary] have a chance to apply [primary]Weakness[/primary] to enemies for a [secondary]Duration[/secondary]. [newline][newline] [primary]Weakened[/primary] enemies deal reduced [secondary]Damage[/secondary], and take increased [secondary]Damage[/secondary].[newline][newline][primary]Weakness[/primary] is affected by [secondary]Status Effect Duration[/secondary], and is itself considered a [secondary]Status Effect[/secondary].",[secondary]枪械暴击[/secondary]有几率在[secondary]一段时间[/secondary]内对敌人施加[primary]弱点[/primary]。[newline][newline][primary]虚弱的[/primary]敌人造成的[secondary]伤害[/secondary]降低并会受到更高[secondary]伤害[/secondary]。[newline][newline][primary]弱点[/primary]受[secondary]状态效果持续时间[/secondary]影响，并被视为[secondary]状态效果[/secondary]。,При нанесении [secondary]критического урона из пушек[/secondary] есть шанс наложения [primary]слабости[/primary] на врагов [secondary]на некоторое время[/secondary]. [newline][newline] [primary]Ослабленные[/primary] враги наносят пониженный [secondary]урон[/secondary] и получают больше [secondary]урона[/secondary].[newline][newline][primary]Слабость[/primary] зависит от [secondary]длительности временного стихийного эффекта[/secondary] и сама по себе считается [secondary]временным стихийным эффектом[/secondary].,"[secondary]Kritische Schusswaffentreffer[/secondary] haben eine Chance, Feinde [secondary]vorübergehend[/secondary] zu [primary]schwächen[/primary].[newline][newline] [primary]Geschwächte[/primary] Feinde verursachen reduzierten [secondary]Schaden[/secondary] und erleiden erhöhten [secondary]Schaden[/secondary].[newline][newline][primary]Schwäche[/primary] wird von der [secondary]Dauer des Statuseffekts[/secondary] beeinflusst und gilt selbst als [secondary]Statuseffekt[/secondary].",passive,277,340,403,466,529,255:Progress_PLD_Branch_Calamity_02:Branch - Row 2 - 3,red,Calamity,灾祸,Сокрушение,Unglück,Progress_PLD_Branch_Calamity_02,Branch - Row 2 - 3,SkillDef_PLD_P_WeakeningBlows,ToolTip_PLD_P_WeakeningBlows,maiming_strike_4.png,/Game/uiresources/_shared/assets/ico_ui_art_passives/Forgeknight/ico_passive_paladin_weakening_blows.ico_passive_paladin_weakening_blows
255,Char_Paladin,Amon,Masterwork,大师杰作,Работа мастера,Meisterwerk,[primary]Forgedrones[/primary] gain increased [secondary]Damage[/secondary] and [secondary]Duration[/secondary].,提升[primary]锻造无人机[/primary]的[secondary]伤害[/secondary]和[secondary]持续时间[/secondary]。,У [primary]дронов Кузни[/primary] увеличивается [secondary]время действия[/secondary] и [secondary]урон[/secondary].,Die [secondary]Dauer[/secondary] und der [secondary]erteilte Schaden[/secondary] von [primary]Schmiededrohnen[/primary] erhöhen sich.,passive,226,289,352,415,478,255:Progress_PLD_Branch_Cybernetics_01:Branch - Row 2 - 1,green,Cybernetics,神经机械,Кибернетика,Kybernetik,Progress_PLD_Branch_Cybernetics_01,Branch - Row 2 - 1,SkillDef_PLD_P_EmpoweredWeapons,ToolTip_PLD_P_EmpoweredWeapons,masterwork_4.png,/Game/uiresources/_shared/assets/ico_ui_art_passives/Forgeknight/ico_passive_paladin_empowered_weapons.ico_passive_paladin_empowered_weapons
255,Char_Paladin,Amon,Metal Urge,金属涌动,Железное стремление,Metalldrang,"Whenever [primary]Amon[/primary] deals [secondary]Gun Damage[/secondary], he gains increased [secondary]Action Skill Cooldown Rate[/secondary] for a [secondary]Duration[/secondary].",当[primary]亚蒙[/primary]造成[secondary]枪械伤害[/secondary]时，在[secondary]一段时间[/secondary]内提升其[secondary]主动技能冷却速率[/secondary]。,"Каждый раз, когда [primary]Амон[/primary] наносит [secondary]урон от стрельбы[/secondary], [secondary]на время[/secondary] повышается [secondary]скорость восстановления его активного навыка[/secondary].","Immer wenn [primary]Amon[/primary] [secondary]Schusswaffen-Schaden[/secondary] verursacht, erhält er [secondary]vorübergehend[/secondary] eine erhöhte [secondary]Action-Skill-Abklinggeschwindigkeit[/secondary].",passive,41,85,124,162,200,255:Progress_PLD_Trunk_Calamity:Trunk - Row 3 - 4,red,Calamity,灾祸,Сокрушение,Unglück,Progress_PLD_Trunk_Calamity,Trunk - Row 3 - 4,,ToolTip_PLD_P_Momentum,metal_urge_4.png,/Game/uiresources/_shared/assets/ico_ui_art_passives/Forgeknight/ico_passive_paladin_momentum.ico_passive_paladin_momentum
255,Char_Paladin,Amon,Mortal Flare,致命耀斑,Смертный факел,Todesflamme,"Whenever [primary]Amon[/primary] kills a [primary]Weakened[/primary] enemy, they [primary]Detonate[/primary], dealing [nowrap][fire_icon][fire]Incendiary[/fire][/nowrap][fire] Melee Damage[/fire] to nearby enemies.",当[primary]亚蒙[/primary]击杀[primary]虚弱[/primary]的敌人时，敌人将[primary]引爆[/primary]，对附近敌人造成[nowrap][fire_icon][fire]燃烧[/fire][/nowrap][fire]近战伤害[/fire]。,"Каждый раз, когда [primary]Амон[/primary] убивает [primary]ослабленного[/primary] врага, тот [primary]детонирует[/primary] и наносит [nowrap][fire_icon][fire]урон[/fire][/nowrap][fire] от огня в ближнем бою[/fire] врагам поблизости.","Immer wenn [primary]Amon[/primary] einen [primary]geschwächten[/primary] Feind tötet, [primary]detoniert[/primary] dieser und Feinde in der Nähe erleiden [nowrap][fire_icon][fire]Brand[/fire][/nowrap]-[fire]Nahkampfschaden[/fire].",passive,279,342,405,468,531,255:Progress_PLD_Branch_Calamity_02:Branch - Row 3 - 3,red,Calamity,灾祸,Сокрушение,Unglück,Progress_PLD_Branch_Calamity_02,Branch - Row 3 - 3,SkillDef_PLD_P_FlareUp,ToolTip_PLD_P_FlareUp,mortal_flare_4.png,/Game/uiresources/_shared/assets/ico_ui_art_passives/Forgeknight/ico_passive_paladin_flare_up.ico_passive_paladin_flare_up
255,Char_Paladin,Amon,My Touch Is Death,死亡触碰,Мое прикосновение - смерть,Tödliche Berührung,"Whenever [primary]Amon[/primary] deals [secondary]Melee Damage[/secondary], there is a chance to [secondary]Activate Kill Skills[/secondary].",当[primary]亚蒙[/primary]造成[secondary]近战伤害[/secondary]时，有几率[secondary]发动杀戮技能[/secondary]。,"Каждый раз, когда [primary]Амон[/primary] наносит [secondary]урон в ближнем бою[/secondary], возможна [secondary]активация навыков убийства[/secondary].","Immer wenn [primary]Amon[/primary] [secondary]Nahkampfschaden[/secondary] verursacht, besteht die Chance, dass [secondary]Kill-Skills aktiviert werden[/secondary].",passive,271,334,397,460,523,255:Progress_PLD_Branch_Calamity_01:Branch - Row 3 - 1,red,Calamity,灾祸,Сокрушение,Unglück,Progress_PLD_Branch_Calamity_01,Branch - Row 3 - 1,SkillDef_PLD_P_AncestralStrikes,ToolTip_PLD_P_AncestralStrikes,my_touch_is_death_4.png,/Game/uiresources/_shared/assets/ico_ui_art_passives/Forgeknight/ico_passive_paladin_ancestral_strikes.ico_passive_paladin_ancestral_strikes
255,Char_Paladin,Amon,Northern Wind,北风,Северный ветер,Nordwind,"[primary]Amon's[/primary] [secondary]Gun Critical Hits[/secondary] have a Chance to apply additional [secondary]Slow[/secondary] to enemies, as if dealt [nowrap][cryo_icon][cryo]Cryo[/cryo][/nowrap][cryo] Damage[/cryo].[newline][newline]Chance is [secondary]Doubled[/secondary] while his [secondary]Action Skill[/secondary] is active.",[primary]亚蒙的[/primary][secondary]枪械暴击[/secondary]有几率对敌人施加额外[secondary]缓慢[/secondary]，效果与造成[nowrap][cryo_icon][cryo]冰冻[/cryo][/nowrap][cryo]伤害[/cryo]时相同。[newline][newline]发动[secondary]主动技能[/secondary]时几率[secondary]加倍[/secondary]。,"У [secondary]критических попаданий при стрельбе[/secondary] [primary]Амона[/primary] есть шанс дополнительно [secondary]замедлить[/secondary] врагов как при [nowrap][cryo_icon][cryo]уроне от холода[/cryo].[/nowrap][newline][newline]Шанс [secondary]удваивается[/secondary], когда действует его [secondary]активный навык[/secondary].","[primary]Amons[/primary] [secondary]kritische Schusswaffentreffer[/secondary] haben die Chance, Feinden wie bei einem [nowrap][cryo_icon][cryo]Kryo[/cryo][/nowrap]-[cryo] Schaden[/cryo] zusätzlich [secondary]Verlangsamen[/secondary] hinzuzufügen.[newline][newline]Die Chance [secondary]verdoppelt[/secondary] sich, wenn der [secondary]Action-Skill[/secondary] aktiv ist.",passive,253,316,379,442,505,255:Progress_PLD_Branch_Vengeance_02:Branch - Row 1 - 3,blue,Vengeance,复仇怒火,Возмездие,Rache,Progress_PLD_Branch_Vengeance_02,Branch - Row 1 - 3,SkillDef_PLD_P_BrittleHollowPoints,ToolTip_PLD_P_BrittleHallowPoints,northern_wind_4.png,/Game/uiresources/_shared/assets/ico_ui_art_passives/Forgeknight/ico_passive_paladin_brittle_hallow_points.ico_passive_paladin_brittle_hallow_points
255,Char_Paladin,Amon,Ordained Hammer,受命之锤,Освященный молот,Geweihter Hammer,"[primary]Hammer Forgedrones[/primary] now deal [secondary]Ordnance Damage[/secondary] in addition to their other types and gain a Chance to cause a [primary]Detonation[/primary] on damaging enemies, dealing [nowrap][cryo_icon][cryo]Cryo[/cryo][/nowrap][cryo] Damage[/cryo] in an area.",[primary]铁锤锻造无人机[/primary]现在除原有伤害类型外，还能造成[secondary]炮械伤害[/secondary]，并在伤害敌人时有几率触发[primary]引爆[/primary]，造成范围[nowrap][cryo_icon][cryo]冰冻[/cryo][/nowrap][cryo]伤害[/cryo]。,"[primary]Дроны-молоты Кузни[/primary] теперь в дополнение к другим типа урона наносят [secondary]урон от снарядов[/secondary] и получают шанс [primary]детонации[/primary] при попадании по врагам, нанося при этом [nowrap][cryo_icon][cryo]урон[/cryo][/nowrap][cryo] от холода[/cryo] по площади.","[primary]Hammer-Schmiededrohnen[/primary] verursachen jetzt zusätzlich zu den anderen Typen auch [secondary]Kampfmittel-Schaden[/secondary] und erhalten eine Chance, bei von ihnen geschädigten Gegnern eine [primary]Detonation[/primary] auszulösen, die [nowrap][cryo_icon][cryo]Kryoschaden[/cryo][/nowrap] in einem Bereich verursacht.",passive,229,292,355,418,481,255:Progress_PLD_Branch_Cybernetics_01:Branch - Row 3 - 1,green,Cybernetics,神经机械,Кибернетика,Kybernetik,Progress_PLD_Branch_Cybernetics_01,Branch - Row 3 - 1,SkillDef_PLD_P_TemperedIce,ToolTip_PLD_P_OrdainedHammer,ordained_hammer_4.png,/Game/uiresources/_shared/assets/ico_ui_art_passives/Forgeknight/ico_passive_paladin_ordained_hammer.ico_passive_paladin_ordained_hammer
255,Char_Paladin,Amon,Permafrost,永久冻土,Вечная мерзлота,,"Whenever [primary]Amon[/primary] [cryo]Freezes[/cryo] an enemy, a [cryo]Cryo Hazard[/cryo] is created under them, dealing [nowrap][cryo_icon][cryo]Cryo[/cryo][/nowrap][cryo] Damage[/cryo] for a [secondary]Duration[/secondary].",当[primary]亚蒙[/primary][cryo]冻结[/cryo]敌人时，将在敌人脚下生成[cryo]冰冻危害源[/cryo]，在[secondary]一段时间[/secondary]内造成[nowrap][cryo_icon][cryo]冰冻[/cryo][/nowrap][cryo]伤害[/cryo]。,"Каждый раз, когда [primary]Амон[/primary] [cryo]замораживает[/cryo] врага, под врагом возникает [cryo]ледяная опасность[/cryo], которая наносит [nowrap][cryo_icon][cryo]урон[/cryo][/nowrap][cryo] от холода[/cryo] в течение [secondary]времени действия[/secondary].","Immer wenn [primary]Amon[/primary] einen Feind [cryo]einfriert[/cryo], entsteht darunter eine [cryo]Kryo-Gefahr[/cryo] , die [secondary]vorübergehend[/secondary] [nowrap][cryo_icon][cryo]Kryoschaden[/cryo][/nowrap] verursacht.",passive,238,301,364,427,490,255:Progress_PLD_Branch_Cybernetics_03:Branch - Row 1 - 1,green,Cybernetics,神经机械,Кибернетика,Kybernetik,Progress_PLD_Branch_Cybernetics_03,Branch - Row 1 - 1,SkillDef_PLD_P_CryogenicImpulse,ToolTip_PLD_P_CryogenicImpulse,permafrost_4.png,/Game/uiresources/_shared/assets/ico_ui_art_passives/Forgeknight/ico_passive_paladin_cryogenic_impulse.ico_passive_paladin_cryogenic_impulse
255,Char_Paladin,Amon,Primal Surge,原始涌动,Первородный прилив,Urkraft,"Whenever [primary]Amon[/primary] applies a [secondary]Status Effect[/secondary] to an enemy, there is a Chance to partially restore his [secondary]Shield[/secondary] and [secondary]Ammo[/secondary].",当[primary]亚蒙[/primary]对敌人施加[secondary]状态效果[/secondary]时，有几率恢复他的部分[secondary]护盾[/secondary]和[secondary]弹药[/secondary]。,"Каждый раз, когда [primary]Амон[/primary] накладывает на врага [secondary]временной стихийный эффект[/secondary], есть шанс на частичное восстановление [secondary]щита[/secondary] и [secondary]боеприпасов[/secondary].","Immer wenn [primary]Amon[/primary] einen [secondary]Statuseffekt[/secondary] auf einen Feind anwendet, besteht eine Chance, seinen [secondary]Schild[/secondary] und seine [secondary]Munition[/secondary] teilweise wiederherzustellen.",passive,255,318,381,444,507,255:Progress_PLD_Branch_Vengeance_02:Branch - Row 2 - 2,blue,Vengeance,复仇怒火,Возмездие,Rache,Progress_PLD_Branch_Vengeance_02,Branch - Row 2 - 2,SkillDef_PLD_P_ElementalSurge,ToolTip_PLD_P_ElementalSurge,primal_surge_4.png,/Game/uiresources/_shared/assets/ico_ui_art_passives/Forgeknight/ico_passive_paladin_elemental_surge.ico_passive_paladin_elemental_surge
255,Char_Paladin,Amon,Raging Inferno,熊熊烈火,Ярость Инферно,Rasendes Inferno,"[secondary]Action Skill Damage[/secondary] has a chance to [secondary]Critically Hit[/secondary]. [newline][newline]Additionally, [secondary]Critical Hits[/secondary] from direct [secondary]Action Skill Damage[/secondary] applies [fire]Burn[/fire].",[secondary]主动技能伤害[/secondary]有几率[secondary]暴击[/secondary]。[newline][newline]此外，直接[secondary]主动技能伤害[/secondary]造成的[secondary]暴击[/secondary]会施加[fire]焚烧[/fire]。,"[secondary]Урон от активного навыка[/secondary] может быть [secondary]критическим[/secondary]. [newline][newline]Кроме того, [secondary]критическое попадание[/secondary] при прямом [secondary]уроне от активного навыка[/secondary] также воздействует [fire]огнем[/fire].",[secondary]Action-Skill-Schaden[/secondary] hat eine Chance auf einen [secondary]kritischen Treffer[/secondary].[newline][newline][secondary]Kritische Treffer[/secondary] durch direkten [secondary]Action-Skill-Schaden[/secondary] lösen außerdem [fire]Verbrennen[/fire] aus.,passive,239,302,365,428,491,255:Progress_PLD_Branch_Cybernetics_03:Branch - Row 1 - 3,green,Cybernetics,神经机械,Кибернетика,Kybernetik,Progress_PLD_Branch_Cybernetics_03,Branch - Row 1 - 3,SkillDef_PLD_P_RagingInferno,ToolTip_PLD_P_RagingInferno,raging_inferno_4.png,/Game/uiresources/_shared/assets/ico_ui_art_passives/Forgeknight/ico_passive_paladin_raging_inferno.ico_passive_paladin_raging_inferno
255,Char_Paladin,Amon,Reactive Armor,反应装甲,Реактивная броня,Reaktive Panzerung,[primary]Detonations[/primary] partially [secondary]Restore[/secondary] [primary]Amon's[/primary] [secondary]Shield[/secondary] and [secondary]Ordnance Cooldown[/secondary].,[primary]引爆[/primary]会[secondary]恢复[/secondary][primary]亚蒙的[/primary]部分[secondary]护盾[/secondary]和[secondary]炮械冷却时间[/secondary]。,При [primary]детонации[/primary] [primary]Амон[/primary] частично [secondary]восстанавливает[/secondary] [secondary]щит[/secondary] и [secondary]время восстановления снарядов[/secondary].,[primary]Detonationen[/primary] [secondary]stellen[/secondary] [primary]Amons[/primary] [secondary]Schild[/secondary] und [secondary]Kampfmittel-Abklingzeit[/secondary] teilweise [secondary]wieder her[/secondary].,passive,242,305,368,431,494,255:Progress_PLD_Branch_Cybernetics_03:Branch - Row 2 - 3,green,Cybernetics,神经机械,Кибернетика,Kybernetik,Progress_PLD_Branch_Cybernetics_03,Branch - Row 2 - 3,SkillDef_PLD_P_ElementalFont,ToolTip_PLD_P_ElementalFont,reactive_armor_4.png,/Game/uiresources/_shared/assets/ico_ui_art_passives/Forgeknight/ico_passive_paladin_elemental_font.ico_passive_paladin_elemental_font
255,Char_Paladin,Amon,Rearm,重新武装,Перевооружение,Nachladen,"Whenever [primary]Amon[/primary] deals [secondary]Damage[/secondary] with a [secondary]Melee Attack[/secondary], his [secondary]current Gun[/secondary] has its [secondary]Ammo[/secondary] partially [secondary]refilled[/secondary].",当[primary]亚蒙[/primary]使用[secondary]近战攻击[/secondary]造成[secondary]伤害[/secondary]时，会[secondary]补充[/secondary]其[secondary]当前枪械[/secondary]的部分[secondary]弹药[/secondary]。,"Каждый раз, когда [primary]Амон[/primary] наносит [secondary]урон[/secondary] [secondary]атакой в ближнем бою[/secondary], [secondary]боеприпасы[/secondary] в его [secondary]текущей пушке[/secondary] частично [secondary]восполняются[/secondary].","Immer wenn [primary]Amon[/primary] mit einem [secondary]Nahkampfangriff[/secondary] [secondary]Schaden[/secondary] verursacht, wird die [secondary]Munition[/secondary] seiner [secondary]aktuellen Schusswaffe[/secondary] teilweise [secondary]aufgefüllt[/secondary].",passive,276,339,402,465,528,255:Progress_PLD_Branch_Calamity_02:Branch - Row 2 - 2,red,Calamity,灾祸,Сокрушение,Unglück,Progress_PLD_Branch_Calamity_02,Branch - Row 2 - 2,SkillDef_PLD_P_Rearm,ToolTip_PLD_P_Rearm,rearm_4.png,/Game/uiresources/_shared/assets/ico_ui_art_passives/Forgeknight/ico_passive_paladin_rearm.ico_passive_paladin_rearm
255,Char_Paladin,Amon,Reverse Explosion,逆向爆炸,Обратный взрыв,Rückwärtsexplosion,"Whenever [primary]Amon[/primary] deals [primary]Forgeskill Damage[/primary], he creates a [primary]Drone Singularity[/primary] for a [secondary]Duration[/secondary].[newline][newline][flavor]We should have a name for that...[/flavor]",当[primary]亚蒙[/primary]造成[primary]锻造技艺伤害[/primary]时，其会在[secondary]一段时间[/secondary]内生成[primary]无人机奇点[/primary]。[newline][newline][flavor]我们应该给它起个名字...[/flavor],"Каждый раз, когда [primary]Амон[/primary] наносит [primary]урон от навыка Кузни[/primary], он [secondary]на некоторое время[/secondary] создает [primary]сингулярность дронов[/primary].[newline][newline][flavor]Надо бы это как-то назвать...[/flavor]","Immer wenn [primary]Amon[/primary] [primary]Schmiede-Skill-Schaden[/primary] verursacht, erschafft er [secondary]vorübergehend[/secondary] eine [primary]Drohnen-Singularität[/primary].[newline][newline][flavor]Dafür sollte es einen Namen geben ...[/flavor]",passive,243,306,369,432,495,255:Progress_PLD_Branch_Cybernetics_03:Branch - Row 3 - 1,green,Cybernetics,神经机械,Кибернетика,Kybernetik,Progress_PLD_Branch_Cybernetics_03,Branch - Row 3 - 1,SkillDef_PLD_P_PullOfTheElements,ToolTip_PLD_P_PullOfTheElements,reverse_explosion_4.png,/Game/uiresources/_shared/assets/ico_ui_art_passives/Forgeknight/ico_passive_paladin_pull_of_the_elements.ico_passive_paladin_pull_of_the_elements
255,Char_Paladin,Amon,Rimebreak,霜破,Разрыв от инея,Aufbrecher,"Whenever [primary]Amon's[/primary] [secondary]Shield Breaks[/secondary], he partially [secondary]Restores[/secondary]  [secondary]Shield[/secondary] and [primary]Detonates[/primary], dealing [nowrap][cryo_icon][cryo]Cryo[/cryo][/nowrap][cryo] Damage[/cryo] to all nearby enemies and [cryo]Freezing[/cryo] them.",当[primary]亚蒙的[/primary][secondary]护盾破裂[/secondary]时，其会[secondary]恢复[/secondary]部分[secondary]护盾[/secondary]并[primary]引爆[/primary]，对附近所有敌人造成[nowrap][cryo_icon][cryo]冰冻[/cryo][/nowrap][cryo]伤害[/cryo]并[cryo]冻结[/cryo]他们。,"Каждый раз, когда [secondary]пробит щит[/secondary] [primary]Амона[/primary], он частично [secondary]восстанавливает[/secondary] [secondary]щит[/secondary] и [primary]детонирует[/primary], нанося [nowrap][cryo_icon][cryo]урон[/cryo][/nowrap][cryo] от холода[/cryo] всем врагам поблизости, [cryo]замораживая[/cryo] их.","Immer wenn [primary]Amons[/primary] [secondary]Schild bricht[/secondary], [secondary]stellt[/secondary] er den [secondary]Schild[/secondary] teilweise [secondary]wieder her[/secondary] und löst eine [primary]Detonation[/primary] aus, wodurch er allen Gegnern in der Nähe [nowrap][cryo_icon][cryo]Kryo[/cryo][/nowrap]-[cryo]Schaden[/cryo] zufügt und sie [cryo]gefrieren[/cryo].",passive,269,332,395,458,521,255:Progress_PLD_Branch_Calamity_01:Branch - Row 2 - 2,red,Calamity,灾祸,Сокрушение,Unglück,Progress_PLD_Branch_Calamity_01,Branch - Row 2 - 2,SkillDef_PLD_P_EmergencyRefresh,ToolTip_PLD_P_EmergencyRefresh,rimebreak_4.png,/Game/uiresources/_shared/assets/ico_ui_art_passives/Forgeknight/ico_passive_paladin_emergency_refresh.ico_passive_paladin_emergency_refresh
255,Char_Paladin,Amon,Scar Tissue,疤痕组织,Рубцовая ткань,Narbengewebe,[primary]Amon[/primary] gains increased [secondary]Maximum Health Capacity[/secondary] and [secondary]Repkit Healing[/secondary].,提升[primary]亚蒙[/primary]的[secondary]最大生命值容量[/secondary]和[secondary]修复套件治疗量[/secondary]。,[secondary]Максимальный уровень здоровья[/secondary] и [secondary]эффективность лечения ремкомплекта[/secondary] [primary]Амона[/primary] повышены.,[primary]Amon[/primary] erhält erhöhte [secondary]maximale Gesundheitskapazität[/secondary] und [secondary]Reparaturkit-Heilung[/secondary].,passive,32,102,140,178,216,255:Progress_PLD_Trunk_Vengeance:Trunk - Row 2 - 5,blue,Vengeance,复仇怒火,Возмездие,Rache,Progress_PLD_Trunk_Vengeance,Trunk - Row 2 - 5,,ToolTip_PLD_P_Vigor,scar_tissue_4.png,/Game/uiresources/_shared/assets/ico_ui_art_passives/Forgeknight/ico_passive_paladin_vigor.ico_passive_paladin_vigor
255,Char_Paladin,Amon,Scorched Kairos,焦土凯洛斯,Выжженный Кайрос,Verbranntes Kairos,[primary]Amon[/primary] gains increased [secondary]Ordnance Damage[/secondary] and [secondary]Magazine Size[/secondary].,提升[primary]亚蒙[/primary]的[secondary]炮械伤害[/secondary]和[secondary]弹匣容量[/secondary]。,[secondary]Урон от снарядов[/secondary] и [secondary]емкость магазина[/secondary] [primary]Амона[/primary] повышены.,[primary]Amon[/primary] erhält erhöhten [secondary]Kampfmittel-Schaden[/secondary] und eine erhöhte [secondary]Magazingröße[/secondary].,passive,37,107,145,183,221,255:Progress_PLD_Trunk_Vengeance:Trunk - Row 1 - 3,blue,Vengeance,复仇怒火,Возмездие,Rache,Progress_PLD_Trunk_Vengeance,Trunk - Row 1 - 3,,ToolTip_PLD_P_Demolitionist,scorched_kairos_4.png,/Game/uiresources/_shared/assets/ico_ui_art_passives/Forgeknight/ico_passive_paladin_demolitionist.ico_passive_paladin_demolitionist
255,Char_Paladin,Amon,Smelter,熔炼炉,Плавильня,Schmelzer,[secondary]Kill Skill.[/secondary] [primary]Amon[/primary] [secondary]Restores[/secondary] a percentage of [primary]Forgeskill Cooldown[/primary].,[secondary]杀戮技能。[/secondary][primary]亚蒙[/primary][secondary]恢复[/secondary]一定比例的[primary]锻造技艺冷却时间[/primary]。,[secondary]Навык убийства.[/secondary] [primary]Время восстановления навыка Кузни[/primary] [primary]Амона[/primary] частично [secondary]сокращается[/secondary].,[secondary]Kill-Skill.[/secondary] [primary]Amon[/primary] [secondary]stellt[/secondary] einen Prozentsatz der [primary]Schmiede-Skill-Abklinggeschwindigkeit[/primary] [secondary]wieder her[/secondary].,passive,262,325,388,451,514,255:Progress_PLD_Branch_Vengeance_03:Branch - Row 2 - 2,blue,Vengeance,复仇怒火,Возмездие,Rache,Progress_PLD_Branch_Vengeance_03,Branch - Row 2 - 2,SkillDef_PLD_P_Forecast,ToolTip_PLD_P_Forecast,smelter_4.png,/Game/uiresources/_shared/assets/ico_ui_art_passives/Forgeknight/ico_passive_paladin_forecast.ico_passive_paladin_forecast
255,Char_Paladin,Amon,Stoked,激动振奋,Экстаз,Geschürt,"Whenever [primary]Amon[/primary] deals [secondary]Ordnance Damage[/secondary], he gains increased [secondary]Fire Rate[/secondary] for a [secondary]Duration[/secondary].",当[primary]亚蒙[/primary]造成[secondary]炮械伤害[/secondary]时，在[secondary]一段时间[/secondary]内提升其[secondary]射速[/secondary]。,"Каждый раз, когда [primary]Амон[/primary] наносит [secondary]урон от снарядов[/secondary], [secondary]на время[/secondary] повышается его [secondary]скорострельность[/secondary].","Immer wenn [primary]Amon[/primary] [secondary]Kampfmittel-Schaden[/secondary] verursacht, erlangt er [secondary]vorübergehend[/secondary] eine erhöhte [secondary]Feuerrate[/secondary].",passive,228,291,354,417,480,255:Progress_PLD_Branch_Cybernetics_01:Branch - Row 2 - 3,green,Cybernetics,神经机械,Кибернетика,Kybernetik,Progress_PLD_Branch_Cybernetics_01,Branch - Row 2 - 3,SkillDef_PLD_P_Annihilation,ToolTip_PLD_P_Annihilation,stoked_4.png,/Game/uiresources/_shared/assets/ico_ui_art_passives/Forgeknight/ico_passive_paladin_annihilation.ico_passive_paladin_annihilation
255,Char_Paladin,Amon,Strike the Anvil,重击铁砧,Удар по наковальне,Schlag den Amboss,"Whenever [primary]Amon[/primary] deals [secondary]Action Skill Damage[/secondary], he [secondary]consumes[/secondary] a Stack of [shock]Shock Affinity[/shock] to cause an [primary]Elemental Bolt[/primary] to strike that enemy, dealing [nowrap][shock_icon][shock]Shock[/shock][/nowrap][shock]Damage[/shock].",当[primary]亚蒙[/primary]造成[secondary]主动技能伤害[/secondary]时，会[secondary]消耗[/secondary]一层[shock]电击适配性[/shock]并生成一个[primary]元素霹雳[/primary]攻击该敌人，造成[nowrap][shock_icon][shock]电击[/shock][/nowrap][shock]伤害[/shock]。,"Каждый раз, когда [primary]Амон[/primary] наносит [secondary]урон от активного навыка[/secondary], он [secondary]расходует[/secondary] заряд [shock]сродства с шоком[/shock], чтобы выпустить в того же врага [primary]стрелу Кузни[/primary], наносящую [nowrap][shock_icon][shock]урон[/shock][/nowrap] [shock]от шока[/shock].","Von [primary]Amon[/primary] verursachter [secondary]Action-Skill-Schaden[/secondary] [secondary]verbraucht[/secondary] einen Stapel [shock]Schockaffinität[/shock]. Damit wird ein [primary]Elementarblitz[/primary] auf diesen Feind geschleudert, der [nowrap][shock_icon][shock]Schockschaden[/shock][/nowrap] verursacht.",passive,263,326,389,452,515,255:Progress_PLD_Branch_Vengeance_03:Branch - Row 2 - 3,blue,Vengeance,复仇怒火,Возмездие,Rache,Progress_PLD_Branch_Vengeance_03,Branch - Row 2 - 3,SkillDef_PLD_P_ElementalBolt,ToolTip_PLD_P_ElementalBolt,strike_the_anvil_4.png,/Game/uiresources/_shared/assets/ico_ui_art_passives/Forgeknight/ico_passive_paladin_elemental_bolt.ico_passive_paladin_elemental_bolt
255,Char_Paladin,Amon,Tactician,战略家,Тактик,Taktiker,"While [secondary]Hipfiring[/secondary], [primary]Amon[/primary] gains increased [secondary]Fire Rate[/secondary], but [secondary]decreased Gun Handling[/secondary].[newline][newline]While [secondary]Aiming[/secondary], [primary]Amon[/primary] gains increased [secondary]Gun Damage[/secondary] and [secondary]Gun Handling[/secondary].",[primary]亚蒙[/primary]在[secondary]腰射[/secondary]时会提升[secondary]射速[/secondary]，但[secondary]降低枪械操控[/secondary]。[newline][newline][secondary]瞄准[/secondary]时，提升[primary]亚蒙[/primary]的[secondary]枪械伤害[/secondary]和[secondary]枪械操控[/secondary]。,"При [secondary]стрельбе от бедра[/secondary] [secondary]скорострельность[/secondary] [primary]Амона[/primary] повышается, но [secondary]эргономичность оружия понижается[/secondary].[newline][newline]Во время [secondary]прицеливания[/secondary] [secondary]урон от стрельбы[/secondary] и [secondary]эргономичность оружия[/secondary] [primary]Амона[/primary] повышаются.","Beim [secondary]Feuern aus der Hüfte[/secondary] erlangt [primary]Amon[/primary] eine erhöhte [secondary]Feuerrate[/secondary], aber eine [secondary]verringerte Schusswaffen-Handhabung[/secondary].[newline][newline]Beim [secondary]Zielen[/secondary] erzielt [primary]Amon[/primary] erhöhten [secondary]Schusswaffen-Schaden[/secondary] und [secondary]Schusswaffen-Handhabung[/secondary].",passive,261,324,387,450,513,255:Progress_PLD_Branch_Vengeance_03:Branch - Row 2 - 1,blue,Vengeance,复仇怒火,Возмездие,Rache,Progress_PLD_Branch_Vengeance_03,Branch - Row 2 - 1,SkillDef_PLD_P_Tactician,ToolTip_PLD_P_Tactician,tactician_4.png,/Game/uiresources/_shared/assets/ico_ui_art_passives/Forgeknight/ico_passive_paladin_tactician.ico_passive_paladin_tactician
255,Char_Paladin,Amon,Tail of the Comet,彗星尾,Хвост кометы,Kometenschweif,"Whenever [primary]Amon[/primary] deals [secondary]Ordnance Damage[/secondary], there is a Chance to apply a [cryo]Cryo Status Effect[/cryo] that deals [nowrap][cryo_icon][cryo]Cryo[/cryo][/nowrap] [cryo]Damage[/cryo] over time for a [secondary]Duration[/secondary].[newline][newline][primary]Tail of the Comet[/primary] is affected by [secondary]Status Effect Application Chance[/secondary].",当[primary]亚蒙[/primary]造成[secondary]炮械伤害[/secondary]时，有几率施加[cryo]冰冻状态效果[/cryo]，在[secondary]一段时间[/secondary]内持续造成[nowrap][cryo_icon][cryo]冰冻[/cryo][/nowrap][cryo]伤害[/cryo]。[newline][newline][primary]彗星尾[/primary]受[secondary]状态效果施加率[/secondary]影响。,"Каждый раз, когда [primary]Амон[/primary] наносит [secondary]урон от снарядов[/secondary], есть шанс наложить [cryo]временной стихийный эффект холода[/cryo], который в течение [secondary]некоторого времени[/secondary] наносит [nowrap][cryo_icon][cryo]урон от холода[/cryo][/nowrap].[newline][newline][secondary]Шанс наложения временного стихийного эффекта[/secondary] также влияет на [primary]""Хвост кометы""[/primary].","Immer wenn [primary]Amon[/primary] [secondary]Kampfmittel-Schaden[/secondary] verursacht, besteht die Chance, dass ein [cryo]Kryo-Statuseffekt[/cryo] angewendet wird und [secondary]vorübergehend[/secondary] [nowrap][cryo_icon][cryo]Kryo[/cryo][/nowrap]-[cryo]Zeitschaden[/cryo] verursacht.[newline][newline][primary]Kometenschweif[/primary] wird durch eine [secondary]Statuseffekt-Anwendungschance[/secondary] beeinflusst.",passive,33,103,141,179,217,255:Progress_PLD_Trunk_Vengeance:Trunk - Row 2 - 3,blue,Vengeance,复仇怒火,Возмездие,Rache,Progress_PLD_Trunk_Vengeance,Trunk - Row 2 - 3,,ToolTip_PLD_P_FrostBite,tail_of_the_comet_4.png,/Game/uiresources/_shared/assets/ico_ui_art_passives/Forgeknight/ico_passive_paladin_frostbite.ico_passive_paladin_frostbite
255,Char_Paladin,Amon,Tempered Ice,淬炼寒冰,Закаленный лед,Temperiertes Eis,"[primary]Forgedrone Skill.[/primary]Whenever [primary]Amon[/primary] activates his [primary]Ordnance[/primary], he spawns a [primary]Hammer Forgedrone[/primary] that attacks nearby enemies for a [secondary]Duration[/secondary], dealing [nowrap][cryo_icon][cryo]Cryo[/cryo][/nowrap][cryo] Melee Damage[/cryo].",[primary]锻造无人机技能。[/primary]当[primary]亚蒙[/primary]启用[primary]炮械[/primary]时，其会生成[primary]铁锤锻造无人机[/primary]，在[secondary]一段时间[/secondary]内攻击附近敌人，造成[nowrap][cryo_icon][cryo]冰冻[/cryo][/nowrap][cryo]近战伤害[/cryo]。,"[primary]Навык дронов Кузни[/primary]. Каждый раз, когда [primary]Амон[/primary] использует [primary]снаряды[/primary], появляется [primary]дрон-молот Кузни[/primary], который в течение [secondary]времени действия[/secondary] атакует врагов поблизости, нанося [nowrap][cryo_icon][cryo]урон[/cryo][/nowrap][cryo] от холода в ближнем бою[/cryo].","[primary]Schmiededrohnen-Skill.[/primary] Immer wenn [primary]Amon[/primary] seine [primary]Kampfmittel[/primary] aktiviert, generiert er eine [primary]Hammer-Schmiededrohne[/primary], die [secondary]vorübergehend[/secondary] Feinde in der Nähe angreift und [nowrap][cryo_icon][cryo]Kryo[/cryo][/nowrap]-[cryo]Nahkampfschaden[/cryo] verursacht.",passive,224,287,350,413,476,255:Progress_PLD_Branch_Cybernetics_01:Branch - Row 1 - 1,green,Cybernetics,神经机械,Кибернетика,Kybernetik,Progress_PLD_Branch_Cybernetics_01,Branch - Row 1 - 1,SkillDef_PLD_P_TemperedIce,ToolTip_PLD_P_TemperedIce,tempered_ice_4.png,/Game/uiresources/_shared/assets/ico_ui_art_passives/Forgeknight/ico_passive_paladin_tempered_ice.ico_passive_paladin_tempered_ice
255,Char_Paladin,Amon,Tempered Lightning,淬炼闪电,Закаленная молния,Temperierter Blitz,"[primary]Forgedrone Skill.[/primary]Whenever [primary]Amon[/primary] activates his [primary]Action Skill[/primary], he spawns a [primary]Sword Forgedrone[/primary] that attacks nearby enemies for a [secondary]Duration[/secondary], dealing [nowrap][shock_icon][shock]Shock[/shock][/nowrap][shock] Melee Damage[/shock].[newline][newline]Activating an [primary]Action Skill[/primary] while [primary]Tempered Lightning[/primary] is active will partially [secondary]Restore[/secondary] the [secondary]Duration[/secondary] of all active [primary]Forgedrones[/primary].",[primary]锻造无人机技能。[/primary]当[primary]亚蒙[/primary]发动[primary]主动技能[/primary]时，其会生成[primary]宝剑锻造无人机[/primary]，将在[secondary]一段时间[/secondary]内攻击附近敌人，造成[nowrap][shock_icon][shock]电击[/shock][/nowrap][shock]近战伤害[/shock]。[newline][newline]如已发动[primary]淬炼闪电[/primary]，发动[primary]主动技能[/primary]将[secondary]恢复[/secondary]所有活跃[secondary]锻造无人机[/secondary]的部分[primary]持续时间[/primary]。,"[primary]Навык дронов Кузни[/primary]. Каждый раз, когда [primary]Амон[/primary] использует [primary]активный навык[/primary], появляется [primary]дрон-меч Кузни[/primary], который [secondary]некоторое время[/secondary] атакует врагов поблизости, нанося [nowrap][shock_icon][shock]урон[/shock][/nowrap][shock] от шока в ближнем бою[/shock].[newline][newline]Запуск [primary]активного навыка[/primary] во время действия [primary]""Закаленной молнии""[/primary] частично [secondary]продлевает[/secondary] [secondary]время действия[/secondary] всех [primary]дронов Кузни[/primary].","[primary]Schmiededrohnen-Skill.[/primary] Immer wenn [primary]Amon[/primary] seinen[primary]Action-Skill[/primary] aktiviert, erzeugt er eine [primary]Schwert-Schmiededrohne[/primary], die [secondary]vorübergehend[/secondary] Feinde in der Nähe angreift und [nowrap][shock_icon][shock]Schock[/shock][/nowrap]-[shock]Nahkampfschaden[/shock] verursacht.[newline][newline]Wird ein [primary]Action-Skill[/primary] aktiviert, während [primary]Temperierter Blitz[/primary] aktiv ist, wird die [secondary]Dauer[/secondary] aller aktiven [primary]Schmiededrohnen[/primary] teilweise [secondary]wiederhergestellt[/secondary].",passive,232,295,358,421,484,255:Progress_PLD_Branch_Cybernetics_02:Branch - Row 1 - 3,green,Cybernetics,神经机械,Кибернетика,Kybernetik,Progress_PLD_Branch_Cybernetics_02,Branch - Row 1 - 3,SkillDef_PLD_P_TemperedLightning,ToolTip_PLD_P_TemperedLightning,tempered_lightning_4.png,/Game/uiresources/_shared/assets/ico_ui_art_passives/Forgeknight/ico_passive_paladin_tempered_lightning.ico_passive_paladin_tempered_lightning
255,Char_Paladin,Amon,Tempered Pyre,淬炼火堆,Закаленный костер,Temperierte Flamme,"[primary]Forgedrone Skill.[/primary]Whenever [primary]Amon[/primary] activates his [primary]Forgeskill[/primary], he spawns an [primary]Axe Forgedrone[/primary] that attacks nearby enemies for a [secondary]Duration[/secondary], dealing [nowrap][fire_icon][fire]Incendiary[/fire][/nowrap][fire] Melee Damage[/fire].[newline][newline]Activating a [primary]Forgeskill[/primary] while [primary]Tempered Pyre[/primary] is active [secondary]fully Restores[/secondary] the [secondary]Duration[/secondary] of all active [primary]Forgedrones[/primary].",[primary]锻造无人机技能。[/primary]当[primary]亚蒙[/primary]发动[primary]锻造技艺[/primary]时，其会生成[primary]战斧锻造无人机[/primary]，将在[secondary]一段时间[/secondary]内攻击附近敌人，造成[nowrap][fire_icon][fire]燃烧[/fire][/nowrap][fire]近战伤害[/fire]。[newline][newline]如已发动[primary]淬炼火堆[/primary]，发动[primary]锻造技艺[/primary]将[secondary]完全恢复[/secondary]所有活跃[primary]锻造无人机[/primary]的[secondary]持续时间[/secondary]。,"[primary]Навык дронов Кузни[/primary]. Каждый раз, когда [primary]Амон[/primary] использует [primary]навык Кузни[/primary], появляется [primary]дрон-топор Кузни[/primary], который [secondary]некоторое время[/secondary] атакует врагов поблизости, нанося [nowrap][fire_icon][fire]урон[/fire][/nowrap][fire] от огня в ближнем бою[/fire].[newline][newline]Запуск [primary]навыка Кузни[/primary] во время действия [primary]""Закаленного костра""[/primary] [secondary]полностью восстанавливает[/secondary] [secondary]время действия[/secondary] всех активных [primary]дронов Кузни[/primary].","[primary]Schmiededrohnen-Skill.[/primary]Immer wenn [primary]Amon[/primary] seinen [primary]Schmiede-Skill[/primary] aktiviert, spawnt er eine [primary]Axt-Schmiededrohne[/primary], die [secondary]vorübergehend[/secondary] Feinde in der Nähe angreift und [nowrap][fire_icon][fire]Brand[/fire][/nowrap]-[fire]Nahkampfschaden[/fire] verursacht.[newline][newline]Bei Aktivierung des [primary]Schmiede-Skills[/primary], während [primary]Temperierte Flamme[/primary] aktiv ist, wird die [secondary]Dauer[/secondary] aller aktiven [primary]Schmiededrohnen[/primary] [secondary]vollständig wiederhergestellt[/secondary].",passive,58,77,116,154,192,255:Progress_PLD_Trunk_Cybernetics:Trunk - Row 2 - 3,green,Cybernetics,神经机械,Кибернетика,Kybernetik,Progress_PLD_Trunk_Cybernetics,Trunk - Row 2 - 3,SkillDef_PLD_P_TemperedFlame,ToolTip_PLD_P_TemperedFlame,tempered_pyre_4.png,/Game/uiresources/_shared/assets/ico_ui_art_passives/Forgeknight/ico_passive_paladin_tempered_flame.ico_passive_paladin_tempered_flame
255,Char_Paladin,Amon,The Best Defense,最强防御,Лучшая защита,Die beste Verteidigung,[primary]Amon[/primary] gains [secondary]Overshield[/secondary] when he deals [secondary]Melee Damage[/secondary].,[primary]亚蒙[/primary]造成[secondary]近战伤害[/secondary]时获得[secondary]超强护盾[/secondary]。,"Когда [primary]Амон[/primary] наносит [secondary]урон в ближнем бою[/secondary], он получает [secondary]суперщит[/secondary].","[primary]Amon[/primary] erhält [secondary]Überschild[/secondary], wenn er [secondary]Nahkampfschaden[/secondary] verursacht.",passive,40,84,123,161,199,255:Progress_PLD_Trunk_Calamity:Trunk - Row 3 - 5,red,Calamity,灾祸,Сокрушение,Unglück,Progress_PLD_Trunk_Calamity,Trunk - Row 3 - 5,,ToolTip_PLD_P_TheBestDefense,the_best_defense_4.png,/Game/uiresources/_shared/assets/ico_ui_art_passives/Forgeknight/ico_passive_paladin_the_best_defense.ico_passive_paladin_the_best_defense
255,Char_Paladin,Amon,The Thrill,真实刺激,Острые ощущения,Nervenkitzel,"[primary]Amon[/primary] gains [secondary]Missing Health Regeneration[/secondary].[newline][newline]Every time [primary]Amon[/primary] takes or [secondary]absorbs[/secondary] [secondary]Non-Status Effect Damage[/secondary], he gains a Stack of [primary]Resolute[/primary] for a [secondary]Duration[/secondary], which increases this effect.",[primary]亚蒙[/primary]获得[secondary]损失的生命值恢复[/secondary]。[newline][newline]每次[primary]亚蒙[/primary]承受或[secondary]吸收[/secondary][secondary]非状态效果伤害[/secondary]时，其会在[secondary]一段时间[/secondary]内获得一层[primary]坚定果敢[/primary]，并提升此效果。,"[primary]Амон[/primary] [secondary]восстанавливает недостающее здоровье[/secondary].[newline][newline]Каждый раз, когда [primary]Амон[/primary] получает или [secondary]поглощает[/secondary] [secondary]не-временной стихийный урон[/secondary], он [secondary]на время действия[/secondary] получает заряд [primary]""Непоколебимости""[/primary], который усиливает этот эффект.","[primary]Amon[/primary] erhält [secondary]Regeneration fehlender Gesundheit[/secondary].[newline][newline]Jedes Mal, wenn [primary]Amon[/primary] [secondary]Nicht-Statuseffekt-Schaden[/secondary]erleidet oder [secondary]absorbiert[/secondary], erhält er [secondary]vorübergehend[/secondary] einen [primary]Resolut-Stapel[/primary], der diesen Effekt erhöht.",passive,36,106,144,182,220,255:Progress_PLD_Trunk_Vengeance:Trunk - Row 1 - 4,blue,Vengeance,复仇怒火,Возмездие,Rache,Progress_PLD_Trunk_Vengeance,Trunk - Row 1 - 4,,ToolTip_PLD_P_Resolute,the_thrill_4.png,/Game/uiresources/_shared/assets/ico_ui_art_passives/Forgeknight/ico_passive_paladin_resolute.ico_passive_paladin_resolute
255,Char_Paladin,Amon,There Is Only Red,唯有血红,Только красное,Alles rot,"[secondary]Kill Skill.[/secondary] Whenever [primary]Amon[/primary] kills an enemy while [primary]Berserk[/primary] is active, partially [secondary]restore[/secondary] [primary]Berserk's[/primary] [secondary]Duration[/secondary], and increase [nowrap][cryo_icon][cryo]Bonus[/cryo][/nowrap][cryo] Cryo Damage[/cryo] from [primary]Berserk[/primary].",[secondary]杀戮技能。[/secondary]当[primary]亚蒙[/primary]在发动[primary]狂暴[/primary]时击杀敌人，将[secondary]恢复[/secondary]部分[primary]狂暴[/primary][secondary]持续时间[/secondary]并提升[primary]狂暴[/primary]的[nowrap][cryo_icon][cryo]加成[/cryo][/nowrap][cryo]冰冻伤害[/cryo]。,"[secondary]Навык убийства.[/secondary] Каждый раз, когда [primary]Амон[/primary] убивает врага, и при этом активен [primary]""Берсерк""[/primary], [secondary]время действия[/secondary] [primary]""Берсерка""[/primary] [secondary]увеличивается[/secondary], а [nowrap][cryo_icon][cryo]дополнительный[/cryo][/nowrap][cryo] урон от холода[/cryo] от [primary]""Берсерка""[/primary] повышается.","[secondary]Kill-Skill.[/secondary] Immer wenn [primary]Amon[/primary] einen Feind tötet, während [primary]Berserker[/primary] aktiv ist, wird die [secondary]Dauer[/secondary] von [primary]Berserker[/primary] teilweise [secondary]wiederhergestellt[/secondary] und der [nowrap][cryo_icon][cryo]Bonus[/cryo][/nowrap]-[cryo]Kryo-Schaden[/cryo] von [primary]Berserker[/primary] erhöht.",passive,268,331,394,457,520,255:Progress_PLD_Branch_Calamity_01:Branch - Row 2 - 1,red,Calamity,灾祸,Сокрушение,Unglück,Progress_PLD_Branch_Calamity_01,Branch - Row 2 - 1,SkillDef_PLD_P_Berserk,ToolTip_PLD_P_SeeingRed,there_is_only_red_4.png,/Game/uiresources/_shared/assets/ico_ui_art_passives/Forgeknight/ico_passive_paladin_seeing_red.ico_passive_paladin_seeing_red
255,Char_Paladin,Amon,Thunderous Rage,雷霆之怒,Громовая ярость,Donnernde Wut,[secondary]Kill Skill.[/secondary] Killing an enemy with [nowrap][shock_icon][shock]Shock[/shock][/nowrap][shock]Damage[/shock] from [secondary]Guns or Status Effects[/secondary] will grant a Stack of [shock]Shock Affinity[/shock] for a [secondary]Duration[/secondary]. [shock]Shock Affinity[/shock] Stacks grant increased [secondary]Critical Hit Damage[/secondary].,[secondary]杀戮技能。[/secondary]使用来自[secondary]枪械或状态效果[/secondary]的[nowrap][shock_icon][shock]电击[/shock][/nowrap][shock]伤害[/shock]击杀敌人时，将在[secondary]一段时间[/secondary]内获得一层[shock]电击适配性[/shock]。[shock]电击适配性[/shock]叠加会提升[secondary]暴击伤害[/secondary]。,[secondary]Навык убийства.[/secondary] Убийство врага с помощью [nowrap][shock_icon][shock]урона[/shock][/nowrap] [shock]от шока[/shock] от [secondary]стрельбы или стихийных эффектов[/secondary] [secondary]на время действия[/secondary] дает заряд [shock]сродства с шоком[/shock]. Заряды [shock]сродства с шоком[/shock] увеличивают [secondary]критический урон[/secondary].,[secondary]Kill-Skill.[/secondary] Ein durch [nowrap][shock_icon][shock]Schockschaden[/shock][/nowrap] von [secondary]Schusswaffen oder Statuseffekten[/secondary] getöteter Feind gewährt [secondary]vorübergehend[/secondary] einen Stapel [shock]Schockaffinität[/shock]. Gestapelte [shock]Schockaffinität[/shock] gewährt erhöhten [secondary]kritischen Trefferschaden[/secondary].,passive,260,323,386,449,512,255:Progress_PLD_Branch_Vengeance_03:Branch - Row 1 - 3,blue,Vengeance,复仇怒火,Возмездие,Rache,Progress_PLD_Branch_Vengeance_03,Branch - Row 1 - 3,SkillDef_PLD_P_ShockAffinity,ToolTip_PLD_P_ShockAffinity,thunderous_rage_4.png,/Game/uiresources/_shared/assets/ico_ui_art_passives/Forgeknight/ico_passive_paladin_shock_affinity.ico_passive_paladin_shock_affinity
255,Char_Paladin,Amon,Tritanium Knuckles,三钛合金手指虎,Тритановые костяшки,Tritanium-Knöchel,[primary]Amon[/primary] gains increased [secondary]Melee Damage[/secondary] and [secondary]Skill Damage[/secondary].,提升[primary]亚蒙[/primary]的[secondary]近战伤害[/secondary]和[secondary]技能伤害[/secondary]。,Увеличен [secondary]урон в ближнем бою[/secondary] и [secondary]урон от навыков[/secondary] [primary]Амона[/primary].,[primary]Amon[/primary] erhält erhöhten [secondary]Nahkampfschaden[/secondary] und [secondary]Skill-Schaden[/secondary].,passive,45,89,128,166,204,255:Progress_PLD_Trunk_Calamity:Trunk - Row 2 - 5,red,Calamity,灾祸,Сокрушение,Unglück,Progress_PLD_Trunk_Calamity,Trunk - Row 2 - 5,,ToolTip_PLD_P_DoomFist,tritanium_knuckles_4.png,/Game/uiresources/_shared/assets/ico_ui_art_passives/Forgeknight/ico_passive_paladin_doom_fist.ico_passive_paladin_doom_fist
255,Char_Paladin,Amon,Twin Tempers,双生怒火,Двойная закалка,Erhitzte Gemüter,[primary]Tempered Pyre[/primary] now spawns an additional [primary]Axe Forgedrone[/primary] that deals [nowrap][cryo_icon][cryo]Cryo[/cryo][/nowrap][cryo] Melee Damage[/cryo].[newline][newline][primary]Forgedrones[/primary] from [primary]Tempered Pyre[/primary] have [secondary]reduced Duration[/secondary].,[primary]淬炼火堆[/primary]现在会额外生成一架[primary]战斧锻造无人机[/primary]，造成[nowrap][cryo_icon][cryo]冰冻[/cryo][/nowrap][cryo]近战伤害[/cryo]。[newline][newline]来自[primary]淬炼火堆[/primary]的[primary]锻造无人机[/primary][secondary]持续时间缩短[/secondary]。,"[primary]""Закаленный костер""[/primary] дает дополнительный [primary]дрон-топор Кузни[/primary], который наносит [nowrap][cryo_icon][cryo]урон[/cryo][/nowrap][cryo] от холода в ближнем бою[/cryo].[newline][newline]Время действия [primary]дронов Кузни[/primary] из [primary]""Закаленного костра""[/primary] [secondary]уменьшено[/secondary].","[primary]Temperierte Flamme[/primary] spawnt nun eine zusätzliche [primary]Axt-Schmiededrohne[/primary], die [nowrap][cryo_icon][cryo]Kryo[/cryo][/nowrap]-[cryo]Nahkampfschaden[/cryo] verursacht.[newline][newline][primary]Schmiededrohnen[/primary] von [primary]Temperierte Flamme[/primary] haben eine [secondary]reduzierte Dauer[/secondary].",passive,54,73,112,150,188,255:Progress_PLD_Trunk_Cybernetics:Trunk - Row 3 - 3,green,Cybernetics,神经机械,Кибернетика,Kybernetik,Progress_PLD_Trunk_Cybernetics,Trunk - Row 3 - 3,SkillDef_PLD_P_TemperedFlame,ToolTip_PLD_P_TwinnedArmaments,twin_tempers_4.png,/Game/uiresources/_shared/assets/ico_ui_art_passives/Forgeknight/ico_passive_paladin_twinned_armaments.ico_passive_paladin_twinned_armaments
255,Char_Paladin,Amon,Vital Organs,重要器官,Жизненно важные органы,Lebenswichtige Organe,[secondary]Kill Skill.[/secondary] [primary]Amon[/primary] gains [secondary]Critical Hit Chance[/secondary] with [secondary]Guns[/secondary] for a [secondary]Duration[/secondary].,[secondary]杀戮技能。[/secondary][primary]亚蒙[/primary]在[secondary]一段时间[/secondary]内获得[secondary]枪械[/secondary][secondary]暴击率[/secondary]。,[secondary]Навык убийства.[/secondary] На [secondary]некоторое время[/secondary] [primary]Амон[/primary] получает [secondary]шанс критического попадания[/secondary] из [secondary]пушек[/secondary].,[secondary]Kill-Skill.[/secondary] [primary]Amon[/primary] erhält er [secondary]vorübergehend[/secondary] eine [secondary]kritische Trefferchance[/secondary] für [secondary]Schusswaffen[/secondary].,passive,55,74,113,151,189,255:Progress_PLD_Trunk_Cybernetics:Trunk - Row 3 - 4,green,Cybernetics,神经机械,Кибернетика,Kybernetik,Progress_PLD_Trunk_Cybernetics,Trunk - Row 3 - 4,SkillDef_PLD_P_LockedIn,ToolTip_PLD_P_LockedIn,vital_organs_4.png,/Game/uiresources/_shared/assets/ico_ui_art_passives/Forgeknight/ico_passive_paladin_locked_in.ico_passive_paladin_locked_in
255,Char_Paladin,Amon,Warrior's Cup,战士之杯,Чаша воина,Krieger-Pokal,"Whenever [primary]Amon[/primary] uses a [secondary]Repkit[/secondary] while his [secondary]Action Skill[/secondary] is active, partially [secondary]restore Action Skill Duration[/secondary].",如[primary]亚蒙[/primary]在发动[secondary]主动技能[/secondary]时使用[secondary]修复套件[/secondary]，部分[secondary]恢复主动技能持续时间[/secondary]。,"Каждый раз, когда [primary]Амон[/primary] использует [secondary]ремкомплект[/secondary] во время действия его [secondary]активного навыка[/secondary], [secondary]время действия активного навыка частично восстанавливается[/secondary].","Immer wenn [primary]Amon[/primary] ein [secondary]Reparaturkit[/secondary] benutzt, während sein [secondary]Action-Skill[/secondary] aktiv ist, wird die [secondary]Action-Skill-Dauer teilweise wiederhergestellt[/secondary], sofern aktiv.",passive,29,97,135,173,211,255:Progress_PLD_Trunk_Vengeance:Trunk - Row 3 - 5,blue,Vengeance,复仇怒火,Возмездие,Rache,Progress_PLD_Trunk_Vengeance,Trunk - Row 3 - 5,,ToolTip_PLD_P_FeedbackLoop,warriors_cup_4.png,/Game/uiresources/_shared/assets/ico_ui_art_passives/Forgeknight/ico_passive_paladin_feedback_loop.ico_passive_paladin_feedback_loop
255,Char_Paladin,Amon,What Burns Within,灼烧之心,Что горит внутри,Das innere Feuer,[primary]Amon[/primary] gains increased [nowrap][fire_icon][fire]Incendiary[/fire][/nowrap][fire] Damage[/fire].,提升[primary]亚蒙[/primary]的[nowrap][fire_icon][fire]燃烧[/fire][/nowrap][fire]伤害[/fire]。,[primary]Амон[/primary] наносит повышенный [nowrap][fire_icon][fire]урон[/fire][/nowrap][fire] от огня[/fire].,[primary]Amon[/primary] erhält erhöhten [nowrap][fire_icon][fire]Brandschaden[/fire][/nowrap].,passive,49,94,132,170,208,255:Progress_PLD_Trunk_Calamity:Trunk - Row 1 - 3,red,Calamity,灾祸,Сокрушение,Unglück,Progress_PLD_Trunk_Calamity,Trunk - Row 1 - 3,,ToolTip_PLD_P_FierySpirit,what_burns_within_4.png,/Game/uiresources/_shared/assets/ico_ui_art_passives/Forgeknight/ico_passive_paladin_fiery_spirit.ico_passive_paladin_fiery_spirit
255,Char_Paladin,Amon,Wield the Storm,执掌风暴,Оседлать бурю,Sturmlenker,[primary]Amon[/primary] gains increased [secondary]Status Effect Damage[/secondary] and [secondary]Status Effect Duration[/secondary].,提升[primary]亚蒙[/primary]的[secondary]状态效果伤害[/secondary]和[secondary]状态效果持续时间[/secondary]。,Увеличивается [secondary]урон от временного стихийного эффекта[/secondary] и [secondary]время действия стихийного эффекта[/secondary] [primary]Амона[/primary].,[primary]Amon[/primary] erhält erhöhten [secondary]Statuseffekt-Schaden[/secondary] und eine erhöhte [secondary]Statuseffekt-Dauer[/secondary].,passive,46,91,129,167,205,255:Progress_PLD_Trunk_Calamity:Trunk - Row 2 - 1,red,Calamity,灾祸,Сокрушение,Unglück,Progress_PLD_Trunk_Calamity,Trunk - Row 2 - 1,,ToolTip_PLD_P_WieldTheStorm,wield_the_storm_4.png,/Game/uiresources/_shared/assets/ico_ui_art_passives/Forgeknight/ico_passive_paladin_wield_the_storm.ico_passive_paladin_wield_the_storm
255,Char_Paladin,Amon,Wildfire,野火燎原,Пожар,Lauffeuer,"[primary]Amon[/primary] gains increased [secondary]Ricochet Damage[/secondary], [fire]Burning Damage[/fire], and [fire]Burning Duration[/fire].",提升[primary]亚蒙[/primary]的[secondary]跳弹伤害[/secondary]、[fire]焚烧伤害[/fire]和[fire]焚烧持续时间[/fire]。,"[primary]Амон[/primary] наносит повышенный [secondary]урон от рикошета[/secondary], [fire]урон от огня[/fire], а также увеличивается [fire]длительность горения[/fire].","[primary]Amon[/primary] erhält erhöhten [secondary]Abprallschaden[/secondary], [fire]Brandschaden[/fire] und eine erhöhte [fire]Branddauer[/fire].",passive,245,308,371,434,497,255:Progress_PLD_Branch_Vengeance_01:Branch - Row 1 - 1,blue,Vengeance,复仇怒火,Возмездие,Rache,Progress_PLD_Branch_Vengeance_01,Branch - Row 1 - 1,SkillDef_PLD_P_Wildfire,ToolTip_PLD_P_Wildfire,wildfire_4.png,/Game/uiresources/_shared/assets/ico_ui_art_passives/Forgeknight/ico_passive_paladin_wildfire.ico_passive_paladin_wildfire
255,Char_Paladin,Amon,Wildheart,狂野之心,Дикое сердце,Wildheit,[primary]Amon[/primary] gains increased [secondary]Status Effect Damage[/secondary] and [secondary]Hazard Damage[/secondary].,提升[primary]亚蒙[/primary]的[secondary]状态效果伤害[/secondary]和[secondary]危害源伤害[/secondary]。,Увеличивается [secondary]урон от временного стихийного эффекта[/secondary] и [secondary]урон от опасности[/secondary] [primary]Амона[/primary].,[primary]Amon[/primary] erhält erhöhten [secondary]Statuseffekt-Schaden[/secondary] und [secondary]Gefahrenschaden[/secondary].,passive,240,303,366,429,492,255:Progress_PLD_Branch_Cybernetics_03:Branch - Row 2 - 1,green,Cybernetics,神经机械,Кибернетика,Kybernetik,Progress_PLD_Branch_Cybernetics_03,Branch - Row 2 - 1,SkillDef_PLD_P_Brightburn,ToolTip_PLD_P_Brightburn,wildheart_4.png,/Game/uiresources/_shared/assets/ico_ui_art_passives/Forgeknight/ico_passive_paladin_brightburn.ico_passive_paladin_brightburn
255,Char_Paladin,Amon,Winter's Kiss,冬日之吻,Поцелуй зимы,Winterkuss,"Whenever [primary]Amon[/primary] deals [secondary]Ordnance Damage[/secondary], he [secondary]consumes[/secondary] a Stack of [cryo]Cryo Affinity[/cryo] for each nearby enemy to spawn an [primary]Elemental Shard[/primary], dealing [nowrap][cryo_icon][cryo]Cryo[/cryo][/nowrap][cryo] Damage[/cryo] in an area.",当[primary]亚蒙[/primary]造成[secondary]炮械伤害[/secondary]时，其会根据附近敌人数量，[secondary]消耗[/secondary]相应的[cryo]冰冻适配性[/cryo]叠加层数，生成一个[primary]元素碎片[/primary]，造成范围[nowrap][cryo_icon][cryo]冰冻[/cryo][/nowrap][cryo]伤害[/cryo]。,"Каждый раз, когда [primary]Амон[/primary] наносит [secondary]урон от снарядов[/secondary], он [secondary]расходует[/secondary] заряд [cryo]сродства с холодом[/cryo], чтобы каждый из врагов неподалеку создал [secondary]стихийный осколок[/secondary], наносящий [nowrap][cryo_icon][cryo]урон[/cryo][/nowrap][cryo] от холода[/cryo] в радиусе.","Immer wenn [primary]Amon[/primary] [secondary]Kampfmittel-Schaden[/secondary] verursacht, [secondary]verbraucht[/secondary] er einen [cryo]Kryo-Affinität[/cryo]-Stapel für jeden Feind in der Nähe, um einen [primary]Elementarsplitter[/primary] zu spawnen, das [nowrap][cryo_icon][cryo]Kryo[/cryo][/nowrap]-[cryo]Schaden[/cryo] in einem Bereich verursacht.",passive,254,317,380,443,506,255:Progress_PLD_Branch_Vengeance_02:Branch - Row 2 - 1,blue,Vengeance,复仇怒火,Возмездие,Rache,Progress_PLD_Branch_Vengeance_02,Branch - Row 2 - 1,SkillDef_PLD_P_ElementalEchoes,ToolTip_PLD_P_ElementalEchoes,winters_kiss_4.png,/Game/uiresources/_shared/assets/ico_ui_art_passives/Forgeknight/ico_passive_paladin_elemental_echoes.ico_passive_paladin_elemental_echoes
255,Char_Paladin,Amon,Worldbreaker,世界破坏者,Крушитель миров,Weltbrecher,"Whenever [primary]Amon[/primary] [secondary]Ground Slams[/secondary], he [secondary]consumes[/secondary] all [primary]Flame Affinity[/primary] Stacks to create a [fire]Flame Fissure[/fire] in front of him, dealing [nowrap][fire_icon][fire]Incendiary[/fire][/nowrap][fire] Melee Damage[/fire] to all enemies hit.[newline][newline][primary]Worldbreaker[/primary] deals [secondary]Bonus Damage[/secondary] for each Stack of [primary]Flame Affinity[/primary] [secondary]consumed[/secondary].",当[primary]亚蒙[/primary][secondary]落地猛击[/secondary]时，会[secondary]消耗[/secondary]所有[primary]火焰适配性[/primary]层数在前方生成[fire]火焰裂隙[/fire]，对击中的所有敌人造成[nowrap][fire_icon][fire]燃烧[/fire][/nowrap][fire]近战伤害[/fire]。[newline][newline]每[secondary]消耗[/secondary]一层[primary]火焰适配性[/primary]，[primary]世界破坏者[/primary]将造成[secondary]加成伤害[/secondary]。,"Каждый раз, когда [primary]Амон[/primary] [secondary]бьет по земле[/secondary], он [secondary]тратит[/secondary] все заряды [primary]сродства с огнем[/primary], чтобы создать перед собой [fire]""Огненный разлом""[/fire], наносящий [nowrap][fire_icon][fire]урон от огня[/fire][/nowrap][fire] в ближнем бою[/fire] всем врагам, в которых попадает.[newline][newline][primary]""Крушитель миров""[/primary] наносит больше [secondary]дополнительного урона[/secondary] за каждый [secondary]израсходованный[/secondary] заряд [primary]сродства с огнем[/primary].","Immer wenn [primary]Amon[/primary] [secondary]Bodenstöße[/secondary] ausführt, [secondary]verbraucht er[/secondary] die [primary]Flammenaffinität[/primary]-Stapel vollständig, um vor sich einen [fire]Flammenriss[/fire] zu erzeugen, der allen getroffenen Feinden [nowrap][fire_icon][fire]Brand[/fire][/nowrap]-[fire]Nahkampfschaden[/fire] zufügt.[newline][newline][primary]Weltbrecher[/primary] verursacht [secondary]Bonusschaden[/secondary] für jeden [secondary]verbrauchten[/secondary] Stapel [primary]Flammenaffinität[/primary].[newline][newline][primary]Weltbrecher[/primary] hat eine Abklingzeit.",passive,249,312,375,438,501,255:Progress_PLD_Branch_Vengeance_01:Branch - Row 2 - 3,blue,Vengeance,复仇怒火,Возмездие,Rache,Progress_PLD_Branch_Vengeance_01,Branch - Row 2 - 3,SkillDef_PLD_P_Worldbreaker,ToolTip_PLD_P_Worldbreaker,worldbreaker_4.png,/Game/uiresources/_shared/assets/ico_ui_art_passives/Forgeknight/ico_passive_paladin_worldbreaker.ico_passive_paladin_worldbreaker
255,Char_Paladin,Amon,Wrath of Nature,自然之怒,Гнев природы,Zorn der Natur,[primary]Amon[/primary] gains increased [secondary]Status Effect Application Chance[/secondary] and [nowrap][cryo_icon][cryo]Cryo [/cryo][/nowrap][cryo] Effectiveness[/cryo].[newline][newline]This effect is [secondary]doubled[/secondary] when his [secondary]Action Skill[/secondary] is active.,提升[primary]亚蒙[/primary]的[secondary]状态效果施加率[/secondary]和[nowrap][cryo_icon][cryo]冰冻[/cryo][/nowrap][cryo]效率[/cryo]。[newline][newline]其发动[secondary]主动技能[/secondary]时，此效果[secondary]加倍[/secondary]。,"Увеличивается [secondary]шанс наложения временного стихийного эффекта[/secondary] и [nowrap][cryo_icon][cryo]эффективность[/cryo][/nowrap][cryo] урона от холода[/cryo] [primary]Амона[/primary].[newline][newline]Этот эффект [secondary]удваивается[/secondary], когда действует [secondary]активный навык[/secondary].","[primary]Amon[/primary] erhält eine erhöhte [secondary]Statuseffekt-Anwendungschance[/secondary] und [nowrap][cryo_icon][cryo]Kryo[/cryo][/nowrap]-[cryo]Effizienz[/cryo].[newline][newline]Wenn ein [secondary]Action-Skill[/secondary] aktiv ist, [secondary]verdoppelt[/secondary] sich dieser Effekt.",passive,39,109,147,185,223,255:Progress_PLD_Trunk_Vengeance:Trunk - Row 1 - 1,blue,Vengeance,复仇怒火,Возмездие,Rache,Progress_PLD_Trunk_Vengeance,Trunk - Row 1 - 1,,ToolTip_PLD_P_WrathOfNature,wrath_of_nature_4.png,/Game/uiresources/_shared/assets/ico_ui_art_passives/Forgeknight/ico_passive_paladin_wrath_of_nature.ico_passive_paladin_wrath_of_nature
255,Char_Paladin,Amon,Get the Lead Out,速度加快,Свинец на сердце,Bleischnell,[primary]Amon[/primary] gains increased [secondary]Reload Speed[/secondary].[newline][newline]The effect is [secondary]doubled[/secondary] for a [secondary]Duration[/secondary] after causing a [primary]Detonation[/primary].,提升[primary]亚蒙[/primary]的[secondary]装填速度[/secondary]。[newline][newline]在[primary]引爆[/primary]后的[secondary]一段时间[/secondary]内，此效果[secondary]加倍[/secondary]。,[secondary]Скорость перезарядки[/secondary] [primary]Амона[/primary] повышается.[newline][newline]Этот эффект [secondary]удваивается[/secondary] [secondary]на время действия[/secondary] после вызванной [primary]детонации[/primary].,[primary]Amon[/primary] erhält eine erhöhte [secondary]Nachladegeschwindigkeit[/secondary].[newline][newline]Dieser Effekt wird nach dem Auslösen einer [primary]Detonation[/primary] [secondary]vorübergehend[/secondary] [secondary]verdoppelt[/secondary].,passive,60,79,118,156,194,255:Progress_PLD_Trunk_Cybernetics:Trunk - Row 1 - 5,green,Cybernetics,神经机械,Кибернетика,Kybernetik,Progress_PLD_Trunk_Cybernetics,Trunk - Row 1 - 5,SkillDef_PLD_P_RapidReload,ToolTip_PLD_P_RapidReload,get_the_lead_out_4.png,/Game/uiresources/_shared/assets/ico_ui_art_passives/Forgeknight/ico_passive_paladin_rapid_reload.ico_passive_paladin_rapid_reload
259,Char_Gravitar,Harlowe,Absolute Zero,绝对零度,Абсолютный ноль,Absolut Null,"Whenever [primary]Harlowe[/primary] [nowrap][cryo_icon][cryo]Freezes[/cryo][/nowrap] an enemy, she receives a Stack of [primary]Zero Point[/primary]. For every Stack of [primary]Zero Point[/primary], her [secondary]Action Skill Duration[/secondary] [cryo]Freezes[/cryo] for a short time.",当[primary]哈洛[/primary][nowrap][cryo_icon][cryo]冻结[/cryo][/nowrap]敌人时，会获得一层[primary]零点[/primary]。每有一层[primary]零点[/primary]，其[secondary]主动技能持续时间[/secondary]都将短暂[cryo]冻结[/cryo]。,"Каждый раз, когда [primary]Харлоу[/primary] [nowrap][cryo_icon][cryo]замораживает[/cryo][/nowrap] врага, она получает заряд [primary]""Точки отсчета""[/primary]. За каждый заряд [primary]""Точки отсчета""[/primary] [secondary]время действия ее активного навыка[/secondary] на короткое время [cryo_icon][cryo]замораживается[/cryo].","Immer wenn [primary]Harlowe[/primary] einen Feind [nowrap][cryo_icon][cryo]einfriert[/cryo][/nowrap], erhält sie einen Stapel [primary]Nullpunkt-Geschosse[/primary]. Für jeden [nowrap][primary]Nullpunkt-Geschoss[/primary]-Stapel[/nowrap] [cryo]friert[/cryo] ihre [secondary]Action-Skill-Dauer[/secondary] für kurze Zeit ein.",passive,58,71,109,147,185,259:Progress_Grav_Trunk_TerminalShard:Trunk - Row 3 - 5,green,Cosmic Brilliance,宇宙光辉,Космическая гениальность,Kosmische Brillanz,Progress_Grav_Trunk_TerminalShard,Trunk - Row 3 - 5,,tooltip_grav_passive_11_AbsoluteZero,absolute_zero_3.png,/Game/uiresources/_shared/assets/ico_ui_art_passives/Gravitar/ico_passive_gravitar_snapshot.ico_passive_gravitar_snapshot
259,Char_Gravitar,Harlowe,Accretion,冲积层,Аккреция,Anlagerung,[primary]Harlowe[/primary] and her allies gain [secondary]Lifesteal[/secondary] against [primary]Entangled[/primary] enemies.,[primary]哈洛[/primary]及其友方在对抗[primary]被缠绕[/primary]的敌人时获得[secondary]吸血[/secondary]。,[primary]Харлоу[/primary] и ее союзники могут [secondary]красть здоровье[/secondary] у [primary]спутанных[/primary] врагов.,[primary]Harlowe[/primary] und ihre Verbündeten erhalten [secondary]Lebensraub[/secondary] gegen [primary]verfangene[/primary] Feinde.,passive,241,304,367,430,493,259:Progress_Grav_Branch_TerminalShard_03:Branch - Row 2 - 1,green,Cosmic Brilliance,宇宙光辉,Космическая гениальность,Kosmische Brillanz,Progress_Grav_Branch_TerminalShard_03,Branch - Row 2 - 1,,tooltip_grav_passive_25_Accretion,accretion_3.png,/Game/uiresources/_shared/assets/ico_ui_art_passives/Gravitar/ico_passive_gravitar_absorption.ico_passive_gravitar_absorption
259,Char_Gravitar,Harlowe,Action at a Distance,远距离行动,Действие на расстоянии,Action aus der Ferne,"Whenever [primary]Harlowe[/primary] applies a [secondary]Status Effect[/secondary] effect to an enemy, she gains a chance to apply that [secondary]Status Effect[/secondary] to each [primary]Entangled[/primary] enemy.",当[primary]哈洛[/primary]对敌人施加[secondary]状态效果[/secondary]时，有几率对每名[primary]被缠绕的[/primary]敌人施加该[secondary]状态效果[/secondary]。,"Каждый раз, когда [primary]Харлоу[/primary] накладывает на врага [secondary]временной стихийный эффект[/secondary], у нее появляется шанс наложить [secondary]временной стихийный эффект[/secondary] на каждого [primary]спутанного[/primary] врага.","Immer wenn [primary]Harlowe[/primary] einen [secondary]Statuseffekt[/secondary] auf einen Feind anwendet, erhält sie eine Chance, diesen [secondary]Statuseffekt[/secondary] auf jeden [primary]verfangenen[/primary] Feind anzuwenden.",passive,64,77,115,153,191,259:Progress_Grav_Trunk_TerminalShard:Trunk - Row 1 - 3,green,Cosmic Brilliance,宇宙光辉,Космическая гениальность,Kosmische Brillanz,Progress_Grav_Trunk_TerminalShard,Trunk - Row 1 - 3,,tooltip_grav_passive_03_ActionAtADistance,action_at_a_distance_3.png,/Game/uiresources/_shared/assets/ico_ui_art_passives/Gravitar/ico_passive_gravitar_accretion.ico_passive_gravitar_accretion
259,Char_Gravitar,Harlowe,Alternative Fuel Source,备用燃料来源,Альтернативный источник топлива,Alternative Treibstoffquelle,"Whenever [primary]Harlowe[/primary] activates [primary]CHROMA Accelerator[/primary], drain her [secondary]Shield[/secondary] and increase [secondary]Damage Dealt[/secondary] by her next [primary]Unstable Energy Pocket[/primary] by the same amount.",当[primary]哈洛[/primary]启用[primary]铬合金加速器[/primary]时，会消耗其[secondary]护盾[/secondary]并提升其下一个[primary]不稳能量袋[/primary][secondary]造成的伤害[/secondary]（数值等同于消耗量）。,"Каждый раз, когда [primary]Харлоу[/primary] использует [primary]Ускоритель ""КОЛОР""[/primary], ее [secondary]щит[/secondary] ослабляется, обеспечивая [secondary]приращение урона[/secondary] следующего [primary]нестабильного энергетического сгустка[/primary].","Immer wenn [primary]Harlowe[/primary] ihren [primary]CHROMA-Beschleuniger[/primary] aktiviert, verliert ihr [secondary]Schild[/secondary] Energie und der [secondary]verursachte Schaden[/secondary] durch ihre nächste [secondary]Instabile Energietasche[/secondary] wird um den gleichen Wert [secondary]erhöht[/secondary].",passive,265,328,391,454,517,259:Progress_Grav_Branch_ExodusShard_03:Branch - Row 3 - 1,red,Creative Bursts,创意爆发,Прилив креативности,Kreativschübe,Progress_Grav_Branch_ExodusShard_03,Branch - Row 3 - 1,,tooltip_grav_passive_56_AltFuelSource,alternative_fuel_source_3.png,/Game/uiresources/_shared/assets/ico_ui_art_passives/Gravitar/ico_passive_gravitar_relative_ease.ico_passive_gravitar_relative_ease
259,Char_Gravitar,Harlowe,Annihilation,湮灭,Аннигиляция,Vernichtung,"[primary]Harlowe's Flux Generator[/primary] occasionally throws [secondary]Grenades[/secondary]. If [primary]Harlowe[/primary] or her [secondary]Allies[/secondary] are inside the [primary]Flux Generator[/primary] and have a [secondary]Grenade[/secondary] equipped, it throws a copy of that [secondary]Grenade[/secondary].",[primary]哈洛的通量生成器[/primary]偶尔会投掷[secondary]手雷[/secondary]。如[primary]哈洛[/primary]或其[secondary]友方[/secondary]位于[primary]通量生成器[/primary]内且已装备[secondary]手雷[/secondary]，生成器则会投掷相同类型的[secondary]手雷[/secondary]。,"[primary]""Генератор потока"" Харлоу[/primary] периодически бросает [secondary]гранаты[/secondary]. Если [primary]Харлоу[/primary] или ее [secondary]союзники[/secondary] находятся внутри [primary]""Генератора потока""[/primary] и имеют на себе [secondary]гранату[/secondary], генератор бросает копию этой [secondary]гранаты[/secondary].","[primary]Harlows Fluxgenerator[/primary] wirft gelegentlich [secondary]Granaten[/secondary] ab. Wenn [primary]Harlowe[/primary] oder ihre [secondary]Verbündeten[/secondary] im [primary]Fluxgenerator[/primary] sind und eine [secondary]Granate[/secondary] ausgerüstet haben, wirft er eine Kopie dieser [secondary]Granate[/secondary].",passive,245,308,371,434,497,259:Progress_Grav_Branch_TerminalShard_03:Branch - Row 3 - 3,green,Cosmic Brilliance,宇宙光辉,Космическая гениальность,Kosmische Brillanz,Progress_Grav_Branch_TerminalShard_03,Branch - Row 3 - 3,,tooltip_grav_passive_28_Annihilation,annihilation_3.png,/Game/uiresources/_shared/assets/ico_ui_art_passives/Gravitar/ico_passive_gravitar_duplicator.ico_passive_gravitar_duplicator
259,Char_Gravitar,Harlowe,Bleeding Edge,极端前沿,Острие прогресса,Vom Feinsten,[primary]Harlowe[/primary] gains increased [secondary]Reload Speed[/secondary].,提升[primary]哈洛[/primary]的[secondary]装填速度[/secondary]。,[secondary]Скорость перезарядки[/secondary] [primary]Харлоу[/primary] повышается.,[primary]Harlowe[/primary] erhält erhöhte [secondary]Nachladegeschwindigkeit[/secondary].,passive,35,99,137,175,213,259:Progress_Grav_Trunk_ExodusShard:Trunk - Row 2 - 1,red,Creative Bursts,创意爆发,Прилив креативности,Kreativschübe,Progress_Grav_Trunk_ExodusShard,Trunk - Row 2 - 1,,tooltip_grav_passive_33_BleedingEdge_broken,bleeding_edge_3.png,/Game/uiresources/_shared/assets/ico_ui_art_passives/Gravitar/ico_passive_gravitar_broken.ico_passive_gravitar_broken
259,Char_Gravitar,Harlowe,Blue Shift,蓝光偏移,Синий сдвиг,Blauverschiebung,"While her [secondary]Action Skill[/secondary] is [secondary]Cooling Down[/secondary], [primary]Harlowe[/primary] deals [nowrap][cryo_icon][cryo]Bonus[/cryo][/nowrap] [cryo]Cryo Damage[/cryo] with her [secondary]Melee Attacks[/secondary].[newline][newline]While her [secondary]Action Skill[/secondary] is [secondary]Active[/secondary], [primary]Harlowe[/primary] deals [nowrap][radiation_icon][radiation]Bonus[/radiation][/nowrap][radiation] Radiation Damage[/radiation] with her [secondary]Melee Attacks[/secondary].",当[primary]哈洛[/primary]的[secondary]主动技能[/secondary][secondary]冷却[/secondary]时，其[secondary]近战攻击[/secondary]会造成[nowrap][cryo_icon][cryo]加成[/cryo][/nowrap][cryo]冰冻伤害[/cryo]。[newline][newline]当[primary]哈洛[/primary][secondary]发动[/secondary][secondary]主动技能[/secondary]时，其[secondary]近战攻击[/secondary]会造成[nowrap][radiation_icon][radiation]加成[/radiation][/nowrap][radiation]辐射伤害[/radiation]。,"Пока [secondary]активный навык[/secondary] [primary]Харлоу[/primary] [secondary]восстанавливается[/secondary], она наносит [nowrap][cryo_icon][cryo]дополнительный[/cryo][/nowrap] [cryo]урон от холода[/cryo] своими [secondary]атаками ближнего боя[/secondary].[newline][newline]Во время [secondary]действия[/secondary] своего [secondary]активного навыка[/secondary] [primary]Харлоу[/primary] наносит [nowrap][radiation_icon][radiation]дополнительный[/radiation][/nowrap][radiation] урон от радиации[/radiation] [secondary]атаками ближнего боя[/secondary].","Während ihr [secondary]Action-Skill[/secondary] [secondary]abklingt[/secondary], verursachen [primary]Harlowes[/primary] [secondary]Nahkampfangriffe[/secondary] [nowrap][cryo_icon][cryo]Bonus-[/cryo][/nowrap] [cryo]Kryo-Schaden[/cryo].[newline][newline]Während ihr [secondary]Action-Skill[/secondary] [secondary]aktiv[/secondary] ist, verursachen [primary]Harlowes[/primary] [secondary]Nahkampfangriffe[/secondary] [nowrap][radiation_icon][radiation]Bonus-[/radiation][/nowrap][radiation]Strahlungsschaden[/radiation].",passive,225,288,351,414,477,259:Progress_Grav_Branch_TerminalShard_01:Branch - Row 1 - 1,green,Cosmic Brilliance,宇宙光辉,Космическая гениальность,Kosmische Brillanz,Progress_Grav_Branch_TerminalShard_01,Branch - Row 1 - 1,,tooltip_grav_passive_12_blueshift,blue_shift_3.png,/Game/uiresources/_shared/assets/ico_ui_art_passives/Gravitar/ico_passive_gravitar_blueshift.ico_passive_gravitar_blueshift
259,Char_Gravitar,Harlowe,Break the Ice,打破冰封,Разбить лед,Das Eis brechen,Convert all [primary]CHROMA Accelerator Damage[/primary] to [nowrap][cryo_icon][cryo]Cryo[/cryo][/nowrap] [cryo]Damage[/cryo].,所有[primary]铬合金加速器[/primary]转换为[nowrap][cryo_icon][cryo]冰冻[/cryo][/nowrap][cryo]伤害[/cryo]。,"Весь [primary]урон от ускорителя ""КОЛОР""[/primary] переводится в [nowrap][cryo_icon][cryo]урон[/cryo][/nowrap] [cryo]от холода[/cryo].",Wandelt sämtlichen [primary]CHROMA-Beschleuniger-Schaden[/primary] in [nowrap][cryo_icon][cryo]Kryo[/cryo][/nowrap]-[cryo]Schaden[/cryo] um.,passive,249,312,375,438,501,259:Progress_Grav_Branch_ExodusShard_01:Branch - Row 2 - 2,red,Creative Bursts,创意爆发,Прилив креативности,Kreativschübe,Progress_Grav_Branch_ExodusShard_01,Branch - Row 2 - 2,,tooltip_grav_passive_43_breakTheIce,break_the_ice_3.png,/Game/uiresources/_shared/assets/ico_ui_art_passives/Gravitar/ico_passive_gravitar_break_the_ice.ico_passive_gravitar_break_the_ice
259,Char_Gravitar,Harlowe,Bright Future,光明未来,Светлое будущее,Strahlende Zukunft,"Whenever [primary]Harlowe[/primary] triggers or retriggers an [secondary]Action Skill[/secondary], she gains increased [secondary]Fire Rate[/secondary].",当[primary]哈洛[/primary]触发或重新触发[secondary]主动技能[/secondary]时，提升其[secondary]射速[/secondary]。,"Каждый раз, когда [primary]Харлоу[/primary] активирует или перезапускает [secondary]активный навык[/secondary], ее [secondary]скорострельность[/secondary] повышается.","Immer wenn [primary]Harlowe[/primary] einen [secondary]Action-Skill[/secondary] auslöst oder erneut auslöst, erhöht sich ihre [secondary]Feuerrate[/secondary].",passive,48,86,124,162,200,259:Progress_Grav_Trunk_StasisShard:Trunk - Row 2 - 1,blue,Seize the Day,把握光阴,Лови мгновение,Mach das Beste aus jedem Tag,Progress_Grav_Trunk_StasisShard,Trunk - Row 2 - 1,,tooltip_grav_passive_63_BrightFuture,bright_future_3.png,/Game/uiresources/_shared/assets/ico_ui_art_passives/Gravitar/ico_passive_gravitar_bright_future.ico_passive_gravitar_bright_future
259,Char_Gravitar,Harlowe,Carry the One,随身携带,Один в уме,Eins im Sinn,"Whenever [primary]Harlowe Entangles[/primary] an enemy, she gains a chance to [primary]Entangle[/primary] another nearby enemy.",当[primary]哈洛缠绕[/primary]敌人时，有几率[primary]缠绕[/primary]附近另一名敌人。,"Каждый раз, когда [primary]Харлоу спутывает[/primary] врага, она получает шанс [primary]спутать[/primary] другого врага поблизости.","Immer wenn [primary]Harlowe[/primary] einen Feind [primary]verfängt[/primary], erhält sie eine Chance, einen weiteren Feind in der Nähe zu [primary]verfangen[/primary].",passive,247,310,373,436,499,259:Progress_Grav_Branch_ExodusShard_01:Branch - Row 1 - 3,red,Creative Bursts,创意爆发,Прилив креативности,Kreativschübe,Progress_Grav_Branch_ExodusShard_01,Branch - Row 1 - 3,,tooltip_grav_passive_41_carryTheOne,carry_the_one_3.png,/Game/uiresources/_shared/assets/ico_ui_art_passives/Gravitar/ico_passive_gravitar_carry_the_one.ico_passive_gravitar_carry_the_one
259,Char_Gravitar,Harlowe,Chain Reactor,连锁反应堆,Цепной реактор,Kettenreaktor,[primary]Harlowe[/primary] deals [nowrap][radiation_icon][radiation]Bonus[/radiation][/nowrap] [radiation]Radiation Damage[/radiation] to [primary]Entangled[/primary] enemies.,[primary]哈洛[/primary]对[primary]被缠绕[/primary]的敌人造成[nowrap][radiation_icon][radiation]加成[/radiation][/nowrap][radiation]辐射伤害[/radiation]。,[primary]Харлоу[/primary] наносит [nowrap][radiation_icon][radiation]дополнительный[/radiation][/nowrap] [radiation]урон от радиации[/radiation] [primary]спутанным[/primary] врагам.,[primary]Harlowe[/primary] fügt [primary]verfangenen[/primary] Feinden [nowrap][radiation_icon][radiation]Bonus[/radiation][/nowrap]-[radiation]Strahlungsschaden[/radiation] zu.,passive,257,320,383,446,509,259:Progress_Grav_Branch_ExodusShard_02:Branch - Row 2 - 3,red,Creative Bursts,创意爆发,Прилив креативности,Kreativschübe,Progress_Grav_Branch_ExodusShard_02,Branch - Row 2 - 3,,tooltip_grav_passive_49_ChainReactor,chain_reactor_3.png,/Game/uiresources/_shared/assets/ico_ui_art_passives/Gravitar/ico_passive_gravitar_shorten_the_leash.ico_passive_gravitar_shorten_the_leash
259,Char_Gravitar,Harlowe,Cold Welding,冰冷焊接,Холодная сварка,Kaltverschweißt,"Whenever [primary]Harlowe[/primary] [nowrap][cryo_icon][cryo]Freezes[/cryo][/nowrap] an [primary]Entangled[/primary] enemy, she applies [primary]Cold Welding[/primary] to that enemy, dealing [nowrap][cryo_icon][cryo]Cryo[/cryo][/nowrap] [cryo]Status Effect Damage[/cryo] over time.",当[primary]哈洛[/primary][nowrap][cryo_icon][cryo]冻结[/cryo][/nowrap][primary]被缠绕[/primary]的敌人时，其会对该敌人施加[primary]冰冷焊接[/primary]，持续造成[nowrap][cryo_icon][cryo]冰冻[/cryo][/nowrap][cryo]状态效果伤害[/cryo]。,"Каждый раз, когда [primary]Харлоу[/primary] [nowrap][cryo_icon][cryo]замораживает[/cryo][/nowrap] [primary]спутанного[/primary] врага, она накладывает на него [primary]""Холодную сварку""[/primary], нанося в течение действия [nowrap][cryo_icon][cryo]временной стихийный урон[/cryo][/nowrap] [cryo]от холода[/cryo].","Immer wenn [primary]Harlowe[/primary] einen [primary]verfangenen[/primary] Feind [nowrap][cryo_icon][cryo]einfriert[/cryo][/nowrap], fügt sie dem Feind [primary]Kaltverschweißt[/primary] und [nowrap][cryo_icon][cryo]Kryo[/cryo][/nowrap]-[cryo]Statuseffekt-Zeitschaden[/cryo] zu.",passive,252,315,378,441,504,259:Progress_Grav_Branch_ExodusShard_01:Branch - Row 3 - 3,red,Creative Bursts,创意爆发,Прилив креативности,Kreativschübe,Progress_Grav_Branch_ExodusShard_01,Branch - Row 3 - 3,,tooltip_grav_passive_45_ColdWelding,cold_welding_3.png,/Game/uiresources/_shared/assets/ico_ui_art_passives/Gravitar/ico_passive_gravitar_ice_cold_of_space.ico_passive_gravitar_ice_cold_of_space
259,Char_Gravitar,Harlowe,Concurrence,并行发生,Многозадачность,Zufall,[primary]Harlowe[/primary] gains increased [secondary]Action Skill Duration[/secondary] for every [primary]Entangled[/primary] enemy.,每[primary]缠绕[/primary]一名敌人，都会提升[primary]哈洛[/primary]的[secondary]主动技能持续时间[/secondary]。,За каждого [primary]спутанного[/primary] врага [secondary]время действия активного навыка[/secondary] [primary]Харлоу[/primary] увеличивается.,[primary]Harlowe[/primary] erhält erhöhte [secondary]Action-Skill-Dauer[/secondary] für jeden [primary]verfangenen[/primary] Feind.,passive,267,330,393,456,519,259:Progress_Grav_Branch_StasisShard_01:Branch - Row 1 - 1,blue,Seize the Day,把握光阴,Лови мгновение,Mach das Beste aus jedem Tag,Progress_Grav_Branch_StasisShard_01,Branch - Row 1 - 1,,tooltip_grav_passive_69_Concurrence,concurrence_3.png,/Game/uiresources/_shared/assets/ico_ui_art_passives/Gravitar/ico_passive_gravitar_concurrence.ico_passive_gravitar_concurrence
259,Char_Gravitar,Harlowe,Confirmative Reality,既定现实,Утвердительная реальность,Bestätigende Realität,"Whenever [primary]Harlowe[/primary] shoots an [primary]Entangled[/primary] enemy, she and all allies restore a portion of their [secondary]Action Skill Cooldown[/secondary].",当[primary]哈洛[/primary]射击[primary]被缠绕的[/primary]敌人时，恢复其及所有友方的一部分[secondary]主动技能冷却时间[/secondary]。,"Каждый раз, когда [primary]Харлоу[/primary] стреляет в [primary]спутанного[/primary] врага, у нее и всех ее союзников сокращается [secondary]время восстановления активного навыка[/secondary].","Immer wenn [primary]Harlowe[/primary] auf einen [primary]verfangenen[/primary] Feind schießt, wird für sie und ihre Verbündeten ein Teil der [secondary]Action-Skill-Abklingzeit[/secondary] wiederhergestellt.",passive,57,70,108,146,184,259:Progress_Grav_Trunk_TerminalShard:Trunk - Row 3 - 4,green,Cosmic Brilliance,宇宙光辉,Космическая гениальность,Kosmische Brillanz,Progress_Grav_Trunk_TerminalShard,Trunk - Row 3 - 4,,tooltip_grav_passive_10_ConfirmativeReality,confirmative_reality_3.png,/Game/uiresources/_shared/assets/ico_ui_art_passives/Gravitar/ico_passive_gravitar_flux.ico_passive_gravitar_flux
259,Char_Gravitar,Harlowe,Control Group,控制组,Контрольная группа,Kontrollgruppe,[secondary]Kill Skill[/secondary]. Killing an [primary]Entangled[/primary] enemy restores a portion of [primary]Harlowe's[/primary] [secondary]Action Skill Cooldown[/secondary] and [secondary]Action Skill Duration[/secondary].,[secondary]杀戮技能[/secondary]。击杀[primary]被缠绕[/primary]的敌人时，恢复[primary]哈洛的[/primary]一部分[secondary]主动技能冷却时间[/secondary]和[secondary]主动技能持续时间[/secondary]。,[secondary]Навык убийства[/secondary]. Убийство [primary]спутанного[/primary] врага частично сокращает [secondary]восстановление активного навыка[/secondary] [primary]Харлоу[/primary] и продлевает [secondary]время действия активного навыка[/secondary].,[secondary]Kill-Skill[/secondary]. Einen [primary]verfangenen[/primary] Feind zu töten stellt einen Teil von [primary]Harlowes[/primary] [secondary]Action-Skill-Abklingzeit[/secondary] und [secondary]Action-Skill-Dauer[/secondary] wieder her.,passive,269,332,395,458,521,259:Progress_Grav_Branch_StasisShard_01:Branch - Row 2 - 1,blue,Seize the Day,把握光阴,Лови мгновение,Mach das Beste aus jedem Tag,Progress_Grav_Branch_StasisShard_01,Branch - Row 2 - 1,,tooltip_grav_passive_71_ControlGroup,control_group_3.png,/Game/uiresources/_shared/assets/ico_ui_art_passives/Gravitar/ico_passive_gravitar_reclamation_project.ico_passive_gravitar_reclamation_project
259,Char_Gravitar,Harlowe,Core Sample,核心样本,Образец ядра,Kernprobe,"[primary]Harlowe[/primary] gains [secondary]Lifesteal[/secondary] against [nowrap][cryo_icon][cryo]Frozen[/cryo][/nowrap] enemies. If she's at full [secondary]Health[/secondary], she gains [secondary]Overshield[/secondary] instead.",[primary]哈洛[/primary]对抗[nowrap][cryo_icon][cryo]霜冻[/cryo][/nowrap]敌人时获得[secondary]吸血[/secondary]。如她的[secondary]生命值[/secondary]全满，则获得[secondary]超强护盾[/secondary]。,"[primary]Харлоу[/primary] может [secondary]красть здоровье[/secondary] у [nowrap][cryo_icon][cryo]замороженных[/cryo][/nowrap] врагов. Если ее [secondary]здоровье[/secondary] полное, вместо этого она получает [secondary]суперщит[/secondary].","[primary]Harlowe[/primary] erhält [secondary]Lebensraub[/secondary] gegen [nowrap][cryo_icon][cryo]eingefrorene[/cryo][/nowrap] Feinde. Wenn sie bei voller [secondary]Gesundheit[/secondary] ist, erhält sie stattdessen [secondary]Überschild[/secondary].",passive,248,311,374,437,500,259:Progress_Grav_Branch_ExodusShard_01:Branch - Row 2 - 1,red,Creative Bursts,创意爆发,Прилив креативности,Kreativschübe,Progress_Grav_Branch_ExodusShard_01,Branch - Row 2 - 1,,tooltip_grav_passive_42_CoreSample,core_sample_3.png,/Game/uiresources/_shared/assets/ico_ui_art_passives/Gravitar/ico_passive_gravitar_debugging_the_problem.ico_passive_gravitar_debugging_the_problem
259,Char_Gravitar,Harlowe,Creative Overflow,创意泛滥,Творчество через край,Kreativer Überfluss,"[primary]Harlowe[/primary] deals increased [secondary]Gun Damage[/secondary] based on her [secondary]Overshield[/secondary]. The more [secondary]Overshield[/secondary] she has, the bigger the bonus.",[primary]哈洛[/primary]将根据其[secondary]超强护盾[/secondary]提升[secondary]枪械伤害[/secondary]。其[secondary]超强护盾[/secondary]越高，加成越高。,"[primary]Харлоу[/primary] наносит повышенный [secondary]урон от оружия[/secondary], значение которого зависит от ее [secondary]суперщита[/secondary]. Чем больше у нее [secondary]суперщита[/secondary], тем выше бонус.","[primary]Harlowe[/primary] verursacht basierend auf ihrem [secondary]Überschild[/secondary] erhöhten [secondary]Schusswaffen[/secondary]. Je mehr [secondary]Überschild[/secondary] sie hat, desto größer der Bonus.",passive,54,67,105,143,181,259:Progress_Grav_Trunk_TerminalShard:Trunk - Row 3 - 1,green,Cosmic Brilliance,宇宙光辉,Космическая гениальность,Kosmische Brillanz,Progress_Grav_Trunk_TerminalShard,Trunk - Row 3 - 1,,tooltip_grav_passive_66_CreativeOverflow,creative_overflow_3.png,/Game/uiresources/_shared/assets/ico_ui_art_passives/Gravitar/ico_passive_gravitar_creative_life.ico_passive_gravitar_creative_life
259,Char_Gravitar,Harlowe,Critical Funding,关键资金,Критическое финансирование,Kritische Finanzierung,"Whenever [primary]Harlowe[/primary] [secondary]Critically Hits[/secondary] an enemy, she gains a chance to [primary]Entangle[/primary] it, and [secondary]Refills[/secondary] a portion of her [secondary]Gun's Magazine[/secondary].",当[primary]哈洛[/primary][secondary]暴击[/secondary]敌人时，有几率[primary]缠绕[/primary]该敌人并[secondary]补充[/secondary]一部分[secondary]枪械弹匣[/secondary]的弹药。,"Каждый раз, когда [primary]Харлоу[/primary] производит [secondary]критическое попадание[/secondary] во врага, она получает шанс [primary]спутать[/primary] этого врага, а [secondary]магазин ее пушки[/secondary] частично [secondary]заполняется[/secondary].","Immer wenn [primary]Harlowe[/primary] einen [secondary]kritischen Treffer[/secondary] gegen einen Feind erzielt, erhält sie die Chance, dass der Feind [primary]verfangen[/primary] wird und sie ihr [secondary]Schusswaffen-Magazin[/secondary] teilweise [secondary]auffüllt[/secondary].",passive,236,299,362,425,488,259:Progress_Grav_Branch_TerminalShard_02:Branch - Row 2 - 3,green,Cosmic Brilliance,宇宙光辉,Космическая гениальность,Kosmische Brillanz,Progress_Grav_Branch_TerminalShard_02,Branch - Row 2 - 3,,tooltip_grav_passive_20_CriticalFunding,critical_funding_3.png,/Game/uiresources/_shared/assets/ico_ui_art_passives/Gravitar/ico_passive_gravitar_assure.ico_passive_gravitar_assure
259,Char_Gravitar,Harlowe,Cryodynamics,冰冻动力学,Криодинамика,Kryodynamik,[primary]Harlowe[/primary] gains increased [secondary][nowrap][cryo_icon][cryo]Cryo[/cryo][/nowrap][cryo] Damage[/cryo][/secondary].,提升[primary]哈洛[/primary]的[secondary][nowrap][cryo_icon][cryo]冰冻[/cryo][/nowrap][cryo]伤害[/cryo][/secondary]。,[primary]Харлоу[/primary] наносит увеличенный [nowrap][cryo_icon][cryo]урон[/cryo][/nowrap][cryo] от холода[/cryo].,[primary]Harlowe[/primary] erhält erhöhten [nowrap][cryo_icon][cryo]Kryo-Schaden[/cryo][/nowrap].,passive,41,80,118,156,194,259:Progress_Grav_Trunk_StasisShard:Trunk - Row 3 - 5,blue,Seize the Day,把握光阴,Лови мгновение,Mach das Beste aus jedem Tag,Progress_Grav_Trunk_StasisShard,Trunk - Row 3 - 5,,tooltip_grav_passive_65_Cryodynamics,cryodynamics_3.png,/Game/uiresources/_shared/assets/ico_ui_art_passives/Gravitar/ico_passive_gravitar_cool_wisdom.ico_passive_gravitar_cool_wisdom
259,Char_Gravitar,Harlowe,Cyclotron,回旋加速器,ЦИКЛОТРОННЫЙ,,[primary]Harlowe[/primary] gains increased [secondary]Fire Rate[/secondary].,提升[primary]哈洛[/primary]的[secondary]射速[/secondary]。,[secondary]Скорострельность[/secondary] [primary]Харлоу[/primary] повышается.,[primary]Harlowe[/primary] erhält erhöhte [secondary]Feuerrate[/secondary].,passive,40,104,142,180,218,259:Progress_Grav_Trunk_ExodusShard:Trunk - Row 1 - 1,red,Creative Bursts,创意爆发,Прилив креативности,Kreativschübe,Progress_Grav_Trunk_ExodusShard,Trunk - Row 1 - 1,,tooltip_grav_passive_29_Cyclotron,cyclotron_3.png,/Game/uiresources/_shared/assets/ico_ui_art_passives/Gravitar/ico_passive_gravitar_limits.ico_passive_gravitar_limits
259,Char_Gravitar,Harlowe,Decoherence,量子退散,Потеря квантовой информации,Unstimmigkeit,[primary]Harlowe[/primary] deals increased [secondary]Damage[/secondary] with all sources to [primary]Entangled[/primary] enemies. Enemies inside of her [primary]Flux Generator[/primary] take further increased [secondary]Damage[/secondary].,提升[primary]哈洛[/primary]对[primary]被缠绕的[/primary]敌人造成的所有类型[secondary]伤害[/secondary]。其[primary]通量生成器[/primary]内的敌人会进一步受到更高[secondary]伤害[/secondary]。,"[primary]Харлоу[/primary] наносит повышенный [secondary]урон[/secondary] из всех источников [primary]спутанным[/primary] врагам. Враги внутри ее [primary]""Генератора потока""[/primary] получают дополнительный повышенный [secondary]урон[/secondary].",[primary]Harlowe[/primary] fügt [primary]verfangenen[/primary] Feinden mit allen Quellen erhöhten [secondary]Schaden[/secondary] zu. Feinde in ihrem [primary]Fluxgenerator[/primary] erleiden zusätzlichen erhöhten [secondary]Schaden[/secondary].,passive,226,289,352,415,478,259:Progress_Grav_Branch_TerminalShard_01:Branch - Row 1 - 3,green,Cosmic Brilliance,宇宙光辉,Космическая гениальность,Kosmische Brillanz,Progress_Grav_Branch_TerminalShard_01,Branch - Row 1 - 3,,tooltip_grav_passive_13_Decoherence,decoherence_3.png,/Game/uiresources/_shared/assets/ico_ui_art_passives/Gravitar/ico_passive_gravitar_event_horizon.ico_passive_gravitar_event_horizon
259,Char_Gravitar,Harlowe,Dirty Bomb,脏弹,Грязная бомба,Schmutzige Bombe,"Whenever [primary]Harlowe[/primary] [nowrap][radiation_icon][radiation]Irradiates[/radiation][/nowrap] an enemy, create a [nowrap][radiation_icon][radiation]Radiation[/radiation][/nowrap] [radiation]Explosion[/radiation] on that enemy.",当[primary]哈洛[/primary][nowrap][radiation_icon][radiation]辐照[/radiation][/nowrap]敌人时，会在该敌人身上生成[nowrap][radiation_icon][radiation]辐射[/radiation][/nowrap][radiation]爆炸[/radiation]。,"Каждый раз, когда [primary]Харлоу[/primary] [nowrap][radiation_icon][radiation]облучает[/radiation][/nowrap] врага, рядом с этим врагом происходит [nowrap][radiation_icon][radiation]радиоактивный[/radiation][/nowrap] [radiation]взрыв[/radiation].","Immer wenn [primary]Harlowe[/primary] einen Feind [nowrap][radiation_icon][radiation]verstrahlt[/radiation][/nowrap], wird eine [nowrap][radiation_icon][radiation]Strahlungsexplosion[/radiation][/nowrap] auf diesem Feind erzeugt.",passive,259,322,385,448,511,259:Progress_Grav_Branch_ExodusShard_02:Branch - Row 3 - 3,red,Creative Bursts,创意爆发,Прилив креативности,Kreativschübe,Progress_Grav_Branch_ExodusShard_02,Branch - Row 3 - 3,,tooltip_grav_passive_51_DirtyBomb,dirty_bomb_3.png,/Game/uiresources/_shared/assets/ico_ui_art_passives/Gravitar/ico_passive_gravitar_u_mad.ico_passive_gravitar_u_mad
259,Char_Gravitar,Harlowe,Distribution Function,分布函数,Функция распределения,Verteilungsfunktion,"Whenever [primary]Harlowe's[/primary] [secondary]Action Skill[/secondary] damages an enemy, restore a portion of her and her Allies [secondary]Shield Capacity[/secondary]. If their [secondary]Shields[/secondary] are full, gain [secondary]Overshield[/secondary] instead.",当[primary]哈洛的[/primary][secondary]主动技能[/secondary]对敌人造成伤害时，恢复自身及所有友方的一部分[secondary]护盾容量[/secondary]。如[secondary]护盾[/secondary]已全满，则改为获得[secondary]超强护盾[/secondary]。,"Каждый раз, когда [secondary]активный навык[/secondary] [primary]Харлоу[/primary] наносит врагу урон, часть [secondary]емкости ее щитов и щитов союзников[/secondary] восстанавливается. Если [secondary]щиты[/secondary] полностью заряжены, персонаж получает [secondary]суперщит[/secondary].","Immer wenn [primary]Harlowes[/primary] [secondary]Action-Skill[/secondary] einem Feind Schaden zufügt, wird ein Teil ihrer [secondary]Schildkapazität[/secondary] und der ihrer Verbündeten wiederhergestellt. Wenn ihre [secondary]Schilde[/secondary] bereits voll sind, erhält sie stattdessen [secondary]Überschild[/secondary].",passive,243,306,369,432,495,259:Progress_Grav_Branch_TerminalShard_03:Branch - Row 2 - 3,green,Cosmic Brilliance,宇宙光辉,Космическая гениальность,Kosmische Brillanz,Progress_Grav_Branch_TerminalShard_03,Branch - Row 2 - 3,,tooltip_grav_passive_26_DistributionFunction,distribution_function_3.png,/Game/uiresources/_shared/assets/ico_ui_art_passives/Gravitar/ico_passive_gravitar_starburst.ico_passive_gravitar_starburst
259,Char_Gravitar,Harlowe,Domino Effect,多米诺效应,Эффект домино,Dominoeffekt,"Whenever [primary]Harlowe[/primary] deals [secondary]Splash Damage[/secondary] to an [primary]Entangled[/primary] enemy, she gains a chance to trigger [primary]Entangled Damage Share[/primary] again.",当[primary]哈洛[/primary]对[primary]被缠绕[/primary]的敌人造成[secondary]溅射伤害[/secondary]时，有几率再次触发[primary]缠绕伤害分摊[/primary]。,"Каждый раз, когда [primary]Харлоу[/primary] наносит [secondary]урон по площади[/secondary] [primary]спутанному[/primary] врагу, то получает шанс снова [primary]передать урон спутанным врагам[/primary].","Immer wenn [primary]Harlowe[/primary] einem [primary]verfangenen[/primary] Feind [secondary]indirekten Schaden[/secondary] zufügt, erhält sie die Chance, erneut das [primary]Teilen von Schaden durch Verfangen[/primary] auszulösen.",passive,283,346,409,472,535,259:Progress_Grav_Branch_StasisShard_03:Branch - Row 2 - 1,blue,Seize the Day,把握光阴,Лови мгновение,Mach das Beste aus jedem Tag,Progress_Grav_Branch_StasisShard_03,Branch - Row 2 - 1,,tooltip_grav_passive_83_DominoEffect,domino_effect_3.png,/Game/uiresources/_shared/assets/ico_ui_art_passives/Gravitar/ico_passive_gravitar_domino_effect.ico_passive_gravitar_domino_effect
259,Char_Gravitar,Harlowe,Elementary,元素,Родная стихия,Elementar,[primary]Harlowe[/primary] gains increased [nowrap][elemental_icon][secondary]Elemental[/secondary][/nowrap][secondary] Damage[/secondary] and [secondary]Status Effect Damage[/secondary].,提升[primary]哈洛[/primary]的[nowrap][elemental_icon][secondary]元素[/secondary][/nowrap][secondary]伤害[/secondary]和[secondary]状态效果伤害[/secondary]。,[primary]Харлоу[/primary] наносит повышенный [nowrap][elemental_icon][secondary]стихийный[/secondary][/nowrap][secondary] урон[/secondary] и [secondary]временной стихийный урон[/secondary].,[primary]Harlowe[/primary] erhält erhöhten [nowrap][elemental_icon][secondary]Elementarschaden[/secondary][/nowrap] und [secondary]Statuseffekt-Schaden[/secondary].,passive,33,97,135,173,211,259:Progress_Grav_Trunk_ExodusShard:Trunk - Row 2 - 5,red,Creative Bursts,创意爆发,Прилив креативности,Kreativschübe,Progress_Grav_Trunk_ExodusShard,Trunk - Row 2 - 5,,tooltip_grav_passive_34_Elementary,elementary_3.png,/Game/uiresources/_shared/assets/ico_ui_art_passives/Gravitar/ico_passive_gravitar_elemental_inclination.ico_passive_gravitar_elemental_inclination
259,Char_Gravitar,Harlowe,Elephant's Foot,象脚,Слоновья нога,Elefantenfuß,"Whenever [primary]Harlowe's[/primary] [secondary]Shield[/secondary] breaks, she deals [nowrap][radiation_icon][radiation]Radiation[/radiation][/nowrap] [radiation]Damage[/radiation] to all [primary]Entangled[/primary] enemies. [primary]Harlowe[/primary] gains [secondary]Overshield[/secondary] equal to the amount of [secondary]Damage[/secondary] dealt this way.",当[primary]哈洛的[/primary][secondary]护盾[/secondary]破裂时，对所有[primary]被缠绕[/primary]的敌人造成[nowrap][radiation_icon][radiation]辐射[/radiation][/nowrap][radiation]伤害[/radiation]。[primary]哈洛[/primary]获得[secondary]超强护盾[/secondary]，护盾值等同于此方式造成的[secondary]伤害[/secondary]量。,"Каждый раз, когда [secondary]щит[/secondary] [primary]Харлоу[/primary] ломается, все [primary]спутанные[/primary] враги получают [nowrap][radiation_icon][radiation]урон[/radiation][/nowrap] [radiation]от радиации[/radiation]. [primary]Харлоу[/primary] получает [secondary]суперщит[/secondary], значение которого равно количеству нанесенного таким образом [secondary]урона[/secondary].","Immer wenn [primary]Harlowes[/primary] [secondary]Schild[/secondary] bricht, erleiden alle [primary]verfangenen[/primary] Feinde [nowrap][radiation_icon][radiation]Strahlungsschaden[/radiation][/nowrap]. [primary]Harlowe[/primary] erhält [secondary]Überschild[/secondary] in Höhe des [secondary]Schadens[/secondary], der auf diese Weise verursacht wird.",passive,30,94,132,170,208,259:Progress_Grav_Trunk_ExodusShard:Trunk - Row 3 - 3,red,Creative Bursts,创意爆发,Прилив креативности,Kreativschübe,Progress_Grav_Trunk_ExodusShard,Trunk - Row 3 - 3,,tooltip_grav_passive_37_ElephantsFoot,elephants_foot_3.png,/Game/uiresources/_shared/assets/ico_ui_art_passives/Gravitar/ico_passive_gravitar_fracture.ico_passive_gravitar_fracture
259,Char_Gravitar,Harlowe,Endothermic Reaction,吸热反应,Эндотермическая реакция,Endotherme Reaktion,"Whenever [primary]Harlowe[/primary] [nowrap][cryo_icon][cryo]Freezes[/cryo][/nowrap] an enemy, create an [primary]Endothermic Aura[/primary] that deals constant [nowrap][cryo_icon][cryo]Cryo[/cryo][/nowrap] [cryo]Damage[/cryo] to enemies around it. [primary]Harlowe's Endothermic Aura[/primary]  deals increased [secondary]Damage[/secondary] based on her [secondary]Overshield[/secondary]. The more full, the greater the bonus.",当[primary]哈洛[/primary][nowrap][cryo_icon][cryo]冻结[/cryo][/nowrap]敌人时，会生成[primary]吸热光环[/primary]，对周围敌人造成持续[nowrap][cryo_icon][cryo]冰冻[/cryo][/nowrap][cryo]伤害[/cryo]。[primary]哈洛的吸热光环[/primary]会根据她的[secondary]超强护盾[/secondary]造成更高[secondary]伤害[/secondary]。护盾越满，加成越高。,"Каждый раз, когда [primary]Харлоу[/primary] [nowrap][cryo_icon][cryo]замораживает[/cryo][/nowrap] врага, появляется [primary]""Эндотермическая аура""[/primary], которая наносит постоянный [nowrap][cryo_icon][cryo]урон от холода[/cryo][/nowrap] врагам вокруг. [primary]""Эндотермическая аура"" Харлоу[/primary] наносит повышенный [secondary]урон[/secondary] в зависимости от заряда ее [secondary]суперщита[/secondary]. Чем выше заряд суперщита, тем выше бонус.","Immer wenn [primary]Harlowe[/primary] einen Feind [nowrap][cryo_icon][cryo]einfriert[/cryo][/nowrap], wird eine [primary]endothermische Aura[/primary] erzeugt, die Feinden in der Umgebung konstant [nowrap][cryo_icon][cryo]Kryo[/cryo][/nowrap]-[cryo]Schaden[/cryo] zufügt. [primary]Harlowes endothermische Aura[/primary] verursacht erhöhten [secondary]Schaden[/secondary] basierend auf ihrem [secondary]Überschild[/secondary]. Je voller er ist, desto größer der Bonus.",passive,276,339,402,465,528,259:Progress_Grav_Branch_StasisShard_02:Branch - Row 2 - 1,blue,Seize the Day,把握光阴,Лови мгновение,Mach das Beste aus jedem Tag,Progress_Grav_Branch_StasisShard_02,Branch - Row 2 - 1,,tooltip_grav_passive_77_EndothermicReaction,endothermic_reaction_3.png,/Game/uiresources/_shared/assets/ico_ui_art_passives/Gravitar/ico_passive_gravitar_windchill.ico_passive_gravitar_windchill
259,Char_Gravitar,Harlowe,Enriched,丰富,ОБОГАЩЕННЫЙ,,[primary]Harlowe[/primary] gains increased [nowrap][radiation_icon][radiation]Radiation[/radiation][/nowrap] [radiation]Damage[/radiation].,提升[primary]哈洛[/primary]的[nowrap][radiation_icon][radiation]辐射[/radiation][/nowrap][radiation]伤害[/radiation]。,[primary]Харлоу[/primary] наносит повышенный [nowrap][radiation_icon][radiation]урон от радиации[/radiation][/nowrap].,[primary]Harlowe[/primary] erhält erhöhten [nowrap][radiation_icon][radiation]Strahlungsschaden[/radiation][/nowrap].,passive,28,92,130,168,206,259:Progress_Grav_Trunk_ExodusShard:Trunk - Row 3 - 5,red,Creative Bursts,创意爆发,Прилив креативности,Kreativschübe,Progress_Grav_Trunk_ExodusShard,Trunk - Row 3 - 5,,tooltip_grav_passive_39_Enriched,enriched_3.png,/Game/uiresources/_shared/assets/ico_ui_art_passives/Gravitar/ico_passive_gravitar_choosing_favorites.ico_passive_gravitar_choosing_favorites
259,Char_Gravitar,Harlowe,Eureka!,见证奇迹！,Эврика!,Heureka!,"Whenever [primary]Harlowe[/primary] enters [secondary]Fight For Your Life[/secondary], she throws a free [primary]Unstable Energy Pocket[/primary] at a nearby enemy - if there are any.",当[primary]哈洛[/primary]进入[secondary]殊死一搏[/secondary]时，将免费向附近敌人（如有）投掷一个[primary]不稳能量袋[/primary]。,"Каждый раз, когда [primary]Харлоу[/primary] входит в [secondary]режим борьбы за жизнь[/secondary], она бросает бесплатный [primary]нестабильный энергетический сгусток[/primary] во врага поблизости, если такой есть.","Immer wenn [primary]Harlowe[/primary] im [secondary]Kämpfe um dein Leben[/secondary]-Modus ist, wirft sie eine kostenlose [primary]Instabile Energietasche[/primary] auf einen Feind in der Nähe, sofern vorhanden.",passive,263,326,389,452,515,259:Progress_Grav_Branch_ExodusShard_03:Branch - Row 2 - 2,red,Creative Bursts,创意爆发,Прилив креативности,Kreativschübe,Progress_Grav_Branch_ExodusShard_03,Branch - Row 2 - 2,,tooltip_grav_passive_54_Eureka,eureka!_3.png,/Game/uiresources/_shared/assets/ico_ui_art_passives/Gravitar/ico_passive_gravitar_out_of_phase.ico_passive_gravitar_out_of_phase
259,Char_Gravitar,Harlowe,Excited State,兴奋状态,Возбужденное состояние,Anregungszustand,"[primary]Harlowe[/primary] gains increased [secondary]Critical Hit Damage[/secondary].[newline][newline]Whenever an enemy is damaged by [primary]Harlowe's[/primary] [secondary]Action Skill[/secondary], the next shot on that enemy will be an [secondary]Automatic Critical Hit[/secondary].",提升[primary]哈洛[/primary][secondary]暴击伤害[/secondary]。[newline][newline]当[primary]哈洛[/primary]的[secondary]主动技能[/secondary]对敌人造成伤害时，对该敌人的下一次射击将[secondary]自动暴击[/secondary]。,"[secondary]Критический урон[/secondary] [primary]Харлоу[/primary] повышен.[newline][newline]Каждый раз, когда враг получает повреждения от [secondary]активного навыка[/secondary] [primary]Харлоу[/primary], следующий выстрел в этого врага [secondary]гарантированно становится критическим попаданием[/secondary].","[primary]Harlowe[/primary] erhält erhöhten [secondary]kritischen Trefferschaden[/secondary].[newline][newline]Immer wenn ein Feind durch [primary]Harlowes[/primary] [secondary]Action-Skill[/secondary] Schaden erleidet, wird der nächste Schuss auf den Feind [secondary]automatisch ein kritischer Treffer[/secondary].",passive,240,303,366,429,492,259:Progress_Grav_Branch_TerminalShard_03:Branch - Row 1 - 3,green,Cosmic Brilliance,宇宙光辉,Космическая гениальность,Kosmische Brillanz,Progress_Grav_Branch_TerminalShard_03,Branch - Row 1 - 3,,tooltip_grav_passive_24_ExcitedState,excited_state_3.png,/Game/uiresources/_shared/assets/ico_ui_art_passives/Gravitar/ico_passive_gravitar_epicenter.ico_passive_gravitar_epicenter
259,Char_Gravitar,Harlowe,Experimentation,实验,Эксперименты,Experimente,[secondary]Kill Skill[/secondary]. Killing an [primary]Entangled[/primary] enemy causes an [secondary]Elemental Explosion[/secondary] on all other [primary]Entangled[/primary] enemies.,[secondary]杀戮技能。[/secondary]击杀[primary]被缠绕的[/primary]敌人时，会对其他所有[primary]被缠绕[/primary]的敌人施加[secondary]元素爆炸[/secondary]。,[secondary]Навык убийства.[/secondary] При убийстве [primary]спутанного[/primary] врага всех остальных [primary]спутанных[/primary] врагов поражает [secondary]стихийный взрыв[/secondary].,[secondary]Kill-Skill[/secondary]. Einen [primary]verfangenen[/primary] Feind zu töten verursacht eine [secondary]Elementarexplosion[/secondary] gegen alle anderen [primary]verfangenen[/primary] Feinde.,passive,282,345,408,471,534,259:Progress_Grav_Branch_StasisShard_03:Branch - Row 1 - 3,blue,Seize the Day,把握光阴,Лови мгновение,Mach das Beste aus jedem Tag,Progress_Grav_Branch_StasisShard_03,Branch - Row 1 - 3,,tooltip_grav_passive_82_experimentation,experimentation_3.png,/Game/uiresources/_shared/assets/ico_ui_art_passives/Gravitar/ico_passive_gravitar_experimentation.ico_passive_gravitar_experimentation
259,Char_Gravitar,Harlowe,Exposed Core,暴露核心,Открытое ядро,Freiliegender Kern,"While her [secondary]Shield[/secondary] is down, [primary]Harlowe[/primary] gains increased [secondary]Status Effect Chance[/secondary].",当[primary]哈洛[/primary]的[secondary]护盾[/secondary]失效时，提升其[secondary]状态效果率[/secondary]。,"Когда [secondary]щиты[/secondary] [primary]Харлоу[/primary] пробиты, ее [secondary]шанс наложения стихийного эффекта[/secondary] повышается.","Solange ihr [secondary]Schild[/secondary] inaktiv ist, ist [primary]Harlowes[/primary] [secondary]Statuseffekt-Chance[/secondary] erhöht.",passive,237,300,363,426,489,259:Progress_Grav_Branch_TerminalShard_02:Branch - Row 3 - 1,green,Cosmic Brilliance,宇宙光辉,Космическая гениальность,Kosmische Brillanz,Progress_Grav_Branch_TerminalShard_02,Branch - Row 3 - 1,,tooltip_grav_passive_21_ExposedCore,exposed_core_3.png,/Game/uiresources/_shared/assets/ico_ui_art_passives/Gravitar/ico_passive_gravitar_exposure.ico_passive_gravitar_exposure
259,Char_Gravitar,Harlowe,Feedback Loop,反馈循环,Контур обратной связи,Feedbackschleife,"Whenever [primary]Harlowe Entangles[/primary] an enemy, she gains increased [secondary]Action Skill Damage[/secondary], [secondary]Action Skill Duration[/secondary], and [secondary]Action Skill Cooldown Rate[/secondary]. This effect stacks.",当[primary]哈洛缠绕[/primary]敌人时，提升其[secondary]主动技能伤害[/secondary]、[secondary]主动技能持续时间[/secondary]和[secondary]主动技能冷却速率[/secondary]。此效果可叠加。,"Каждый раз, когда [primary]Харлоу спутывает[/primary] врага, у нее увеличивается [secondary]урон от активного навыка[/secondary], [secondary]время действия активного навыка[/secondary] и [secondary]скорость восстановления активного навыка[/secondary]. Эффект суммируется.","Immer wenn [primary]Harlowe[/primary] einen Feind [primary]verfängt[/primary], erhöhen sich ihr [secondary]Action-Skill-Schaden[/secondary], ihre [secondary]Action-Skill-Dauer[/secondary] und ihre [secondary]Action-Skill-Abklinggeschwindigkeit[/secondary]. Dieser Effekt ist stapelbar.",passive,228,291,354,417,480,259:Progress_Grav_Branch_TerminalShard_01:Branch - Row 2 - 2,green,Cosmic Brilliance,宇宙光辉,Космическая гениальность,Kosmische Brillanz,Progress_Grav_Branch_TerminalShard_01,Branch - Row 2 - 2,,tooltip_grav_passive_15_FeedbackLoop,feedback_loop_3.png,/Game/uiresources/_shared/assets/ico_ui_art_passives/Gravitar/ico_passive_gravitar_cluster.ico_passive_gravitar_cluster
259,Char_Gravitar,Harlowe,Field-Ready Prototype,战地原型,Контрольный прототип,Einsatzfähiger Prototyp,[primary]Harlowe[/primary] gains increased [secondary]Action Skill Damage[/secondary].,提升[primary]哈洛[/primary]的[secondary]主动技能伤害[/secondary]。,[secondary]Урон от активного навыка[/secondary] [primary]Харлоу[/primary] увеличивается.,[primary]Harlowe[/primary] erhält erhöhten [secondary]Action-Skill-Schaden[/secondary].,passive,36,100,138,176,214,259:Progress_Grav_Trunk_ExodusShard:Trunk - Row 1 - 5,red,Creative Bursts,创意爆发,Прилив креативности,Kreativschübe,Progress_Grav_Trunk_ExodusShard,Trunk - Row 1 - 5,,tooltip_grav_passive_32_FieldReadyPrototype,fieldready_prototype_3.png,/Game/uiresources/_shared/assets/ico_ui_art_passives/Gravitar/ico_passive_gravitar_embellish.ico_passive_gravitar_embellish
259,Char_Gravitar,Harlowe,Fissile Launcher,裂隙火箭炮,Расщепомет,Spaltwerfer,"Whenever [primary]Harlowe[/primary] damages an [nowrap][radiation_icon][radiation]Irradiated[/radiation][/nowrap] enemy or an [primary]Entangled[/primary] enemy, shoot a [nowrap][radiation_icon][radiation]Radiation[/radiation][/nowrap] [radiation]Dart[/radiation] at another enemy.",当[primary]哈洛[/primary]对[nowrap][radiation_icon][radiation]被辐照[/radiation][/nowrap]的敌人或[primary]被缠绕[/primary]的敌人造成伤害时，向另一名敌人发射一支[nowrap][radiation_icon][radiation]辐射[/radiation][/nowrap][radiation]飞镖[/radiation]。,"Каждый раз, когда [primary]Харлоу[/primary] наносит урон [nowrap][radiation_icon][radiation]облученному[/radiation][/nowrap] или [primary]спутанному[/primary] врагу, в другого врага летит [nowrap][radiation_icon][radiation]радиоактивный[/radiation][/nowrap] [radiation]дротик[/radiation].","Immer wenn [primary]Harlowe[/primary] einem [nowrap][radiation_icon][radiation]verstrahlten[/radiation][/nowrap] oder [primary]verfangenen[/primary] Feind Schaden zufügt, schießt sie einen [nowrap][radiation_icon][radiation]Strahlungspfeil[/radiation][/nowrap] auf einen anderen Feind.",passive,255,318,381,444,507,259:Progress_Grav_Branch_ExodusShard_02:Branch - Row 2 - 1,red,Creative Bursts,创意爆发,Прилив креативности,Kreativschübe,Progress_Grav_Branch_ExodusShard_02,Branch - Row 2 - 1,,tooltip_grav_passive_48_FissileLauncher,fissile_launcher_3.png,/Game/uiresources/_shared/assets/ico_ui_art_passives/Gravitar/ico_passive_gravitar_fissile_bolts.ico_passive_gravitar_fissile_bolts
259,Char_Gravitar,Harlowe,Flash Freeze,闪现冻结,Мгновенная заморозка,Schnelles Einfrieren,"Whenever [primary]Harlowe[/primary] deals [nowrap][cryo_icon][cryo]Cryo[/cryo][/nowrap] [cryo]Damage[/cryo] with an [secondary]Action Skill[/secondary], she gains a chance to [nowrap][cryo_icon][cryo]Freeze[/cryo][/nowrap] that enemy.",当[primary]哈洛[/primary]用[secondary]主动技能[/secondary]造成[nowrap][cryo_icon][cryo]冰冻[/cryo][/nowrap][cryo]伤害[/cryo]时，其有几率[nowrap][cryo_icon][cryo]冻结[/cryo][/nowrap]该敌人。,"Каждый раз, когда [primary]Харлоу[/primary] наносит [nowrap][cryo_icon][cryo]урон от холода[/cryo][/nowrap] с помощью [secondary]активного навыка[/secondary], есть шанс [nowrap][cryo_icon][cryo]заморозки[/cryo][/nowrap] пораженного врага.","Immer wenn [primary]Harlowe[/primary] mit einem [secondary]Action-Skill[/secondary] [nowrap][cryo_icon][cryo]Kryo[/cryo][/nowrap]-[cryo]Schaden[/cryo] verursacht, erhält sie eine Chance, diesen Feind [nowrap][cryo_icon][cryo]einzufrieren[/cryo][/nowrap].",passive,277,340,403,466,529,259:Progress_Grav_Branch_StasisShard_02:Branch - Row 2 - 2,blue,Seize the Day,把握光阴,Лови мгновение,Mach das Beste aus jedem Tag,Progress_Grav_Branch_StasisShard_02,Branch - Row 2 - 2,,tooltip_grav_passive_78_FlashFreeze,flash_freeze_3.png,/Game/uiresources/_shared/assets/ico_ui_art_passives/Gravitar/ico_passive_gravitar_ground_state.ico_passive_gravitar_ground_state
259,Char_Gravitar,Harlowe,Force of Will,意志力,Сила воли,Willenskraft,"Whenever [primary]Harlowe[/primary] [secondary]Critically Hits[/secondary] an enemy, [primary]Daze[/primary] that enemy. [primary]Dazed[/primary] enemies have decreased [secondary]Movement Speed[/secondary] and [secondary]Attack Speed[/secondary]. [primary]Daze[/primary] can stack.",当[primary]哈洛[/primary]对敌人造成[secondary]暴击[/secondary]时，会使该敌人[primary]眩晕[/primary]。[primary]眩晕[/primary]的敌人会降低[secondary]移动速度[/secondary]和[secondary]攻击速度[/secondary]。[primary]眩晕[/primary]可叠加层数。,"Каждый раз, когда [primary]Харлоу[/primary] производит [secondary]критическое попадание[/secondary] во врага, этот враг становится [primary]заторможен[/primary]. [secondary]Скорость перемещения[/secondary] и [secondary]скорость атаки[/secondary] [primary]заторможенных[/primary] врагов снижена. Эффект [primary]заторможенности[/primary] суммируется.","Immer wenn [primary]Harlowe[/primary] einen [secondary]kritischen Treffer[/secondary] gegen einen Feind erzielt, wird er [primary]benommen[/primary]. [primary]Benommene[/primary] Feinde haben verringerte [secondary]Bewegungs-[/secondary] und [secondary]Angriffsgeschwindigkeit[/secondary]. [primary]Benommenheit[/primary] ist stapelbar.",passive,268,331,394,457,520,259:Progress_Grav_Branch_StasisShard_01:Branch - Row 1 - 3,blue,Seize the Day,把握光阴,Лови мгновение,Mach das Beste aus jedem Tag,Progress_Grav_Branch_StasisShard_01,Branch - Row 1 - 3,,tooltip_grav_passive_72_ForceOfWill,force_of_will_3.png,/Game/uiresources/_shared/assets/ico_ui_art_passives/Gravitar/ico_passive_gravitar_force_of_will.ico_passive_gravitar_force_of_will
259,Char_Gravitar,Harlowe,Freeze Frame,定格动画,Стоп-кадр,Standbild,[primary]Harlowe's[/primary] [secondary]Guns[/secondary] deal [nowrap][cryo_icon][cryo]Bonus[/cryo][/nowrap] [cryo]Cryo Damage[/cryo] for every enemy she has in [primary]Stasis[/primary].,每有一名[primary]被静止的[/primary]敌人，[primary]哈洛[/primary]的[secondary]枪械[/secondary]将造成[nowrap][cryo_icon][cryo]加成[/cryo][/nowrap][cryo]冰冻伤害[/cryo]。,За каждого врага в [primary]стазисе[/primary] [primary]Харлоу[/primary] наносит [nowrap][cryo_icon][cryo]дополнительный[/cryo][/nowrap] [cryo]урон от холода[/cryo] из любой [secondary]пушки[/secondary].,"[primary]Harlowes[/primary] [secondary]Schusswaffen[/secondary] verursachen für jeden Feind, den sie in [primary]Stasis[/primary] hat, [nowrap][cryo_icon][cryo]Bonus-[/cryo][/nowrap][cryo]Kryo-Schaden[/cryo].",passive,272,335,398,461,524,259:Progress_Grav_Branch_StasisShard_01:Branch - Row 3 - 1,blue,Seize the Day,把握光阴,Лови мгновение,Mach das Beste aus jedem Tag,Progress_Grav_Branch_StasisShard_01,Branch - Row 3 - 1,,tooltip_grav_passive_73_FreezeFrame,freeze_frame_3.png,/Game/uiresources/_shared/assets/ico_ui_art_passives/Gravitar/ico_passive_gravitar_biting_cold.ico_passive_gravitar_biting_cold
259,Char_Gravitar,Harlowe,Fuzzy Math,模糊数学,Нечеткая математика,Matheschwäche,[primary]Harlowe[/primary] gains increased [secondary]Status Effect Chance[/secondary].,提升[primary]哈洛[/primary]的[secondary]状态效果率[/secondary]。,[secondary]Шанс наложения временных стихийных эффектов[/secondary] [primary]Харлоу[/primary] повышается.,[primary]Harlowe[/primary] erhält erhöhte [secondary]Statuseffekt-Chance[/secondary].,passive,37,101,139,177,215,259:Progress_Grav_Trunk_ExodusShard:Trunk - Row 1 - 4,red,Creative Bursts,创意爆发,Прилив креативности,Kreativschübe,Progress_Grav_Trunk_ExodusShard,Trunk - Row 1 - 4,,tooltip_grav_passive_31_fuzzymath,fuzzy_math_3.png,/Game/uiresources/_shared/assets/ico_ui_art_passives/Gravitar/ico_passive_gravitar_fuzzy_math.ico_passive_gravitar_fuzzy_math
259,Char_Gravitar,Harlowe,Gamma Ray Burst,伽马射线爆发,Гамма-взрыв,Gammastrahlen-Explosion,"Whenever [primary]Harlowe[/primary] retriggers her [secondary]Action Skill[/secondary], the next shot fired from her [secondary]Gun[/secondary] drains her [secondary]Shield[/secondary] and deals [nowrap][radiation_icon][radiation]Bonus[/radiation][/nowrap] [radiation]Radiation Damage[/radiation] based on the amount drained.",当[primary]哈洛[/primary]重新触发[secondary]主动技能[/secondary]时，其[secondary]枪械[/secondary]的下一次射击将消耗[secondary]护盾[/secondary]，并根据消耗量造成[nowrap][radiation_icon][radiation]加成[/radiation][/nowrap][radiation]辐射伤害[/radiation]。,"Каждый раз, когда [primary]Харлоу[/primary] повторно задействует [secondary]активный навык[/secondary], следующий выстрел из ее [secondary]пушки[/secondary] расходует ее [secondary]щиты[/secondary] и наносит [nowrap][radiation_icon][radiation]дополнительный[/radiation][/nowrap] [radiation]урон от радиации[/radiation], значение которого зависит от израсходованного заряда.","Immer wenn [primary]Harlowe[/primary] ihren [secondary]Action-Skill[/secondary] erneut auslöst, leert der nächste Schuss aus ihrer [secondary]Schusswaffe[/secondary] ihren [secondary]Schild[/secondary] und verursacht [nowrap][radiation_icon][radiation]Bonus[/radiation][/nowrap]-[radiation]Strahlungsschaden[/radiation] basierend auf der verbrauchten Menge.",passive,232,295,358,421,484,259:Progress_Grav_Branch_TerminalShard_02:Branch - Row 1 - 1,green,Cosmic Brilliance,宇宙光辉,Космическая гениальность,Kosmische Brillanz,Progress_Grav_Branch_TerminalShard_02,Branch - Row 1 - 1,,tooltip_grav_passive_17_GammaRayBurst,gamma_ray_burst_3.png,/Game/uiresources/_shared/assets/ico_ui_art_passives/Gravitar/ico_passive_gravitar_aperture.ico_passive_gravitar_aperture
259,Char_Gravitar,Harlowe,Get Up and Go,积极主动,Встань и иди,Unternehmungsgeist,"Whenever [primary]Harlowe[/primary] activates or retriggers an [secondary]Action Skill[/secondary], she gains increased [secondary]Movement Speed[/secondary].",当[primary]哈洛[/primary]发动或重新触发[secondary]主动技能[/secondary]时，提升其[secondary]移动速度[/secondary]。,"Каждый раз, когда [primary]Харлоу[/primary] активирует или перезапускает [secondary]активный навык[/secondary], ее [secondary]скорость перемещения[/secondary] повышается.","Immer wenn [primary]Harlowe[/primary] einen [secondary]Action-Skill[/secondary] aktiviert oder erneut auslöst, erhöht sich ihre [secondary]Bewegungsgeschwindigkeit[/secondary].",passive,31,95,133,171,209,259:Progress_Grav_Trunk_ExodusShard:Trunk - Row 3 - 2,red,Creative Bursts,创意爆发,Прилив креативности,Kreativschübe,Progress_Grav_Trunk_ExodusShard,Trunk - Row 3 - 2,,tooltip_grav_passive_36_GetUpAndGo,get_up_and_go_3.png,/Game/uiresources/_shared/assets/ico_ui_art_passives/Gravitar/ico_passive_gravitar_get_up_and_go.ico_passive_gravitar_get_up_and_go
259,Char_Gravitar,Harlowe,Glow Up,焕发光彩,Светись,Aufleuchten,[primary]Harlowe[/primary] gains [secondary]Critical Hit Chance[/secondary] with [secondary]Guns[/secondary] against [nowrap][radiation_icon][radiation]Irradiated[/radiation][/nowrap] enemies.,[primary]哈洛[/primary]在对抗[nowrap][radiation_icon][radiation]被辐照[/radiation][/nowrap]的敌人时，其[secondary]枪械[/secondary]将获得[secondary]暴击率[/secondary]。,[primary]Харлоу[/primary] получает [secondary]шанс критического попадания[/secondary] из [secondary]пушек[/secondary] в [nowrap][radiation_icon][radiation]облученных[/radiation][/nowrap] врагов.,[primary]Harlowe[/primary] erhält eine [secondary]kritische Trefferchance[/secondary] mit [secondary]Schusswaffen[/secondary] gegen [nowrap][radiation_icon][radiation]verstrahlte[/radiation][/nowrap] Feinde.,passive,254,317,380,443,506,259:Progress_Grav_Branch_ExodusShard_02:Branch - Row 1 - 3,red,Creative Bursts,创意爆发,Прилив креативности,Kreativschübe,Progress_Grav_Branch_ExodusShard_02,Branch - Row 1 - 3,,tooltip_grav_passive_47_glowUp,glow_up_3.png,/Game/uiresources/_shared/assets/ico_ui_art_passives/Gravitar/ico_passive_gravitar_easy_targets.ico_passive_gravitar_easy_targets
259,Char_Gravitar,Harlowe,Gordian Knot,戈耳迪之结,Гордиев узел,Gordischer Knoten,"[secondary]Kill Skill[/secondary]. Whenever [primary]Harlowe[/primary] kills an [primary]Entangled[/primary] enemy, she gains a chance to instantly fully restore her [secondary]Action Skill[/secondary].",[secondary]杀戮技能[/secondary]。当[primary]哈洛[/primary]击杀[primary]被缠绕[/primary]的敌人时，有几率立即完全恢复[secondary]主动技能[/secondary]。,"[secondary]Навык убийства.[/secondary] Каждый раз, когда [primary]Харлоу[/primary] убивает [primary]спутанного[/primary] врага, то получает шанс немедленно полностью восстановить свой [secondary]активный навык[/secondary].","[secondary]Kill-Skill[/secondary]. Immer wenn [primary]Harlowe[/primary] einen [primary]verfangenen[/primary] Feind tötet, erhält sie eine Chance, ihren [secondary]Action-Skill[/secondary] vollständig wiederherzustellen.",passive,287,350,413,476,539,259:Progress_Grav_Branch_StasisShard_03:Branch - Row 3 - 3,blue,Seize the Day,把握光阴,Лови мгновение,Mach das Beste aus jedem Tag,Progress_Grav_Branch_StasisShard_03,Branch - Row 3 - 3,,tooltip_grav_passive_85_GordianKnot,gordian_knot_3.png,/Game/uiresources/_shared/assets/ico_ui_art_passives/Gravitar/ico_passive_gravitar_verification.ico_passive_gravitar_verification
259,Char_Gravitar,Harlowe,Great Red DoT,红色瞄准点,Большое красное ВсЕ,Zeit für Schaden,[primary]Harlowe[/primary] gains increased [secondary]Status Effect Duration[/secondary].,提升[primary]哈洛[/primary]的[secondary]状态效果持续时间[/secondary]。,[secondary]Время действия стихийных эффектов[/secondary] [primary]Харлоу[/primary] увеличивается.,[primary]Harlowe[/primary] erhält erhöhte [secondary]Statuseffekt-Dauer[/secondary].,passive,29,93,131,169,207,259:Progress_Grav_Trunk_ExodusShard:Trunk - Row 3 - 4,red,Creative Bursts,创意爆发,Прилив креативности,Kreativschübe,Progress_Grav_Trunk_ExodusShard,Trunk - Row 3 - 4,,tooltip_grav_passive_38_GreatRedDoT,great_red_dot_3.png,/Game/uiresources/_shared/assets/ico_ui_art_passives/Gravitar/ico_passive_gravitar_everstorm.ico_passive_gravitar_everstorm
259,Char_Gravitar,Harlowe,Harlowe's Certainty Principle,哈洛的确定性原则,Принцип определенности Харлоу,Harlowes Gewissheitsprinzip,"[primary]Harlowe[/primary] gains increased [secondary]Gun Handling[/secondary], which is further increased with every enemy in her [primary]Flux Generator[/primary].",提升[primary]哈洛[/primary]的[secondary]枪械操控[/secondary]，[primary]通量生成器[/primary]中每有一个敌人，会进一步提升该加成。,"[secondary]Эргономичность оружия[/secondary] [primary]Харлоу[/primary] повышена и дополнительно увеличивается за каждого врага в ее [primary]""Генераторе потока""[/primary].","[primary]Harlowe[/primary] erhält erhöhte [secondary]Schusswaffen-Handhabung[/secondary], die zusätzlich für jeden Feind in [primary]Harlowes Fluxgenerator[/primary] erhöht wird.",passive,233,296,359,422,485,259:Progress_Grav_Branch_TerminalShard_02:Branch - Row 1 - 3,green,Cosmic Brilliance,宇宙光辉,Космическая гениальность,Kosmische Brillanz,Progress_Grav_Branch_TerminalShard_02,Branch - Row 1 - 3,,tooltip_grav_passive_18_CertaintyPrinciple,harlowes_certainty_principle_3.png,/Game/uiresources/_shared/assets/ico_ui_art_passives/Gravitar/ico_passive_gravitar_certainty_principle.ico_passive_gravitar_certainty_principle
259,Char_Gravitar,Harlowe,Heat Death,热寂说,Тепловая смерть,Hitzetod,[primary]Harlowe[/primary] gains increased [nowrap][cryo_icon][cryo]Cryo[/cryo][/nowrap] [cryo]Efficiency[/cryo].,提升[primary]哈洛[/primary]的[nowrap][cryo_icon][cryo]冰冻[/cryo][/nowrap][cryo]效率[/cryo]。,[nowrap][cryo][cryo_icon]Эффективность холода[/cryo][/nowrap] [primary]Харлоу[/primary] повышается.,[primary]Harlowe[/primary] erhält eine erhöhte [nowrap][cryo_icon][cryo]Kryo[/cryo][/nowrap]-[cryo]Effizienz[/cryo].,passive,59,72,110,148,186,259:Progress_Grav_Trunk_TerminalShard:Trunk - Row 2 - 5,green,Cosmic Brilliance,宇宙光辉,Космическая гениальность,Kosmische Brillanz,Progress_Grav_Trunk_TerminalShard,Trunk - Row 2 - 5,,tooltip_grav_passive_07_heatDeath,heat_death_3.png,/Game/uiresources/_shared/assets/ico_ui_art_passives/Gravitar/ico_passive_gravitar_heat_death.ico_passive_gravitar_heat_death
259,Char_Gravitar,Harlowe,Heat Sink,散热器,Теплоотвод,Kühlkörper,"Whenever [primary]Harlowe[/primary] [nowrap][cryo_icon][cryo]Freezes[/cryo][/nowrap] an enemy, she gains increased [secondary]Action Skill Cooldown Rate[/secondary].",当[primary]哈洛[/primary][nowrap][cryo_icon][cryo]冻结[/cryo][/nowrap]敌人时，提升其[secondary]主动技能冷却速率[/secondary]。,"Каждый раз, когда [primary]Харлоу[/primary] [nowrap][cryo_icon][cryo]замораживает[/cryo][/nowrap] врага, [secondary]скорость восстановления ее активного навыка[/secondary] увеличивается.","Immer wenn [primary]Harlowe[/primary] einen Feind [nowrap][cryo_icon][cryo]einfriert[/cryo][/nowrap], erhält sie erhöhte [secondary]Action-Skill-Abklinggeschwindigkeit[/secondary].",passive,278,341,404,467,530,259:Progress_Grav_Branch_StasisShard_02:Branch - Row 2 - 3,blue,Seize the Day,把握光阴,Лови мгновение,Mach das Beste aus jedem Tag,Progress_Grav_Branch_StasisShard_02,Branch - Row 2 - 3,,tooltip_grav_passive_79_heatSink,heat_sink_3.png,/Game/uiresources/_shared/assets/ico_ui_art_passives/Gravitar/ico_passive_gravitar_heat_sink.ico_passive_gravitar_heat_sink
259,Char_Gravitar,Harlowe,Highly Efficient,高效率,Высокая эффективность,Hocheffizient,"[secondary]Kill Skill[/secondary]. Whenever [primary]Harlowe[/primary] kills an enemy with a [secondary]Skill[/secondary], [secondary]Restore[/secondary] a portion of her [secondary]Shield Capacity[/secondary].",[secondary]杀戮技能。[/secondary]当[primary]哈洛[/primary]用[secondary]技能[/secondary]击杀敌人时，会[secondary]恢复[/secondary]一部分[secondary]护盾容量[/secondary]。,"[secondary]Навык убийства.[/secondary] Каждый раз, когда [primary]Харлоу[/primary] убивает врага с помощью [secondary]навыка[/secondary], часть ее [secondary]щитов[/secondary] [secondary]восполняется[/secondary].","[secondary]Kill-Skill.[/secondary] Immer wenn [primary]Harlowe[/primary] einen Feind mit einem [secondary]Skill[/secondary] tötet, wird ihre [secondary]Schildkapazität[/secondary] teilweise [secondary]wiederhergestellt[/secondary].",passive,260,323,386,449,512,259:Progress_Grav_Branch_ExodusShard_03:Branch - Row 1 - 1,red,Creative Bursts,创意爆发,Прилив креативности,Kreativschübe,Progress_Grav_Branch_ExodusShard_03,Branch - Row 1 - 1,,tooltip_grav_passive_52_HighlyEfficient,highly_efficient_3.png,/Game/uiresources/_shared/assets/ico_ui_art_passives/Gravitar/ico_passive_gravitar_highly_efficient.ico_passive_gravitar_highly_efficient
259,Char_Gravitar,Harlowe,Indiscrete Math,不离散数学,Математика и модель,Indiskrete Mathematik,[primary]Harlowe[/primary] gains increased [secondary]Splash Damage[/secondary].,提升[primary]哈洛[/primary]的[secondary]溅射伤害[/secondary]。,[primary]Харлоу[/primary] наносит повышенный [secondary]урон по площади[/secondary].,[primary]Harlowe[/primary] erhält erhöhten [secondary]indirekten Schaden[/secondary].,passive,281,344,407,470,533,259:Progress_Grav_Branch_StasisShard_03:Branch - Row 1 - 1,blue,Seize the Day,把握光阴,Лови мгновение,Mach das Beste aus jedem Tag,Progress_Grav_Branch_StasisShard_03,Branch - Row 1 - 1,,tooltip_grav_passive_81_IndiscreteMathematics,indiscrete_math_3.png,/Game/uiresources/_shared/assets/ico_ui_art_passives/Gravitar/ico_passive_gravitar_rush_of_ideas.ico_passive_gravitar_rush_of_ideas
259,Char_Gravitar,Harlowe,Jaunt,逍遥,Веселая прогулка,Abstecher,Press and hold [glyph]Action_Melee[/glyph] to make [primary]Harlowe[/primary] [secondary]swap places[/secondary] with her [primary]Flux Generator[/primary]. Can only be activated if [primary]Flux Generator[/primary] is on the ground.,按住[glyph]Action_Melee[/glyph]，[primary]哈洛[/primary]将和[primary]通量生成器[/primary][secondary]交换位置[/secondary]。仅当[primary]通量生成器[/primary]被放在地面时才能发动。,"Нажмите и удерживайте [glyph]Action_Melee[/glyph], чтобы [primary]Харлоу[/primary] [secondary]поменялась местами[/secondary] с ее [primary]""Генератором потока""[/primary]. Работает, только если [primary]""Генератор потока""[/primary] находится на земле.","Halte [glyph]Action_Melee[/glyph] gedrückt, damit [primary]Harlowe[/primary] mit ihrem [primary]Fluxgenerator[/primary] [secondary]die Plätze tauscht[/secondary]. Kann nur aktiviert werden, wenn der [primary]Fluxgenerator[/primary] am Boden ist.",passive,235,298,361,424,487,259:Progress_Grav_Branch_TerminalShard_02:Branch - Row 2 - 2,green,Cosmic Brilliance,宇宙光辉,Космическая гениальность,Kosmische Brillanz,Progress_Grav_Branch_TerminalShard_02,Branch - Row 2 - 2,,tooltip_grav_passive_19_Jaunt,jaunt_3.png,/Game/uiresources/_shared/assets/ico_ui_art_passives/Gravitar/ico_passive_gravitar_binary_star.ico_passive_gravitar_binary_star
259,Char_Gravitar,Harlowe,Keep Ice On That,保持冷静,Приложи лед,Kühl das lieber,"All [nowrap][cryo_icon][cryo]Cryo[/cryo][/nowrap] [cryo]Damage[/cryo] [primary]Harlowe[/primary] deals gains [secondary]Lifesteal[/secondary]. If [primary]Harlowe's[/primary] [secondary]Health[/secondary] is full, she gains [secondary]Overshield[/secondary] instead.",[primary]哈洛[/primary]造成的所有[nowrap][cryo_icon][cryo]冰冻[/cryo][/nowrap][cryo]伤害[/cryo]都会获得[secondary]吸血[/secondary]效果。如[primary]哈洛的[/primary][secondary]生命值[/secondary]全满，则会获得[secondary]超强护盾[/secondary]。,"Весь [nowrap][cryo_icon][cryo]урон от холода[/cryo][/nowrap], наносимый [primary]Харлоу[/primary], также [secondary]крадет здоровье[/secondary]. Если [secondary]здоровье[/secondary] [primary]Харлоу[/primary] полное, она вместо этого получает [secondary]суперщит[/secondary].","Sämtlicher [nowrap][cryo_icon][cryo]Kryo-Schaden[/cryo][/nowrap], den [primary]Harlowe[/primary] verursacht, erhält [secondary]Lebensraub[/secondary]. Wenn [primary]Harlowes[/primary] [secondary]Gesundheit[/secondary] voll ist, erhält sie stattdessen [secondary]Überschild[/secondary].",passive,275,338,401,464,527,259:Progress_Grav_Branch_StasisShard_02:Branch - Row 1 - 3,blue,Seize the Day,把握光阴,Лови мгновение,Mach das Beste aus jedem Tag,Progress_Grav_Branch_StasisShard_02,Branch - Row 1 - 3,,tooltip_grav_passive_76_KeepIceOnThat,keep_ice_on_that_3.png,/Game/uiresources/_shared/assets/ico_ui_art_passives/Gravitar/ico_passive_gravitar_paralyzing_cold.ico_passive_gravitar_paralyzing_cold
259,Char_Gravitar,Harlowe,Latent Charge,潜伏充能,Скрытый заряд,Latente Ladung,"[primary]Harlowe[/primary] deals [secondary]Bonus Damage[/secondary] with [secondary]Guns[/secondary], [secondary]Melee Attacks[/secondary], and [secondary]Action Skills[/secondary] while she has [secondary]Overshield[/secondary]. The more [secondary]Overshield[/secondary] she has, the bigger the bonus.",当[primary]哈洛[/primary]拥有[secondary]超强护盾[/secondary]时，可通过[secondary]枪械[/secondary]、[secondary]近战攻击[/secondary]和[secondary]主动技能[/secondary]造成[secondary]加成伤害[/secondary]。拥有的[secondary]超强护盾[/secondary]越高，加成越高。,"[primary]Харлоу[/primary] наносит [secondary]дополнительный урон[/secondary] от [secondary]оружия[/secondary], [secondary]в ближнем бою[/secondary] и [secondary]от активных навыков[/secondary], если у нее есть [secondary]суперщиты[/secondary]. Чем больше [secondary]суперщитов[/secondary], тем выше бонус.","[primary]Harlowe[/primary] verursacht [secondary]Bonusschaden[/secondary] mit [secondary]Schusswaffen[/secondary], [secondary]Nahkampfangriffen[/secondary] und [secondary]Aktions-Skills[/secondary], während sie über [secondary]Überschild[/secondary] verfügt. Je mehr [secondary]Überschild[/secondary] sie hat, desto größer ist der Bonus.",passive,227,290,353,416,479,259:Progress_Grav_Branch_TerminalShard_01:Branch - Row 2 - 1,green,Cosmic Brilliance,宇宙光辉,Космическая гениальность,Kosmische Brillanz,Progress_Grav_Branch_TerminalShard_01,Branch - Row 2 - 1,,tooltip_grav_passive_14_LatentCharge,latent_charge_3.png,/Game/uiresources/_shared/assets/ico_ui_art_passives/Gravitar/ico_passive_gravitar_showing_potential.ico_passive_gravitar_showing_potential
259,Char_Gravitar,Harlowe,Mains Hum,主流低频,Помехи от переменного тока,Netzbrummen,[primary]Harlowe[/primary] gains increased [secondary]Maximum Shield Capacity[/secondary] and increased [secondary]Maximum Overshield Capacity[/secondary].,提升[primary]哈洛[/primary]的[secondary]最大护盾容量[/secondary]和[secondary]最大超强护盾容量[/secondary]。,Повышается [secondary]максимальная емкость щита[/secondary] и [secondary]максимальная емкость суперщита[/secondary] [primary]Харлоу[/primary].,[primary]Harlowe[/primary] erhält eine erhöhte [secondary]maximale Schildkapazität[/secondary] und eine erhöhte [secondary]maximale Überschild-Kapazität[/secondary].,passive,66,79,117,155,193,259:Progress_Grav_Trunk_TerminalShard:Trunk - Row 1 - 1,green,Cosmic Brilliance,宇宙光辉,Космическая гениальность,Kosmische Brillanz,Progress_Grav_Trunk_TerminalShard,Trunk - Row 1 - 1,,tooltip_grav_passive_01_MainsHum,mains_hum_3.png,/Game/uiresources/_shared/assets/ico_ui_art_passives/Gravitar/ico_passive_gravitar_extra_galactic.ico_passive_gravitar_extra_galactic
259,Char_Gravitar,Harlowe,Make Extraordinary,创造非凡,Добивайся исключительного,Außergewöhnliches machen,[primary]Harlowe[/primary] gains [secondary]Critical Hit Chance[/secondary] with all [secondary]Skills[/secondary]. This chance increases every time [primary]Harlowe Entangles[/primary] an enemy. This effect stacks.,[primary]哈洛[/primary]的所有[secondary]技能[/secondary]获得[secondary]暴击率[/secondary]。每次[primary]哈洛缠绕[/primary]敌人时，都会提高此几率。此效果可叠加。,"[primary]Харлоу[/primary] получает [secondary]шанс критического попадания[/secondary] для всех [secondary]навыков[/secondary]. Шанс увеличивается каждый раз, когда [primary]Харлоу спутывает[/primary] врага. Эффект суммируется.","[primary]Harlowe[/primary] erhält eine [secondary]kritische Trefferchance[/secondary] bei allen [secondary]Skills[/secondary]. Immer wenn [primary]Harlowe[/primary] einen Feind [primary]verfängt[/primary], erhöht sich die Chance. Dieser Effekt ist stapelbar.",passive,49,87,125,163,201,259:Progress_Grav_Trunk_StasisShard:Trunk - Row 1 - 5,blue,Seize the Day,把握光阴,Лови мгновение,Mach das Beste aus jedem Tag,Progress_Grav_Trunk_StasisShard,Trunk - Row 1 - 5,,tooltip_grav_passive_59_MakeExtraordinary,make_extraordinary_3.png,/Game/uiresources/_shared/assets/ico_ui_art_passives/Gravitar/ico_passive_gravitar_make_extraordinary.ico_passive_gravitar_make_extraordinary
259,Char_Gravitar,Harlowe,Mass Function,质量函数,Функция массы,Massenfunktion,[primary]Harlowe[/primary] and her allies gain increased [secondary]Reload Speed[/secondary] for every [primary]Entangled[/primary] enemy.,每有一名[primary]被缠绕的[/primary]敌人，都将提升[primary]哈洛[/primary]及其友方的[secondary]装填速度[/secondary]。,[primary]Харлоу[/primary] и ее союзники получают повышенную [secondary]скорость перезарядки[/secondary] за каждого [primary]спутанного[/primary] врага.,[primary]Harlowe[/primary] und ihre Verbündeten erhalten erhöhte [secondary]Nachladegeschwindigkeit[/secondary] für jeden [primary]verfangenen[/primary] Feind.,passive,61,74,112,150,188,259:Progress_Grav_Trunk_TerminalShard:Trunk - Row 2 - 1,green,Cosmic Brilliance,宇宙光辉,Космическая гениальность,Kosmische Brillanz,Progress_Grav_Trunk_TerminalShard,Trunk - Row 2 - 1,,tooltip_grav_passive_05_MassFunction,mass_function_3.png,/Game/uiresources/_shared/assets/ico_ui_art_passives/Gravitar/ico_passive_gravitar_blazar.ico_passive_gravitar_blazar
259,Char_Gravitar,Harlowe,Mechanical Brilliance,机械才华,Техническая гениальность,Mechanische Brillanz,"Whenever [primary]Harlowe[/primary] damages an enemy with a [secondary]Skill[/secondary], she gains increased [secondary]Skill Damage[/secondary]. This effect stacks.",当[primary]哈洛[/primary]用[secondary]技能[/secondary]对敌人造成伤害时，会提升其[secondary]技能伤害[/secondary]。此效果可叠加。,"Каждый раз, когда [primary]Харлоу[/primary] наносит врагу урон от [secondary]навыков[/secondary], ее [secondary]урон от навыков[/secondary] увеличивается. Этот эффект суммируется.","Immer wenn [primary]Harlowe[/primary] einem Feind mit einem [secondary]Skill[/secondary] Schaden zufügt, erhöht sich ihr [secondary]Skill-Schaden[/secondary]. Dieser Effekt ist stapelbar.",passive,261,324,387,450,513,259:Progress_Grav_Branch_ExodusShard_03:Branch - Row 1 - 3,red,Creative Bursts,创意爆发,Прилив креативности,Kreativschübe,Progress_Grav_Branch_ExodusShard_03,Branch - Row 1 - 3,,tooltip_grav_passive_53_MechanicalBrilliance,mechanical_brilliance_3.png,/Game/uiresources/_shared/assets/ico_ui_art_passives/Gravitar/ico_passive_gravitar_mechanical_brilliance.ico_passive_gravitar_mechanical_brilliance
259,Char_Gravitar,Harlowe,Meltdown,熔毁,Расплав,Schmelze,[primary]Harlowe's[/primary] [secondary]Critical Hits[/secondary] with [secondary]Guns[/secondary] deal [nowrap][radiation_icon][radiation]Bonus[/radiation][/nowrap] [radiation]Radiation Damage[/radiation].,[primary]哈洛的[/primary][secondary]枪械[/secondary][secondary]暴击[/secondary]会造成[nowrap][radiation_icon][radiation]加成[/radiation][/nowrap][radiation]辐射伤害[/radiation]。,При [secondary]критических попаданиях[/secondary] из [secondary]пушек[/secondary] [primary]Харлоу[/primary] наносит [nowrap][radiation_icon][radiation]дополнительный[/radiation][/nowrap] [radiation]урон от радиации[/radiation].,[primary]Harlowes[/primary] [secondary]kritische Treffer[/secondary] mit [secondary]Schusswaffen[/secondary] verursachen[nowrap][radiation_icon][radiation]Bonus-Strahlungsschaden[/radiation][/nowrap].,passive,238,301,364,427,490,259:Progress_Grav_Branch_TerminalShard_02:Branch - Row 3 - 3,green,Cosmic Brilliance,宇宙光辉,Космическая гениальность,Kosmische Brillanz,Progress_Grav_Branch_TerminalShard_02,Branch - Row 3 - 3,,tooltip_grav_passive_22_Meltdown,meltdown_3.png,/Game/uiresources/_shared/assets/ico_ui_art_passives/Gravitar/ico_passive_gravitar_meltdown.ico_passive_gravitar_meltdown
259,Char_Gravitar,Harlowe,Momentum,冲量,Импульс силы,,"Whenever [primary]Harlowe Entangles[/primary] an enemy, she and her allies deal increased [secondary]Critical Hit Damage[/secondary].",当[primary]哈洛缠绕[/primary]敌人时，会提升自身及其友方的[secondary]暴击伤害[/secondary]。,"Каждый раз, когда [primary]Харлоу спутывает[/primary] врага, она и ее союзники наносят повышенный [secondary]критический урон[/secondary].","Immer wenn [primary]Harlowe[/primary] einen Feind [primary]verfängt[/primary], verursachen sie und ihre Verbündeten erhöhten [secondary]kritischen Trefferschaden[/secondary].",passive,62,75,113,151,189,259:Progress_Grav_Trunk_TerminalShard:Trunk - Row 1 - 5,green,Cosmic Brilliance,宇宙光辉,Космическая гениальность,Kosmische Brillanz,Progress_Grav_Trunk_TerminalShard,Trunk - Row 1 - 5,,tooltip_grav_passive_04_momentum,momentum_3.png,/Game/uiresources/_shared/assets/ico_ui_art_passives/Gravitar/ico_passive_gravitar_momentum.ico_passive_gravitar_momentum
259,Char_Gravitar,Harlowe,Negative Entropy,负熵,Отрицательная энтропия,Negative Entropie,[primary]Harlowe[/primary] gains increased [secondary]Gun Handling[/secondary]. This bonus is [secondary]Doubled[/secondary] while an enemy is in [primary]Stasis[/primary].,提升[primary]哈洛[/primary]的[secondary]枪械操控[/secondary]。当敌人处于[primary]静止[/primary]状态时，此加成效果[secondary]加倍[/secondary]。,"[secondary]Эргономичность оружия[/secondary] [primary]Харлоу[/primary] повышена. Бонус [secondary]удваивается[/secondary], пока враг в [primary]стазисе[/primary].","[primary]Harlowe[/primary] erhält eine verbesserte [secondary]Schusswaffen-Handhabung[/secondary]. Dieser Bonus [secondary]verdoppelt sich[/secondary], solange ein Feind in [primary]Stasis[/primary] ist.",passive,20,19,18,17,16,259:Progress_Grav_Trunk_StasisShard:Trunk - Row 2 - 3,blue,Seize the Day,把握光阴,Лови мгновение,Mach das Beste aus jedem Tag,Progress_Grav_Trunk_StasisShard,Trunk - Row 2 - 3,,tooltip_grav_passive_64_Negentropy,negative_entropy_3.png,/Game/uiresources/_shared/assets/ico_ui_art_passives/Gravitar/ico_passive_gravitar_dazzling_determination.ico_passive_gravitar_dazzling_determination
259,Char_Gravitar,Harlowe,Neutron Decay,中子衰变,Распад нейтронов,Neutronenzerfall,"Whenever [primary]Harlowe[/primary] [nowrap][radiation_icon][radiation]Irradiates[/radiation][/nowrap] an enemy, she gains increased [secondary]Gun Damage[/secondary]. This effect stacks.",当[primary]哈洛[/primary][nowrap][radiation_icon][radiation]辐照[/radiation][/nowrap]敌人时，提升其[secondary]枪械伤害[/secondary]。此效果可叠加。,"Каждый раз, когда [primary]Харлоу[/primary] [nowrap][radiation_icon][radiation]облучает[/radiation][/nowrap] врага, у нее увеличивается [secondary]урон от стрельбы[/secondary]. Этот эффект суммируется.","Immer wenn [primary]Harlowe[/primary] einen Feind [nowrap][radiation_icon][radiation]verstrahlt[/radiation][/nowrap], erhöht sich ihr [secondary]Schusswaffen-Schaden[/secondary]. Dieser Effekt ist stapelbar.",passive,60,73,111,149,187,259:Progress_Grav_Trunk_TerminalShard:Trunk - Row 2 - 3,green,Cosmic Brilliance,宇宙光辉,Космическая гениальность,Kosmische Brillanz,Progress_Grav_Trunk_TerminalShard,Trunk - Row 2 - 3,,tooltip_grav_passive_06_NeutronDecay,neutron_decay_3.png,/Game/uiresources/_shared/assets/ico_ui_art_passives/Gravitar/ico_passive_gravitar_afterglow.ico_passive_gravitar_afterglow
259,Char_Gravitar,Harlowe,Opposing Force,对抗力量,Сила противодействия,Gegenkraft,"Whenever [primary]Harlowe[/primary] [nowrap][cryo_icon][cryo]Freezes[/cryo][/nowrap] an enemy, she gains increased [secondary]Action Skill Cooldown Rate[/secondary]. This effect stacks.",当[primary]哈洛[/primary][nowrap][cryo_icon][cryo]冻结[/cryo][/nowrap]敌人时，提升其[secondary]主动技能冷却速率[/secondary]。此效果可叠加。,"Каждый раз, когда [primary]Харлоу[/primary] [nowrap][cryo_icon][cryo]замораживает[/cryo][/nowrap] врага, у нее увеличивается [secondary]скорость восстановления активного навыка[/secondary]. Этот эффект суммируется.","Immer wenn [primary]Harlowe[/primary] einen Feind [nowrap][cryo_icon][cryo]einfriert[/cryo][/nowrap], erhöht sich ihre [secondary]Action-Skill-Abklinggeschwindigkeit[/secondary] für kurze Zeit. Dieser Effekt ist stapelbar.",passive,251,314,377,440,503,259:Progress_Grav_Branch_ExodusShard_01:Branch - Row 3 - 1,red,Creative Bursts,创意爆发,Прилив креативности,Kreativschübe,Progress_Grav_Branch_ExodusShard_01,Branch - Row 3 - 1,,tooltip_grav_passive_44_PowerCycle,opposing_force_3.png,/Game/uiresources/_shared/assets/ico_ui_art_passives/Gravitar/ico_passive_gravitar_turn_it_on_and_off_again.ico_passive_gravitar_turn_it_on_and_off_again
259,Char_Gravitar,Harlowe,PPE,个人防护,СИЗ,Schutzkleidung,[primary]Harlowe[/primary] gains increased [secondary]Maximum Shield Capacity[/secondary] and [secondary]Shield Recharge Rate[/secondary].,提升[primary]哈洛[/primary]的[secondary]最大护盾容量[/secondary]和[secondary]护盾充能速率[/secondary]。,[secondary]Емкость щита[/secondary] и [secondary]скорость подзарядки щита[/secondary] [primary]Харлоу[/primary] увеличиваются.,[primary]Harlowe[/primary] erhält erhöhte [secondary]maximale Schildkapazität[/secondary] und [secondary]Schild-Ladegeschwindigkeit[/secondary].,passive,39,103,141,179,217,259:Progress_Grav_Trunk_ExodusShard:Trunk - Row 1 - 2,red,Creative Bursts,创意爆发,Прилив креативности,Kreativschübe,Progress_Grav_Trunk_ExodusShard,Trunk - Row 1 - 2,,tooltip_grav_passive_30_PPE,ppe_3.png,/Game/uiresources/_shared/assets/ico_ui_art_passives/Gravitar/ico_passive_gravitar_harmonics.ico_passive_gravitar_harmonics
259,Char_Gravitar,Harlowe,Parallel Circuit,并联电路,Параллельная цепь,Parallelschaltkreis,"After triggering or retriggering an [secondary]Action Skill[/secondary], [primary]Harlowe[/primary] gains increased [secondary]Gun Damage[/secondary].",触发或重新触发[secondary]主动技能[/secondary]后，提升[primary]哈洛[/primary]的[secondary]枪械伤害[/secondary]。,"Каждый раз, когда [primary]Харлоу[/primary] активирует или перезапускает [secondary]активный навык[/secondary], ее [secondary]урон от стрельбы[/secondary] повышается.",Nach dem Auslösen oder erneuten Auslösen eines [secondary]Action-Skills[/secondary] erhält [primary]Harlowe[/primary] erhöhten [secondary]Schusswaffen-Schaden[/secondary].,passive,51,89,127,165,203,259:Progress_Grav_Trunk_StasisShard:Trunk - Row 1 - 3,blue,Seize the Day,把握光阴,Лови мгновение,Mach das Beste aus jedem Tag,Progress_Grav_Trunk_StasisShard,Trunk - Row 1 - 3,,tooltip_grav_passive_60_ParallelCircuit,parallel_circuit_3.png,/Game/uiresources/_shared/assets/ico_ui_art_passives/Gravitar/ico_passive_gravitar_eager.ico_passive_gravitar_eager
259,Char_Gravitar,Harlowe,Pencils Down,放下铅笔,Сдаем работы,Stifte runter,"While [primary]Harlowe's[/primary] [secondary]Action Skill[/secondary] is [secondary]Cooling Down[/secondary], she grants herself and her allies increased [secondary]Reload Speed[/secondary] and [secondary]Fire Rate[/secondary].",当[primary]哈洛的[/primary][secondary]主动技能[/secondary][secondary]冷却[/secondary]时，提升她及友方的[secondary]装填速度[/secondary]和[secondary]射速[/secondary]。,"Пока [secondary]активный навык[/secondary] [primary]Харлоу[/primary] [secondary]восстанавливается[/secondary], она и ее союзники получают ускоренную [secondary]перезарядку[/secondary] и увеличенную [secondary]скорострельность[/secondary].","Während [primary]Harlowes[/primary] [secondary]Action-Skill[/secondary] [secondary]abklingt[/secondary], erhalten sie und ihre Verbündeten erhöhte [secondary]Nachladegeschwindigkeit[/secondary] und [secondary]Feuerrate[/secondary].",passive,244,307,370,433,496,259:Progress_Grav_Branch_TerminalShard_03:Branch - Row 3 - 1,green,Cosmic Brilliance,宇宙光辉,Космическая гениальность,Kosmische Brillanz,Progress_Grav_Branch_TerminalShard_03,Branch - Row 3 - 1,,tooltip_grav_passive_27_PencilsDown,pencils_down_3.png,/Game/uiresources/_shared/assets/ico_ui_art_passives/Gravitar/ico_passive_gravitar_vestige.ico_passive_gravitar_vestige
259,Char_Gravitar,Harlowe,Periodic Table Flip,周期表翻转,Периодическая система подавления,Umgekehrtes Periodensystem,"[primary]Harlowe[/primary] gains increased [nowrap][elemental_icon][secondary]Elemental[/secondary][/nowrap][secondary] Damage[/secondary], [secondary]Status Effect Application Chance[/secondary], and [cryo]Cryo Effectiveness[/cryo].",提升[primary]哈洛[/primary]的[nowrap][elemental_icon][secondary]元素[/secondary][/nowrap][secondary]伤害[/secondary]、[secondary]状态效果施加率[/secondary]和[cryo]冰冻效率[/cryo]。,"[primary]Харлоу[/primary] наносит повышенный [nowrap][elemental_icon][secondary]стихийный[/secondary][/nowrap][secondary] урон[/secondary], получает [secondary]шанс наложения временного стихийного эффекта[/secondary] и [cryo]эффективность урона от холода[/cryo].",[primary]Harlowe[/primary] erhält erhöhten [nowrap][elemental_icon][elemental]Elementarschaden[/elemental][/nowrap] sowie eine erhöhte [secondary]Statuseffekt-Anwendungschance[/secondary] und [cryo]Kryo-Effizienz[/cryo].,passive,46,85,123,161,199,259:Progress_Grav_Trunk_StasisShard:Trunk - Row 2 - 5,blue,Seize the Day,把握光阴,Лови мгновение,Mach das Beste aus jedem Tag,Progress_Grav_Trunk_StasisShard,Trunk - Row 2 - 5,,tooltip_grav_passive_62_PeriodicTableFlip,periodic_table_flip_3.png,/Game/uiresources/_shared/assets/ico_ui_art_passives/Gravitar/ico_passive_gravitar_warm_heart.ico_passive_gravitar_warm_heart
259,Char_Gravitar,Harlowe,Personal Observation,个人观察,Личные наблюдения,Persönliche Beobachtung,[primary]Harlowe[/primary] deals increased [secondary]Melee Damage[/secondary] and her [secondary]Melee Attacks[/secondary] gain a chance to [primary]Entangle[/primary] enemies.,提升[primary]哈洛[/primary]的[secondary]近战伤害[/secondary]，其[secondary]近战攻击[/secondary]有几率[primary]缠绕[/primary]敌人。,"[primary]Харлоу[/primary] наносит повышенный [secondary]урон в ближнем бою[/secondary], а ее [secondary]атаки в ближнем бою[/secondary] имеют шанс [primary]спутать[/primary] врагов.","[primary]Harlowe[/primary] verursacht erhöhten [secondary]Nahkampfschaden[/secondary] und ihre [secondary]Nahkampfangriffe[/secondary] erhalten eine Chance, Feinde zu [primary]verfangen[/primary].",passive,65,78,116,154,192,259:Progress_Grav_Trunk_TerminalShard:Trunk - Row 1 - 2,green,Cosmic Brilliance,宇宙光辉,Космическая гениальность,Kosmische Brillanz,Progress_Grav_Trunk_TerminalShard,Trunk - Row 1 - 2,,tooltip_grav_passive_02_personalObservation,personal_observation_3.png,/Game/uiresources/_shared/assets/ico_ui_art_passives/Gravitar/ico_passive_gravitar_personal_observation.ico_passive_gravitar_personal_observation
259,Char_Gravitar,Harlowe,Poisoned Sun,中毒烈日,Отравленное солнце,Vergiftete Sonne,[primary]Harlowe[/primary] gains increased [nowrap][radiation_icon][radiation]Radiation[/radiation][/nowrap] [radiation]Damage[/radiation] and [nowrap][radiation_icon][radiation]Irradiation[/radiation][/nowrap] [radiation]Chance[/radiation].,提升[primary]哈洛[/primary]的[nowrap][radiation_icon][radiation]辐射[/radiation][/nowrap][radiation]伤害[/radiation]和[nowrap][radiation_icon][radiation]辐照[/radiation][/nowrap][radiation]率[/radiation]。,[primary]Харлоу[/primary] наносит повышенный [nowrap][radiation_icon][radiation]урон[/radiation][/nowrap] [radiation]от радиации[/radiation]. Шанс [nowrap][radiation_icon][radiation]облучения[/radiation][/nowrap] также повышается.,[primary]Harlowe[/primary] erhält erhöhten [nowrap][radiation_icon][radiation]Strahlungsschaden[/radiation][/nowrap] und erhöhte [nowrap][radiation_icon][radiation]Strahlungschance[/radiation][/nowrap].,passive,253,316,379,442,505,259:Progress_Grav_Branch_ExodusShard_02:Branch - Row 1 - 1,red,Creative Bursts,创意爆发,Прилив креативности,Kreativschübe,Progress_Grav_Branch_ExodusShard_02,Branch - Row 1 - 1,,tooltip_grav_passive_46_PoisonedSun,poisoned_sun_3.png,/Game/uiresources/_shared/assets/ico_ui_art_passives/Gravitar/ico_passive_gravitar_proven_results.ico_passive_gravitar_proven_results
259,Char_Gravitar,Harlowe,Practical Applications,实际应用,Практическое применение,Praktische Anwendungen,[primary]Harlowe[/primary] gains increased [secondary]Skill Damage[/secondary].,提升[primary]哈洛[/primary]的[secondary]技能伤害[/secondary]。,[secondary]Урон от всех навыков[/secondary] [primary]Харлоу[/primary] увеличен.,[primary]Harlowe[/primary] erhält erhöhten [secondary]Skill-Schaden[/secondary].,passive,246,309,372,435,498,259:Progress_Grav_Branch_ExodusShard_01:Branch - Row 1 - 1,red,Creative Bursts,创意爆发,Прилив креативности,Kreativschübe,Progress_Grav_Branch_ExodusShard_01,Branch - Row 1 - 1,,tooltip_grav_passive_40_PracticalApplications,practical_applications_3.png,/Game/uiresources/_shared/assets/ico_ui_art_passives/Gravitar/ico_passive_gravitar_mean_business.ico_passive_gravitar_mean_business
259,Char_Gravitar,Harlowe,Precision Engineering,精密工程,Точное машиностроение,Präzisionstechnik,[primary]Harlowe[/primary] gains increased [secondary]Critical Hit Damage[/secondary].,提升[primary]哈洛[/primary]的[secondary]暴击伤害[/secondary]。,[secondary]Критический урон[/secondary] [primary]Харлоу[/primary] повышается.,[primary]Harlowe[/primary] erhält erhöhten [secondary]kritischen Trefferschaden[/secondary].,passive,43,82,120,158,196,259:Progress_Grav_Trunk_StasisShard:Trunk - Row 3 - 3,blue,Seize the Day,把握光阴,Лови мгновение,Mach das Beste aus jedem Tag,Progress_Grav_Trunk_StasisShard,Trunk - Row 3 - 3,,tooltip_grav_passive_67_PrecisionEngineering,precision_engineering_3.png,/Game/uiresources/_shared/assets/ico_ui_art_passives/Gravitar/ico_passive_gravitar_glow_up.ico_passive_gravitar_glow_up
259,Char_Gravitar,Harlowe,Pulse Drive,脉冲驱动,Импульсный двигатель,Impulsantrieb,[primary]Harlowe[/primary] gains increased [secondary]Action Skill Cooldown Rate[/secondary].,提升[primary]哈洛[/primary]的[secondary]主动技能冷却速率[/secondary]。,Повышается [secondary]скорость восстановления активного навыка[/secondary] [primary]Харлоу[/primary].,[primary]Harlowe[/primary] erhält erhöhte [secondary]Action-Skill-Abklinggeschwindigkeit[/secondary].,passive,50,88,126,164,202,259:Progress_Grav_Trunk_StasisShard:Trunk - Row 1 - 4,blue,Seize the Day,把握光阴,Лови мгновение,Mach das Beste aus jedem Tag,Progress_Grav_Trunk_StasisShard,Trunk - Row 1 - 4,,tooltip_grav_passive_61_PulseDrive,pulse_drive_3.png,/Game/uiresources/_shared/assets/ico_ui_art_passives/Gravitar/ico_passive_gravitar_make_time.ico_passive_gravitar_make_time
259,Char_Gravitar,Harlowe,QED,量子电动力学,,,"[secondary]Melee Override[/secondary]. [primary]Harlowe[/primary] attaches an [primary]Unstable Energy Pocket[/primary] to her fist, and [secondary]slams[/secondary] it into an enemy in front of her.",[secondary]近战替换[/secondary]。[primary]哈洛[/primary]的拳头将附着一个[primary]不稳能量袋[/primary]并用其[secondary]猛击[/secondary]前方的敌人。,[secondary]Навык ближнего боя.[/secondary] [primary]Харлоу[/primary] прикрепляет [primary]нестабильный энергетический сгусток[/primary] к своему кулаку и [secondary]вбивает[/secondary] его во врага перед собой.,[secondary]Nahkampf-Override.[/secondary] [primary]Harlowe[/primary] fixiert eine [primary]Instabile Energietasche[/primary] an ihrer Faust und [secondary]schmettert[/secondary] sie auf einen Feind vor sich.,passive,266,329,392,455,518,259:Progress_Grav_Branch_ExodusShard_03:Branch - Row 3 - 3,red,Creative Bursts,创意爆发,Прилив креативности,Kreativschübe,Progress_Grav_Branch_ExodusShard_03,Branch - Row 3 - 3,,tooltip_grav_passive_57_QED,qed_3.png,/Game/uiresources/_shared/assets/ico_ui_art_passives/Gravitar/ico_passive_gravitar_qed.ico_passive_gravitar_qed
259,Char_Gravitar,Harlowe,Quantum Immortality,量子不朽,Квантовое бессмертие,Quanten-Unsterblichkeit,"Whenever [primary]Harlowe[/primary] [primary]Entangles[/primary] an enemy, she gains [secondary]Health Regeneration[/secondary].",当[primary]哈洛[/primary][primary]缠绕[/primary]敌人时，其获得[secondary]生命值恢复[/secondary]。,"Каждый раз, когда [primary]Харлоу[/primary] [primary]спутывает[/primary] врага, ее [secondary]здоровье восстанавливается[/secondary].","Immer wenn [primary]Harlowe[/primary] einen Feind [primary]verfängt[/primary], erhält sie [secondary]Gesundheitsregeneration[/secondary].",passive,53,91,129,167,205,259:Progress_Grav_Trunk_StasisShard:Trunk - Row 1 - 1,blue,Seize the Day,把握光阴,Лови мгновение,Mach das Beste aus jedem Tag,Progress_Grav_Trunk_StasisShard,Trunk - Row 1 - 1,,tooltip_grav_passive_58_QuantumImmortality,quantum_immortality_3.png,/Game/uiresources/_shared/assets/ico_ui_art_passives/Gravitar/ico_passive_gravitar_spirit_away.ico_passive_gravitar_spirit_away
259,Char_Gravitar,Harlowe,Refraction,折射,Рефракция,Brechung,[primary]Harlowe[/primary] and her allies gain [secondary]Ricochet Chance[/secondary] against [primary]Entangled[/primary] enemies. [secondary]Critical Hits Double[/secondary] this chance. [secondary]Ricochets[/secondary] have [secondary]Reduced Damage[/secondary].,[primary]哈洛[/primary]及其友方在对抗[primary]被缠绕[/primary]敌人时获得[secondary]跳弹率[/secondary]。[secondary]跳弹[/secondary]的[secondary]伤害降低[/secondary]。,[primary]Харлоу[/primary] и ее союзники получают [secondary]шанс на рикошет[/secondary] от [primary]спутанных[/primary] врагов. [secondary]Критическое попадание удваивает[/secondary] этот шанс. [secondary]Рикошет[/secondary] наносит [secondary]пониженный урон[/secondary].,[primary]Harlowe[/primary] und ihre Verbündeten erhalten eine [secondary]Abprallchance[/secondary] gegen verfangene Feinde. [secondary]Kritische Treffer verdoppeln[/secondary] diese Chance. [secondary]Querschläger[/secondary] verursachen [secondary]reduzierten Schaden[/secondary].,passive,239,302,365,428,491,259:Progress_Grav_Branch_TerminalShard_03:Branch - Row 1 - 1,green,Cosmic Brilliance,宇宙光辉,Космическая гениальность,Kosmische Brillanz,Progress_Grav_Branch_TerminalShard_03,Branch - Row 1 - 1,,tooltip_grav_passive_23_Refraction,refraction_3.png,/Game/uiresources/_shared/assets/ico_ui_art_passives/Gravitar/ico_passive_gravitar_grav_wave.ico_passive_gravitar_grav_wave
259,Char_Gravitar,Harlowe,Resonance Cascade,共振级联,Каскадный резонанс,Resonanzgefälle,"Whenever [primary]Harlowe[/primary] deals [nowrap][radiation_icon][radiation]Radiation[/radiation][/nowrap] [radiation]Damage[/radiation] to an enemy, she gains increased [secondary]Action Skill Damage[/secondary]. This effect stacks.",当[primary]哈洛[/primary]对敌人造成[nowrap][radiation_icon][radiation]辐射[/radiation][/nowrap][radiation]伤害[/radiation]时，会提升其[secondary]主动技能伤害[/secondary]。此效果可叠加。,"Каждый раз, когда [primary]Харлоу[/primary] наносит врагу [nowrap][radiation_icon][radiation]урон[/radiation][/nowrap] [radiation]от радиации[/radiation], у нее увеличивается [secondary]урон от активного навыка[/secondary]. Этот эффект суммируется.","Immer wenn [primary]Harlowe[/primary] einem Feind [nowrap][radiation_icon][radiation]Strahlungsschaden[/radiation][/nowrap] zufügt, erhöht sich ihr [secondary]Action-Skill-Schaden[/secondary]. Dieser Effekt ist stapelbar.",passive,56,69,107,145,183,259:Progress_Grav_Trunk_TerminalShard:Trunk - Row 3 - 3,green,Cosmic Brilliance,宇宙光辉,Космическая гениальность,Kosmische Brillanz,Progress_Grav_Trunk_TerminalShard,Trunk - Row 3 - 3,,tooltip_grav_passive_09_ResonanceCascade,resonance_cascade_3.png,/Game/uiresources/_shared/assets/ico_ui_art_passives/Gravitar/ico_passive_gravitar_resonating_light.ico_passive_gravitar_resonating_light
259,Char_Gravitar,Harlowe,Ripple Effect,涟漪效应,Эффект пульсации,Welleneffekt,"[secondary]Kill Skill.[/secondary] Whenever [primary]Harlowe[/primary] kills an [primary]Entangled[/primary] enemy, automatically [primary]Entangle[/primary] another nearby enemy.",[secondary]杀戮技能。[/secondary]当[primary]哈洛[/primary]击杀[primary]被缠绕[/primary]的敌人时，会自动[primary]缠绕[/primary]附近另一名敌人。,"[secondary]Навык убийства[/secondary]. Каждый раз, когда [primary]Харлоу[/primary] убивает [primary]спутанного[/primary] врага, другой враг поблизости автоматически оказывается [primary]спутан[/primary].","[secondary]Kill-Skill.[/secondary] Immer wenn [primary]Harlowe[/primary] einen [primary]verfangenen[/primary] Feind tötet, wird automatisch ein weiterer Feind in der Nähe [primary]verfangen[/primary].",passive,45,84,122,160,198,259:Progress_Grav_Trunk_StasisShard:Trunk - Row 3 - 1,blue,Seize the Day,把握光阴,Лови мгновение,Mach das Beste aus jedem Tag,Progress_Grav_Trunk_StasisShard,Trunk - Row 3 - 1,,tooltip_grav_passive_08_RippleEffect,ripple_effect_3.png,/Game/uiresources/_shared/assets/ico_ui_art_passives/Gravitar/ico_passive_gravitar_coupling.ico_passive_gravitar_coupling
259,Char_Gravitar,Harlowe,Rounding Up,迎风上升,Округление вверх,Aufrunden,"For every enemy her [secondary]Action Skill[/secondary] damages, [primary]Harlowe[/primary] gains increased [secondary]Gun Damage[/secondary] when her [secondary]Action Skill[/secondary] ends.",[primary]哈洛[/primary]的[secondary]主动技能[/secondary]每伤害一名敌人，都将在[secondary]主动技能[/secondary]结束时提升其[secondary]枪械伤害[/secondary]。,"За каждого врага, получившего урон от [secondary]активного навыка[/secondary] [primary]Харлоу[/primary], по окончании действия [secondary]активного навыка[/secondary] повышается ее [secondary]урон от стрельбы[/secondary].","Für jeden Feind, dem ihr [secondary]Action-Skill[/secondary] Schaden zufügt, erhält [primary]Harlowe[/primary] erhöhten [secondary]Schusswaffen-Schaden[/secondary], wenn ihr [secondary]Action-Skill[/secondary] endet.",passive,264,327,390,453,516,259:Progress_Grav_Branch_ExodusShard_03:Branch - Row 2 - 3,red,Creative Bursts,创意爆发,Прилив креативности,Kreativschübe,Progress_Grav_Branch_ExodusShard_03,Branch - Row 2 - 3,,tooltip_grav_passive_55_RoundingDown,rounding_up_3.png,/Game/uiresources/_shared/assets/ico_ui_art_passives/Gravitar/ico_passive_gravitar_tidy_up.ico_passive_gravitar_tidy_up
259,Char_Gravitar,Harlowe,Runaway Reaction,失控反应,Неуправляемая реакция,Fluchtreaktion,"[primary]Harlowe[/primary] gains increased [secondary]Status Effect Chance[/secondary].[newline][newline]Whenever [primary]Harlowe[/primary] applies a [secondary]Status Effect[/secondary] to an enemy, it becomes [primary]Entangled[/primary].",提升[primary]哈洛[/primary]的[secondary]状态效果率[/secondary]。[newline][newline]当[primary]哈洛[/primary]对敌人施加[secondary]状态效果[/secondary]时，将[primary]缠绕[/primary]该敌人。,"[primary]Харлоу[/primary] получает повышенный [secondary]шанс наложения стихийного эффекта[/secondary].[newline][newline]Каждый раз, когда [primary]Харлоу[/primary] накладывает [secondary]стихийный эффект[/secondary] на врага, тот оказывается [primary]спутан[/primary].","[primary]Harlowe[/primary] erhält eine erhöhte [secondary]Statuseffekt-Chance[/secondary].[newline][newline]Immer wenn [primary]Harlowe[/primary] einen [secondary]Statuseffekt[/secondary] anwendet, [primary]verfängt[/primary] sich der betroffene Feind.",passive,231,294,357,420,483,259:Progress_Grav_Branch_TerminalShard_01:Branch - Row 3 - 3,green,Cosmic Brilliance,宇宙光辉,Космическая гениальность,Kosmische Brillanz,Progress_Grav_Branch_TerminalShard_01,Branch - Row 3 - 3,,tooltip_grav_passive_16_RunawayReaction,runaway_reaction_3.png,/Game/uiresources/_shared/assets/ico_ui_art_passives/Gravitar/ico_passive_gravitar_galactic_halo.ico_passive_gravitar_galactic_halo
259,Char_Gravitar,Harlowe,Slingshot,弹弓,Праща,Schleuder,"Whenever [primary]Harlowe Dazes[/primary] an enemy, she also [primary]Entangles[/primary] them, and then she gains increased [secondary]Movement Speed[/secondary].",当哈洛使敌人[primary]眩晕[/primary]时，也会[primary]缠绕[/primary]该敌人，并提升自己的[secondary]移动速度[/secondary]。,"Каждый раз, когда [primary]Харлоу затормаживает[/primary] врага, она его также [primary]спутывает[/primary], а затем ее [secondary]скорость перемещения[/secondary] повышается.","Immer wenn [primary]Harlowe[/primary] einen Feind [primary]benommen[/primary] macht, wird dieser Feind auch [primary]verfangen[/primary] und ihre [secondary]Bewegungsgeschwindigkeit[/secondary] erhöht sich.",passive,271,334,397,460,523,259:Progress_Grav_Branch_StasisShard_01:Branch - Row 2 - 3,blue,Seize the Day,把握光阴,Лови мгновение,Mach das Beste aus jedem Tag,Progress_Grav_Branch_StasisShard_01,Branch - Row 2 - 3,,tooltip_grav_passive_70_Slingshot,slingshot_3.png,/Game/uiresources/_shared/assets/ico_ui_art_passives/Gravitar/ico_passive_gravitar_speed_sap.ico_passive_gravitar_speed_sap
259,Char_Gravitar,Harlowe,Stun Lock,眩晕锁定,Морская фигура замри,Betäubungslähmung,"Whenever [primary]Harlowe[/primary] [secondary]Critically Hits[/secondary] an enemy, she briefly puts that enemy into [primary]Stasis[/primary]. This form of [primary]Stasis[/primary] lasts for a short duration, or until the enemy is shot again.",当[primary]哈洛[/primary][secondary]暴击[/secondary]敌人时，会使该敌人短暂陷入[primary]静止[/primary]状态。此类型的[primary]静止术[/primary]持续时间较短，再次击中敌人时会结束。,"Каждый раз, когда [primary]Харлоу[/primary] удается [secondary]критическое попадание[/secondary] во врага, враг на короткое время погружается в [primary]стазис[/primary]. Этот [primary]стазис[/primary] действует короткое время или пока во врага снова не попадет выстрел.","Immer wenn [primary]Harlowe[/primary] einen [secondary]kritischen Treffer[/secondary] gegen einen Feind erzielt, versetzt sie ihn für kurze Zeit in [primary]Stasis[/primary]. Diese Form der [primary]Stasis[/primary] dauert für kurze Zeit oder bis zum nächsten Schuss auf den Feind an.",passive,273,336,399,462,525,259:Progress_Grav_Branch_StasisShard_01:Branch - Row 3 - 3,blue,Seize the Day,把握光阴,Лови мгновение,Mach das Beste aus jedem Tag,Progress_Grav_Branch_StasisShard_01,Branch - Row 3 - 3,,tooltip_grav_passive_74_StunLock,stun_lock_3.png,/Game/uiresources/_shared/assets/ico_ui_art_passives/Gravitar/ico_passive_gravitar_quantum_spin.ico_passive_gravitar_quantum_spin
259,Char_Gravitar,Harlowe,Sustained Reaction,持续反应,Поддерживаемая реакция,Nachhaltige Reaktion,[secondary]Kill Skill[/secondary]. Killing an [primary]Entangled[/primary] enemy restores a portion of  [primary]Harlowe's[/primary] [secondary]Action Skill Duration[/secondary].,[secondary]杀戮技能[/secondary]。击杀[primary]被缠绕[/primary]的敌人时，恢复[primary]哈洛的[/primary]一部分[secondary]主动技能持续时间[/secondary]。,"[secondary]Навык убийства[/secondary]. Каждый раз, когда [primary]Харлоу[/primary] убивает [primary]спутанного[/primary] врага, [secondary]время действия ее активного навыка[/secondary] продлевается.","[secondary]Kill-Skill[/secondary]. Einen [primary]verfangenen[/primary] Feind zu töten, stellt einen Teil von [primary]Harlowes[/primary] [secondary]Action-Skill-Dauer[/secondary] wieder her.",passive,284,347,410,473,536,259:Progress_Grav_Branch_StasisShard_03:Branch - Row 2 - 2,blue,Seize the Day,把握光阴,Лови мгновение,Mach das Beste aus jedem Tag,Progress_Grav_Branch_StasisShard_03,Branch - Row 2 - 2,,tooltip_grav_passive_84_SustainedReaction,sustained_reaction_3.png,/Game/uiresources/_shared/assets/ico_ui_art_passives/Gravitar/ico_passive_gravitar_outpour.ico_passive_gravitar_outpour
259,Char_Gravitar,Harlowe,Test Subjects,实验对象,Подопытные,Test-Subjekte,"Whenever [primary]Harlowe[/primary] applies a [secondary]Status Effect[/secondary] to an enemy, she gains increased [secondary]Action Skill Cooldown Rate[/secondary].",当[primary]哈洛[/primary]对敌人施加[secondary]状态效果[/secondary]时，会提升其[secondary]主动技能冷却速率[/secondary]。,"Каждый раз, когда [primary]Харлоу[/primary] накладывает на врага [secondary]временной стихийный эффект[/secondary], у нее увеличивается [secondary]скорость восстановления активного навыка[/secondary].","Immer wenn [primary]Harlowe[/primary] einen [secondary]Statuseffekt[/secondary] auf einen Feind anwendet, erhöht sich ihre [secondary]Action-Skill-Abklinggeschwindigkeit[/secondary].",passive,32,96,134,172,210,259:Progress_Grav_Trunk_ExodusShard:Trunk - Row 3 - 1,red,Creative Bursts,创意爆发,Прилив креативности,Kreativschübe,Progress_Grav_Trunk_ExodusShard,Trunk - Row 3 - 1,,tooltip_grav_passive_35_testSubjects,test_subjects_3.png,/Game/uiresources/_shared/assets/ico_ui_art_passives/Gravitar/ico_passive_gravitar_test_subjects.ico_passive_gravitar_test_subjects
259,Char_Gravitar,Harlowe,Too Coolant For Schoolant,对学霸来说太酷,Хладные сказы,Heißes Kühlmittel,"Whenever [primary]Harlowe[/primary] deals [nowrap][cryo_icon][cryo]Cryo[/cryo][/nowrap] [cryo]Damage[/cryo], gain increased [secondary]Action Skill Cooldown Rate[/secondary].",当[primary]哈洛[/primary]造成[nowrap][cryo_icon][cryo]冰冻[/cryo][/nowrap][cryo]伤害[/cryo]时，会提升其[secondary]主动技能冷却速率[/secondary]。,"Каждый раз, когда [primary]Харлоу[/primary] наносит [nowrap][cryo_icon][cryo]урон[/cryo] [cryo]от холода[/cryo][/nowrap], [secondary]скорость восстановления активного навыка[/secondary] увеличивается.","Immer wenn [primary]Harlowe[/primary] [nowrap][cryo_icon][cryo]Kryo[/cryo][/nowrap]-[cryo]Schaden[/cryo] verursacht, erhält sie für kurze Zeit erhöhte [secondary]Action-Skill-Abklinggeschwindigkeit[/secondary].",passive,42,81,119,157,195,259:Progress_Grav_Trunk_StasisShard:Trunk - Row 3 - 4,blue,Seize the Day,把握光阴,Лови мгновение,Mach das Beste aus jedem Tag,Progress_Grav_Trunk_StasisShard,Trunk - Row 3 - 4,,tooltip_grav_passive_68_2Coolant4Schoolant,too_coolant_for_schoolant_3.png,/Game/uiresources/_shared/assets/ico_ui_art_passives/Gravitar/ico_passive_gravitar_solstice.ico_passive_gravitar_solstice
259,Char_Gravitar,Harlowe,Triple Point,三倍点数,Тройная точка,Dreifachpunkt,"Whenever [primary]Harlowe[/primary] deals [secondary]non-Cryo Damage[/secondary] to an [primary]Entangled[/primary] enemy, she deals [nowrap][cryo_icon][cryo]Bonus[/cryo][/nowrap] [cryo]Cryo Damage[/cryo] to that enemy. If she deals [nowrap][cryo_icon][cryo]Cryo[/cryo][/nowrap] [cryo]Damage[/cryo] to an [primary]Entangled[/primary] enemy, she deals increased bonus Damage.",当[primary]哈洛[/primary]对[primary]被缠绕[/primary]的敌人造成[secondary]非冰冻伤害[/secondary]时，会对该敌人造成[nowrap][cryo_icon][cryo]加成[/cryo][/nowrap][cryo]冰冻伤害[/cryo]。如其对[primary]被缠绕[/primary]的敌人造成[nowrap][cryo_icon][cryo]冰冻[/cryo][/nowrap][cryo]伤害[/cryo]，则提升她造成的加成伤害。,"Каждый раз, когда [primary]Харлоу[/primary] наносит [primary]спутанному[/primary] врагу [secondary]урон не от холода[/secondary], она наносит ему [nowrap][cryo_icon][cryo]дополнительный[/cryo][/nowrap] [cryo]урон от холода[/cryo]. Если она наносит [primary]спутанному[/primary] врагу [nowrap][cryo_icon][cryo]урон[/cryo][/nowrap] [cryo]от холода[/cryo], то наносит повышенный дополнительный урон.","Immer wenn [primary]Harlowe[/primary] einem [primary]verfangenen[/primary] Feind [secondary]Nicht-Kryo-Schaden[/secondary] zufügt, fügt sie ihm [nowrap][cryo_icon][cryo]Bonus[/cryo][/nowrap]-[cryo]Kryo-Schaden[/cryo] zu. Wenn sie einem [primary]verfangenen[/primary] Feind [nowrap][cryo_icon][cryo]Kryo[/cryo][/nowrap]-[cryo]Schaden[/cryo] zufügt, verursacht sie erhöhten Bonusschaden.",passive,279,342,405,468,531,259:Progress_Grav_Branch_StasisShard_02:Branch - Row 3 - 1,blue,Seize the Day,把握光阴,Лови мгновение,Mach das Beste aus jedem Tag,Progress_Grav_Branch_StasisShard_02,Branch - Row 3 - 1,,tooltip_grav_passive_80_TriplePoint,triple_point_3.png,/Game/uiresources/_shared/assets/ico_ui_art_passives/Gravitar/ico_passive_gravitar_absolute_zero.ico_passive_gravitar_absolute_zero
259,Char_Gravitar,Harlowe,Unstable Ice-otope,不稳冰位素,Нестабильный изо-лед,Instabiles Eis-otop,[secondary]Kill Skill[/secondary]. [primary]Harlowe[/primary] deals [nowrap][cryo_icon][cryo]Bonus[/cryo][/nowrap] [cryo]Cryo Damage[/cryo] with all sources.,[secondary]杀戮技能[/secondary]。[primary]哈洛[/primary]的所有攻击类型都会造成[nowrap][cryo_icon][cryo]加成[/cryo][/nowrap][cryo]冰冻伤害[/cryo]。,[secondary]Навык убийства[/secondary]. [primary]Харлоу[/primary] наносит [nowrap][cryo_icon][cryo]дополнительный[/cryo][/nowrap] [cryo]урон от холода[/cryo] из всех источников.,[secondary]Kill-Skill:[/secondary] [primary]Harlowe[/primary] verursacht bei allen Quellen [nowrap][cryo_icon][cryo]Bonus[/cryo][/nowrap]-[cryo]Kryo-Schaden[/cryo].,passive,274,337,400,463,526,259:Progress_Grav_Branch_StasisShard_02:Branch - Row 1 - 1,blue,Seize the Day,把握光阴,Лови мгновение,Mach das Beste aus jedem Tag,Progress_Grav_Branch_StasisShard_02,Branch - Row 1 - 1,,tooltip_grav_passive_75_UnstoppableIceotope,unstable_iceotope_3.png,/Game/uiresources/_shared/assets/ico_ui_art_passives/Gravitar/ico_passive_gravitar_zero_point_bullets.ico_passive_gravitar_zero_point_bullets
259,Char_Gravitar,Harlowe,Wasted,浪费,Растрата,Verschwendet,[secondary]Kill Skill.[/secondary] Killing an [nowrap][radiation_icon][radiation]Irradiated[/radiation][/nowrap] enemy or killing an enemy with [nowrap][radiation_icon][radiation]Radiation[/radiation][/nowrap] [radiation]Damage[/radiation] leaves behind a [nowrap][radiation_icon][radiation]Radiation[/radiation][/nowrap] [radiation]Hazard[/radiation].,[secondary]杀戮技能。[/secondary]击杀[nowrap][radiation_icon][radiation]被辐照[/radiation][/nowrap]的敌人或用[nowrap][radiation_icon][radiation]辐射[/radiation][/nowrap][radiation]伤害[/radiation]击杀敌人时留下[nowrap][radiation_icon][radiation]辐射[/radiation][/nowrap][radiation]危害源[/radiation]。,[secondary]Навык убийства.[/secondary] Убийство [nowrap][radiation_icon][radiation]облученного[/radiation][/nowrap] врага или убийство врага с помощью [nowrap][radiation_icon][radiation]урона[/radiation][/nowrap] [radiation]от радиации[/radiation] создает [nowrap][radiation_icon][radiation]радиоактивную[/radiation][/nowrap] [radiation]опасность[/radiation].,"[secondary]Kill-Skill.[/secondary] Wenn ein [nowrap][radiation_icon][radiation]verstrahlter[/radiation][/nowrap] Feind oder ein Feind mit [nowrap][radiation_icon][radiation]Strahlungsschaden[/radiation][/nowrap] getötet wird, bleibt eine [nowrap][radiation_icon][radiation]Strahlungsgefahr[/radiation][/nowrap] zurück.",passive,258,321,384,447,510,259:Progress_Grav_Branch_ExodusShard_02:Branch - Row 3 - 1,red,Creative Bursts,创意爆发,Прилив креативности,Kreativschübe,Progress_Grav_Branch_ExodusShard_02,Branch - Row 3 - 1,,tooltip_grav_passive_50_Wasted,wasted_3.png,/Game/uiresources/_shared/assets/ico_ui_art_passives/Gravitar/ico_passive_gravitar_unraveled.ico_passive_gravitar_unraveled
256,Char_ExoSoldier,Rafa,Abajo,坠落之力,,,"Whenever [primary]Rafa[/primary] throws a [secondary]Grenade[/secondary], he gains increased [secondary]Action Skill Cooldown Rate[/secondary].",当[primary]拉法[/primary]投掷[secondary]手雷[/secondary]时，提升其[secondary]主动技能冷却速率[/secondary]。,"Каждый раз, когда [primary]Рафа[/primary] бросает [secondary]гранату[/secondary], повышается [secondary]скорость восстановления активного навыка[/secondary].","Immer wenn [primary]Rafa[/primary] eine [secondary]Granate[/secondary] wirft, erhält er erhöhte [secondary]Action-Skill-Abklinggeschwindigkeit[/secondary].",passive,40,84,122,160,198,256:Progress_EXO_Trunk_PeoplePerson:Trunk - Row 3 - 5,blue,People Person,社交达人,Душа компании,Extrovertiert,Progress_EXO_Trunk_PeoplePerson,Trunk - Row 3 - 5,,tooltip_exo_passive_10_Abajo,abajo_2.png,/Game/uiresources/_shared/assets/ico_ui_art_passives/Exo_Soldier/ico_passive_exo_knock_them_down.ico_passive_exo_knock_them_down
256,Char_ExoSoldier,Rafa,Al Centro,向心力,,,"[primary]Overdrive Skill[/primary]. [primary]Rafa[/primary] gains increased [secondary]Gun Handling[/secondary] and [secondary]Action Skill Handling[/secondary] while [primary]Overdrive[/primary] is active. The longer [primary]Overdrive[/primary] has been active, the [secondary]greater[/secondary] the bonus.",[primary]超速过载技能[/primary]。发动[primary]超速过载[/primary]时，提升[primary]拉法[/primary]的[secondary]枪械操控[/secondary]和[secondary]主动技能操控[/secondary]。[primary]超速过载[/primary]发动时间越长，加成[secondary]越高[/secondary]。,"[primary]Навык форсажа[/primary]. Во время [primary]форсажа[/primary] [primary]Рафа[/primary] получает повышенную [secondary]эргономичность оружия[/secondary] и [secondary]навыков[/secondary]. Чем дольше активен [primary]форсаж[/primary], тем [secondary]выше[/secondary] бонус.","[primary]Overdrive-Skill[/primary]. [primary]Rafa[/primary] erhält erhöhte [secondary]Schusswaffen-Handhabung[/secondary] bei [secondary]Waffen[/secondary] und [secondary]Action-Skill-Handhabung[/secondary], während [primary]Overdrive[/primary] aktiv ist. Je länger [primary]Overdrive[/primary] aktiv war, desto [secondary]größer der Bonus[/secondary].",passive,43,87,125,163,201,256:Progress_EXO_Trunk_PeoplePerson:Trunk - Row 3 - 2,blue,People Person,社交达人,Душа компании,Extrovertiert,Progress_EXO_Trunk_PeoplePerson,Trunk - Row 3 - 2,,tooltip_exo_passive_08_AlCentro,al_centro_2.png,/Game/uiresources/_shared/assets/ico_ui_art_passives/Exo_Soldier/ico_passive_exo_development.ico_passive_exo_development
256,Char_ExoSoldier,Rafa,Arriba,上升之风,,,"[secondary]Kill Skill[/secondary]. Whenever [primary]Rafa[/primary] kills an enemy, he gains increased [secondary]Ordnance Cooldown Rate[/secondary] for a [secondary]Duration[/secondary].",[secondary]杀戮技能。[/secondary][primary]拉法[/primary]击杀敌人时将在[secondary]一段时间[/secondary]内提升自身[secondary]炮械冷却速率[/secondary]。,"[secondary]Навык убийства.[/secondary] Каждый раз, когда [primary]Рафа[/primary] убивает врага, его [secondary]скорость восстановления снарядов[/secondary] увеличивается на [secondary]время действия[/secondary].","[secondary]Kill-Skill.[/secondary] Immer wenn [primary]Rafa[/primary] einen Feind tötet, erhält er [secondary]vorübergehend[/secondary] erhöhte [secondary]Kampfmittel-Abklinggeschwindigkeit[/secondary].",passive,45,89,127,165,203,256:Progress_EXO_Trunk_PeoplePerson:Trunk - Row 2 - 5,blue,People Person,社交达人,Душа компании,Extrovertiert,Progress_EXO_Trunk_PeoplePerson,Trunk - Row 2 - 5,,tooltip_exo_passive_06_Arriba,arriba_2.png,/Game/uiresources/_shared/assets/ico_ui_art_passives/Exo_Soldier/ico_passive_exo_line_them_up.ico_passive_exo_line_them_up
256,Char_ExoSoldier,Rafa,Artillería,炮兵,Артиллерия,,[primary]Rafa[/primary] gains increased [secondary]Ordnance Cooldown Rate[/secondary].,提升[primary]拉法[/primary]的[secondary]炮械冷却速率[/secondary]。,Ускоренное [secondary]восстановление боеприпасов[/secondary] [primary]Рафы[/primary].,[primary]Rafa[/primary] erhält erhöhte [secondary]Abklinggeschwindigkeit für Kampfmittel[/secondary].,passive,230,293,356,419,482,256:Progress_EXO_Branch_Gimmick_02:Branch - Row 1 - 1,green,This Year's Gimmick,今年噱头,Фишка года,Das diesjährige Gimmick,Progress_EXO_Branch_Gimmick_02,Branch - Row 1 - 1,,tooltip_exo_passive_68_Artilleria,artillería_2.png,/Game/uiresources/_shared/assets/ico_ui_art_passives/Exo_Soldier/ico_passive_exo_extra_mile.ico_passive_exo_extra_mile
256,Char_ExoSoldier,Rafa,Asymmetric Warfare,非对称战争,Асимметричный ответ,Asymmetrische Kriegsführung,"[secondary]Indirect Projectiles[/secondary] gain increased [secondary]Damage[/secondary]. [secondary]Indirect Projectiles[/secondary] include all [secondary]Action Skill Weapons[/secondary], [secondary]Thrown Guns[/secondary], and [secondary]Projectiles[/secondary] not fired from your [secondary]Gun[/secondary].",提升[secondary]间接射弹[/secondary]的[secondary]伤害[/secondary]。[secondary]间接射弹[/secondary]包括所有[secondary]主动技能武器[/secondary]、[secondary]投掷枪械[/secondary]和非[secondary]枪械[/secondary]发射的[secondary]射弹[/secondary]。,"[secondary]Урон[/secondary] от [secondary]ненаправленных снарядов[/secondary] повышен. [secondary]Ненаправленные снаряды[/secondary] включают в себя все [secondary]оружие от активных навыков[/secondary], [secondary]бросаемые пушки[/secondary] и [secondary]снаряды[/secondary], выпущенные не из вашей [secondary]пушки[/secondary].","[secondary]Indirekte Projektile[/secondary] verursachen erhöhten [secondary]Schaden[/secondary]. [secondary]Indirekte Projektile[/secondary] umfassen alle [secondary]Action-Skill-Waffen[/secondary], [secondary]geworfene Schusswaffen[/secondary] und [secondary]Projektile[/secondary], die nicht aus deiner [secondary]Schusswaffe[/secondary] abgefeuert werden.",passive,245,308,371,434,497,256:Progress_EXO_Branch_RemoteAgent_01:Branch - Row 1 - 3,red,Remote Agent,远程代理,Дистанционный агент,Fernzünder,Progress_EXO_Branch_RemoteAgent_01,Branch - Row 1 - 3,,tooltip_exo_passive_36_AssymreticWarfare,asymmetric_warfare_2.png,/Game/uiresources/_shared/assets/ico_ui_art_passives/Exo_Soldier/ico_passive_exo_sideways_assault.ico_passive_exo_sideways_assault
256,Char_ExoSoldier,Rafa,Awe,敬畏,Трепет,Ehrfurcht,"Whenever [primary]Rafa[/primary] [nowrap][shock_icon][shock]Shocks[/shock][/nowrap] an enemy, all shots fired at that enemy are [secondary]Critical Hits[/secondary] for a [secondary]Duration[/secondary].",当[primary]拉法[/primary][nowrap][shock_icon][shock]电击[/shock][/nowrap]敌人时，射向该敌人的所有子弹在[secondary]一段时间[/secondary]内都会[secondary]暴击[/secondary]。,"Каждый раз, когда [primary]Рафа[/primary] наносит врагу [nowrap][shock_icon][shock]урон от шока[/shock][/nowrap], все выстрелы в этого врага на какое-то [secondary]время[/secondary] становятся [secondary]критическими попаданиями[/secondary].","Immer wenn [primary]Rafa[/primary] einen Feind [nowrap][shock_icon][shock]schockt[/shock][/nowrap], sind alle auf diesen Feind abgefeuerten Schüsse [secondary]vorübergehend[/secondary] [secondary]kritische Treffer[/secondary].",passive,270,333,396,459,522,256:Progress_EXO_Branch_PeoplePerson_01:Branch - Row 3 - 1,blue,People Person,社交达人,Душа компании,Extrovertiert,Progress_EXO_Branch_PeoplePerson_01,Branch - Row 3 - 1,,tooltip_exo_passive_14_Awe,awe_2.png,/Game/uiresources/_shared/assets/ico_ui_art_passives/Exo_Soldier/ico_passive_exo_temor.ico_passive_exo_temor
256,Char_ExoSoldier,Rafa,Barrage,狂轰滥炸,ЗАЛПОВАЯ,,[primary]Overdrive Skill[/primary]. [primary]Rafa[/primary] gains increased [secondary]Splash Damage[/secondary] while [primary]Overdrive[/primary] is active.,[primary]超速过载技能[/primary]。发动[primary]超速过载[/primary]时，提升[primary]拉法[/primary]的[secondary]溅射伤害[/secondary]。,"[primary]Навык форсажа[/primary]. Когда активен [primary]форсаж[/primary], [primary]Рафа[/primary] наносит повышенный [secondary]урон по площади[/secondary].","[primary]Overdrive-Skill[/primary]. [primary]Rafa[/primary] erhält erhöhten [secondary]indirekten Schaden[/secondary], während [primary]Overdrive[/primary] aktiv ist.",passive,258,321,384,447,510,256:Progress_EXO_Branch_RemoteAgent_03:Branch - Row 1 - 1,red,Remote Agent,远程代理,Дистанционный агент,Fernzünder,Progress_EXO_Branch_RemoteAgent_03,Branch - Row 1 - 1,,tooltip_exo_passive_48_Barrage,barrage_2.png,/Game/uiresources/_shared/assets/ico_ui_art_passives/Exo_Soldier/ico_passive_exo_barrage.ico_passive_exo_barrage
256,Char_ExoSoldier,Rafa,Blowout,爆裂,Разлет,Rausgeplatzt,"Whenever [primary]Rafa[/primary] applies a [primary]Mark[/primary] or [secondary]Critically Hits[/secondary] an enemy with his [secondary]Action Skill[/secondary], they explode in [nowrap][corrosive_icon][corrosive]Corrosive[/corrosive][/nowrap] [corrosive]Lobbed Projectiles[/corrosive]. The longer [primary]Rafa's[/primary] [secondary]Action Skill[/secondary] has been active, the more [nowrap][corrosive_icon][corrosive]Corrosive[/corrosive][/nowrap] [corrosive]Projectiles[/corrosive] are spawned.",当[primary]拉法[/primary]施加[primary]标记[/primary]或使用[secondary]主动技能[/secondary]对敌人造成[secondary]暴击[/secondary]时，将产生爆炸并射出[nowrap][corrosive_icon][corrosive]腐蚀[/corrosive][/nowrap][corrosive]抛射弹[/corrosive]。[primary]拉法的[/primary][secondary]主动技能[/secondary]发动时间越长，生成的[nowrap][corrosive_icon][corrosive]腐蚀[/corrosive][/nowrap][corrosive]射弹[/corrosive]越多。,"Каждый раз, когда [primary]Рафа[/primary] накладывает [primary]метку [/primary] или производит [secondary]критическое попадание[/secondary] своим [secondary]активным навыком[/secondary], врагов поражают [nowrap][corrosive_icon][corrosive]метаемые коррозионные[/corrosive][/nowrap] [corrosive]снаряды[/corrosive]. Чем дольше используется [secondary]активный навык[/secondary] [primary]Рафы[/primary], тем больше [nowrap][corrosive_icon][corrosive]коррозионных[/corrosive][/nowrap] [corrosive]снарядов[/corrosive] появляется.","Immer wenn [primary]Rafa[/primary] eine [primary]Markierung[/primary] anwendet oder mit seinem [secondary]Action-Skill[/secondary] bei einem Feind einen [secondary]kritischen Treffer[/secondary] landet, folgt eine Explosion aus [nowrap][corrosive_icon][corrosive]Korrosions-Wurfprojektilen[/corrosive][/nowrap]. Je länger [primary]Rafas[/primary] [secondary]Action-Skill[/secondary] aktiv ist, desto mehr [nowrap][corrosive_icon][corrosive]Korrosions-[/corrosive][/nowrap][corrosive]Projektile[/corrosive] erscheinen.",passive,223,286,349,412,475,256:Progress_EXO_Branch_Gimmick_01:Branch - Row 1 - 1,green,This Year's Gimmick,今年噱头,Фишка года,Das diesjährige Gimmick,Progress_EXO_Branch_Gimmick_01,Branch - Row 1 - 1,,tooltip_exo_passive_63_Blowout,blowout_2.png,/Game/uiresources/_shared/assets/ico_ui_art_passives/Exo_Soldier/ico_passive_exo_bottom_line.ico_passive_exo_bottom_line
256,Char_ExoSoldier,Rafa,Booming Business,蓬勃发展,Настоящий бум,Boomendes Geschäft,"Whenever [primary]Rafa[/primary] [secondary]Critically Hits[/secondary] an enemy, he gains a chance to spawn a [secondary]Free Grenade[/secondary]. If [primary]Rafa[/primary] has a [secondary]Grenade[/secondary] equipped, spawn a [secondary]Grenade[/secondary] based on that.",当[primary]拉法[/primary]对敌人造成[secondary]暴击[/secondary]时，其有几率生成一枚[secondary]免费手雷[/secondary]。如[primary]拉法[/primary]已装备[secondary]手雷[/secondary]，则根据该手雷生成[secondary]手雷[/secondary]。,"Каждый раз, когда [primary]Рафа[/primary] наносит [secondary]критическое попадание [/secondary] по врагу, на убитом враге появляется [secondary]бесплатная граната[/secondary]. Если [primary]Рафа[/primary] уже использует [secondary]гранату[/secondary], появляется такая же [secondary]граната[/secondary].","Immer wenn [primary]Rafa[/primary] einem Feind einen [secondary]kritischen Treffer[/secondary] zufügt, erhält er die Chance, eine [secondary]kostenlose Granate[/secondary] zu spawnen. Wenn [primary]Rafa[/primary] eine [secondary]Granate[/secondary] ausgerüstet hat, erscheint eine entsprechende [secondary]Granate[/secondary].",passive,232,295,358,421,484,256:Progress_EXO_Branch_Gimmick_02:Branch - Row 2 - 1,green,This Year's Gimmick,今年噱头,Фишка года,Das diesjährige Gimmick,Progress_EXO_Branch_Gimmick_02,Branch - Row 2 - 1,,tooltip_exo_passive_70_BoomingBusiness,booming_business_2.png,/Game/uiresources/_shared/assets/ico_ui_art_passives/Exo_Soldier/ico_passive_exo_max_value.ico_passive_exo_max_value
256,Char_ExoSoldier,Rafa,Brain Dump,大脑转存,Сброс данных,Showtime,[primary]Overdrive Skill[/primary]. [primary]Rafa[/primary] gains [secondary]Critical Hit Chance[/secondary] with his [secondary]Guns[/secondary] while [primary]Overdrive[/primary] is active.,[primary]超速过载[/primary]。[primary]拉法[/primary]在发动[primary]超速过载[/primary]时，将提升其[secondary]枪械[/secondary]的[secondary]暴击率[/secondary]。,"[primary]Навык форсажа[/primary]. Когда активен [primary]форсаж[/primary], у [primary]Рафы[/primary] повышается [secondary]шанс критического попадания[/secondary] из [secondary]пушек[/secondary].","[primary]Overdrive-Skill[/primary]. [primary]Rafa[/primary] erhält eine erhöhte [secondary]kritische Trefferchance[/secondary] mit seinen [secondary]Schusswaffen[/secondary], während [primary]Overdrive[/primary] aktiv ist.",passive,265,328,391,454,517,256:Progress_EXO_Branch_PeoplePerson_01:Branch - Row 1 - 1,blue,People Person,社交达人,Душа компании,Extrovertiert,Progress_EXO_Branch_PeoplePerson_01,Branch - Row 1 - 1,,tooltip_exo_passive_11_BrainDrump,brain_dump_2.png,/Game/uiresources/_shared/assets/ico_ui_art_passives/Exo_Soldier/ico_passive_exo_choque.ico_passive_exo_choque
256,Char_ExoSoldier,Rafa,CYA,万全防护,Прикройся,MfG!,[secondary]Kill Skill[/secondary]. Killing an enemy restores [secondary]Shields[/secondary] based on [primary]Rafa's[/primary] [secondary]Maximum Health Capacity[/secondary].,[secondary]杀戮技能。[/secondary]击杀敌人会根据[primary]拉法的[/primary][secondary]最大生命值容量[/secondary]恢复[secondary]护盾[/secondary]。,[secondary]Навык убийства.[/secondary] Убийство врага восстанавливает [secondary]заряд щита[/secondary] в зависимости от [secondary]максимального уровня здоровья[/secondary] [primary]Рафы[/primary].,[secondary]Kill-Skill.[/secondary] Das Töten eines Feindes stellt [secondary]Schilde[/secondary] basierend auf [primary]Rafas[/primary] [secondary]maximaler Gesundheitskapazität[/secondary] wieder her.,passive,58,101,139,177,215,256:Progress_EXO_Trunk_RemoteAgent:Trunk - Row 2 - 5,red,Remote Agent,远程代理,Дистанционный агент,Fernzünder,Progress_EXO_Trunk_RemoteAgent,Trunk - Row 2 - 5,,tooltip_exo_passive_31_CYA,cya_2.png,/Game/uiresources/_shared/assets/ico_ui_art_passives/Exo_Soldier/ico_passive_exo_fortunate_one.ico_passive_exo_fortunate_one
256,Char_ExoSoldier,Rafa,Collaborate Ignition,协同点火,Совместное зажигание,Gemeinsame Zündung,[primary]Overdrive Skill[/primary]. [primary]Rafa[/primary] deals [secondary]Bonus Damage[/secondary] with all [secondary]Skills[/secondary] and [secondary]Ordnances[/secondary] in the [secondary]Element[/secondary] of his current [secondary]Gun[/secondary] while [primary]Overdrive[/primary] is active.,[primary]超速过载技能[/primary]。[primary]拉法[/primary]在发动[primary]超速过载[/primary]时，所有[secondary]技能[/secondary]和[secondary]炮械[/secondary]将造成与其当前[secondary]枪械[/secondary][secondary]元素[/secondary]相同的[secondary]加成伤害[/secondary]。,"[primary]Навык форсажа.[/primary] Когда активен [primary]форсаж[/primary], [primary]Рафа[/primary] наносит [secondary]дополнительный урон[/secondary] от [secondary]стихии[/secondary] своего текущего [secondary]оружия[/secondary] всеми [secondary]навыками[/secondary] и [secondary]снарядами[/secondary].","[primary]Overdrive-Skill[/primary]. [primary]Rafa[/primary] verursacht bei allen [secondary]Skills[/secondary] und [secondary]Kampfmitteln[/secondary] [secondary]Bonusschaden[/secondary] im [secondary]Element[/secondary] seiner aktuellen [secondary]Schusswaffe[/secondary], während [primary]Overdrive[/primary] aktiv ist.",passive,231,294,357,420,483,256:Progress_EXO_Branch_Gimmick_02:Branch - Row 1 - 3,green,This Year's Gimmick,今年噱头,Фишка года,Das diesjährige Gimmick,Progress_EXO_Branch_Gimmick_02,Branch - Row 1 - 3,,tooltip_exo_passive_69_collabrateIgnition,collaborative_ignition_2.png,/Game/uiresources/_shared/assets/ico_ui_art_passives/Exo_Soldier/ico_passive_exo_blowout_sale.ico_passive_exo_blowout_sale
256,Char_ExoSoldier,Rafa,Concentrated Build Up,集中建设,Сосредоточенное накопление,Konzentrierter Aufbau,"While [secondary]Aiming[/secondary] with a [secondary]Gun[/secondary], [primary]Rafa[/primary] deals [nowrap][shock_icon][shock]Bonus[/shock][/nowrap] [shock]Shock Damage[/shock]. Each time [primary]Rafa[/primary] deals [secondary]Gun Damage[/secondary] to an enemy while [secondary]Aiming[/secondary], gain further increased [shock]Bonus Shock Damage[/shock] until he stops [secondary]Aiming[/secondary].",用[secondary]枪械[/secondary][secondary]瞄准[/secondary]时，[primary]拉法[/primary]造成[nowrap][shock_icon][shock]加成[/shock][/nowrap][shock]电击伤害[/shock]。当[primary]拉法[/primary]在[secondary]瞄准[/secondary]时对敌人造成[secondary]枪械伤害[/secondary]，将进一步提升其[shock]加成电击伤害[/shock]，直至停止[secondary]瞄准[/secondary]。,"В режиме [secondary]прицеливания[/secondary] с [secondary]пушкой[/secondary] [primary]Рафа[/primary] наносит [nowrap][shock_icon][shock]дополнительный[/shock][/nowrap] [shock]урон от шока[/shock]. Каждый раз, когда [primary]Рафа[/primary] наносит врагу [secondary]урон от стрельбы[/secondary] в [secondary]режиме прицеливания[/secondary], он наносит [nowrap][shock_icon][shock]дополнительный урон шоком[/shock][/nowrap], пока не выйдет из этого режима.","Beim [secondary]Zielen[/secondary] mit einer [secondary]Schusswaffe[/secondary] verursacht [primary]Rafa[/primary] [nowrap][shock_icon][shock]Bonus[/shock]-[/nowrap][shock]Schockschaden[/shock]. Immer wenn [primary]Rafa[/primary] einem Feind beim [secondary]Zielen[/secondary] [secondary]Schusswaffen-Schaden[/secondary] zufügt, erhält er erhöhten [shock]Bonus-Schockschaden[/shock], bis er aufhört zu [secondary]zielen[/secondary].",passive,255,318,381,444,507,256:Progress_EXO_Branch_RemoteAgent_02:Branch - Row 2 - 3,red,Remote Agent,远程代理,Дистанционный агент,Fernzünder,Progress_EXO_Branch_RemoteAgent_02,Branch - Row 2 - 3,,tooltip_exo_passive_45_LightningRod,concentrated_build_up_2.png,/Game/uiresources/_shared/assets/ico_ui_art_passives/Exo_Soldier/ico_passive_exo_limitless.ico_passive_exo_limitless
256,Char_ExoSoldier,Rafa,Conductivo,传导力,Проводимость,,"[primary]Rafa[/primary] gains increased [secondary]Status Effect Chance[/secondary], and also gains further increased [nowrap][shock_icon][shock]Shock[/shock][/nowrap][shock] Chance[/shock].",提升[primary]拉法[/primary]的[secondary]状态效果率[/secondary]。进一步提升[nowrap][shock_icon][shock]电击[/shock][/nowrap][shock]率[/shock]。,[secondary]Шанс временного стихийного эффекта[/secondary] [primary]Рафы[/primary] повышается. Также дополнительно повышается [nowrap][shock][shock_icon]шанс[/shock][/nowrap][shock] эффекта от шока[/shock].,[primary]Rafa[/primary] erhält eine erhöhte [secondary]Statuseffekt-Chance[/secondary] und zusätzlich erhöhte[nowrap][shock_icon][shock]Schock-Chance[/shock][/nowrap].,passive,266,329,392,455,518,256:Progress_EXO_Branch_PeoplePerson_01:Branch - Row 1 - 3,blue,People Person,社交达人,Душа компании,Extrovertiert,Progress_EXO_Branch_PeoplePerson_01,Branch - Row 1 - 3,,tooltip_exo_passive_12_Conductivo,conductivo_2.png,/Game/uiresources/_shared/assets/ico_ui_art_passives/Exo_Soldier/ico_passive_exo_lets_rumble.ico_passive_exo_lets_rumble
256,Char_ExoSoldier,Rafa,Confeti,五彩纸屑,Конфетти,Konfetti,[primary]Rafa's[/primary] [secondary]Ordnances[/secondary] deal [secondary]Bonus Damage[/secondary] in his current [secondary]Guns's Element[/secondary].,[primary]拉法[/primary]的[secondary]炮械[/secondary]造成和当前[secondary]枪械元素[/secondary]相同的[secondary]加成伤害[/secondary]。,"[secondary]Снаряды[/secondary] [primary]Рафы[/primary] наносят [secondary]дополнительный урон[/secondary] от той же [secondary]стихии[/secondary], что и выбранная пушка.",[primary]Rafas[/primary] [secondary]Kampfmittel[/secondary] verursachen [secondary]Bonusschaden[/secondary] seines aktuellen [secondary]Schusswaffen-Elements[/secondary].,passive,251,314,377,440,503,256:Progress_EXO_Branch_RemoteAgent_02:Branch - Row 1 - 1,red,Remote Agent,远程代理,Дистанционный агент,Fernzünder,Progress_EXO_Branch_RemoteAgent_02,Branch - Row 1 - 1,,tooltip_exo_passive_42_Confeti,confeti_2.png,/Game/uiresources/_shared/assets/ico_ui_art_passives/Exo_Soldier/ico_passive_exo_confeti.ico_passive_exo_confeti
256,Char_ExoSoldier,Rafa,Cruel Accrual,残酷累积,Накопительное страдание,Brutale Anhäufung,"[primary]Rafa[/primary] gains increased [secondary]Skill Damage[/secondary] with all Skills. The longer his [secondary]Action Skill[/secondary] has been active, the [secondary]greater[/secondary] the bonus.",提升[primary]拉法[/primary]所有技能的[secondary]技能伤害[/secondary]。其[secondary]主动技能[/secondary]发动时间越长，加成[secondary]越高[/secondary]。,"[primary]Рафа[/primary] наносит повышенный [secondary]урон от навыков[/secondary] всеми навыками. Чем дольше используется [secondary]активный навык[/secondary], тем [secondary]выше[/secondary] бонус.","[primary]Rafa[/primary] erhält mit allen Skills erhöhten [secondary]Skill-Schaden[/secondary]. Je länger sein [secondary]Action-Skill[/secondary] aktiv war, desto [secondary]größer[/secondary] der Bonus.",passive,243,306,369,432,495,256:Progress_EXO_Branch_Gimmick_03:Branch - Row 3 - 3,green,This Year's Gimmick,今年噱头,Фишка года,Das diesjährige Gimmick,Progress_EXO_Branch_Gimmick_03,Branch - Row 3 - 3,,tooltip_exo_passive_78_CruelAccrual,cruel_accrual_2.png,/Game/uiresources/_shared/assets/ico_ui_art_passives/Exo_Soldier/ico_passive_exo_stick_with_it.ico_passive_exo_stick_with_it
256,Char_ExoSoldier,Rafa,Deadline,最后期限,Дедлайн,,[primary]Overdrive Skill[/primary]. [primary]Rafa[/primary] gains increased [secondary]Fire Rate[/secondary] and increased [secondary]Reload Speed[/secondary] while [primary]Overdrive[/primary] is active.,[primary]超速过载技能[/primary]。发动[primary]超速过载[/primary]时，提升[primary]拉法[/primary]的[secondary]射速[/secondary]和[secondary]装填速度[/secondary]。,"[primary]Навык форсажа[/primary]. [secondary]Скорострельность[/secondary] и [secondary]скорость перезарядки[/secondary] [primary]Рафы[/primary] повышается, когда активен [primary]форсаж[/primary].","[primary]Overdrive-Skill[/primary]. [primary]Rafa[/primary] erhält eine erhöhte [secondary]Feuerrate[/secondary] und eine erhöhte [secondary]Nachladegeschwindigkeit[/secondary], während [primary]Overdrive[/primary] aktiv ist.",passive,283,346,409,472,535,256:Progress_EXO_Branch_PeoplePerson_03:Branch - Row 2 - 3,blue,People Person,社交达人,Душа компании,Extrovertiert,Progress_EXO_Branch_PeoplePerson_03,Branch - Row 2 - 3,,tooltip_exo_passive_24_Deadline,deadline_2.png,/Game/uiresources/_shared/assets/ico_ui_art_passives/Exo_Soldier/ico_passive_exo_debido_tiempo.ico_passive_exo_debido_tiempo
256,Char_ExoSoldier,Rafa,Debtonation,内燃爆鸣,Отложенный взрыв,Detonation,"Whenever [primary]Rafa[/primary] damages an enemy with an [secondary]Action Skill[/secondary], place a [primary]Remote Detonator[/primary] on that enemy. [primary]Remote Detonators[/primary] gain increased [secondary]Damage[/secondary] and increased [secondary]Splash Radius[/secondary] for every [primary]Remote Detonator[/primary] on an enemy. [primary]Remote Detonators[/primary] automatically [secondary]explode[/secondary] after a delay or whenever the enemy it's attached to dies.[newline][newline][secondary]Ordnance Override[/secondary]. Detonate all [primary]Remote Detonators[/primary].",当[primary]拉法[/primary]用[secondary]主动技能[/secondary]对敌人造成伤害时，将在该敌人身上放置一根[primary]遥控雷管[/primary]。每在敌人身上放置一根[primary]遥控雷管[/primary]，都会提升[primary]遥控雷管[/primary]的[secondary]伤害[/secondary]和[secondary]溅射半径[/secondary]。[primary]遥控雷管[/primary]会在延迟后或其附着的敌人死亡时自动[secondary]爆炸[/secondary]。[newline][newline][secondary]炮械替换[/secondary]。引爆所有[primary]遥控雷管[/primary]。,"Каждый раз, когда [primary]Рафа[/primary] наносит врагу урон [secondary]активным навыком[/secondary], на врага помещается [primary]дистанционный детонатор[/primary]. [secondary]Урон[/secondary] и [secondary]радиус поражения по площади[/secondary] [primary]дистанционных детонаторов[/primary] увеличивается за каждый [primary]детонатор[/primary], помещенный на врага. [primary]Дистанционные детонаторы[/primary] автоматически [secondary]взрываются[/secondary] через некоторое время или когда враг, на которого они прикреплены, умирает.[newline][newline][secondary]Преимущество снарядов[/secondary]. Все [primary]дистанционные детонаторы[/primary] взрываются.","Immer wenn [primary]Rafa[/primary] einem Feind mit einem [secondary]Action-Skill[/secondary] Schaden zufügt, platziere einen [primary]Fernzünder[/primary] auf diesem Feind.[primary]Fernzünder[/primary] erhalten erhöhten [secondary]Schaden[/secondary] und erhöhten [secondary]indirekten Schadensradius[/secondary] für jeden [primary]Fernzünder[/primary] auf einem Feind. [primary]Fernzünder[/primary] [secondary]explodieren[/secondary] nach kurzer Zeit automatisch oder wenn der betroffene Feind stirbt.[newline][newline][secondary]Kampfmittel-Override[/secondary]. Lass alle [primary]Fernzünder[/primary] detonieren.",passive,276,339,402,465,528,256:Progress_EXO_Branch_PeoplePerson_02:Branch - Row 2 - 3,blue,People Person,社交达人,Душа компании,Extrovertiert,Progress_EXO_Branch_PeoplePerson_02,Branch - Row 2 - 3,,tooltip_exo_passive_19_Debtonation,debtonation_2.png,/Game/uiresources/_shared/assets/ico_ui_art_passives/Exo_Soldier/ico_passive_exo_concealed_detonators.ico_passive_exo_concealed_detonators
256,Char_ExoSoldier,Rafa,Deft Hands,灵巧双手,Ловкость рук,Geschickte Hände,[primary]Rafa[/primary] and his [primary]Peacebreaker Cannons[/primary] gain increased [secondary]Fire Rate[/secondary].,提升[primary]拉法[/primary]及其[primary]和平破坏者火炮[/primary]的[secondary]射速[/secondary]。,[secondary]Скорострельность[/secondary] [primary]Рафы[/primary] и его [primary]пушек мироборца[/primary] повышается.,[primary]Rafa[/primary] und seine [primary]Friedensbrecher-Kanonen[/primary] erhalten eine erhöhte [secondary]Feuerrate[/secondary].,passive,63,106,144,182,220,256:Progress_EXO_Trunk_RemoteAgent:Trunk - Row 1 - 3,red,Remote Agent,远程代理,Дистанционный агент,Fernzünder,Progress_EXO_Trunk_RemoteAgent,Trunk - Row 1 - 3,,tooltip_exo_passive_27_DeftHands,deft_hands_2.png,/Game/uiresources/_shared/assets/ico_ui_art_passives/Exo_Soldier/ico_passive_exo_deft_hands.ico_passive_exo_deft_hands
256,Char_ExoSoldier,Rafa,Devil-May-Care,鬼才在乎,Бесшабашность,Unbekümmert,"[primary]Overdrive Skill[/primary]. While [primary]Overdrive[/primary] is active, [primary]Rafa[/primary] gains increased [secondary]Movement Speed[/secondary], and gains [secondary]Health Regeneration[/secondary].[newline][newline]While [primary]Overdrive[/primary] is not active, [primary]Rafa[/primary] takes increased [secondary]Damage[/secondary], and gains increased [secondary]Action Skill Cooldown Rate[/secondary].",[primary]超速过载技能[/primary]。发动[primary]超速过载[/primary]时，提升[primary]拉法[/primary]的[secondary]移动速度[/secondary]并获得[secondary]生命值恢复[/secondary]。[newline][newline]未发动[primary]超速过载[/primary]时，提升[primary]拉法[/primary]受到的[secondary]伤害[/secondary]，并提升[secondary]主动技能冷却速率[/secondary]。,"[primary]Навык форсажа[/primary]. Когда активен [primary]форсаж[/primary], у [primary]Рафы[/primary] повышается [secondary]скорость перемещения[/secondary] и [secondary]восстанавливается здоровье[/secondary].[newline][newline]Когда [primary]форсаж[/primary] не активен, [primary]Рафа[/primary] получает больше [secondary]урона[/secondary] и увеличивается [secondary]скорость восстановления его активного навыка[/secondary].","[primary]Overdrive-Skill[/primary]. [primary]Rafa[/primary] erhält erhöhte [secondary]Bewegungsgeschwindigkeit[/secondary] und [secondary]Gesundheitsregeneration[/secondary], während [primary]Overdrive[/primary] aktiv ist.[newline][newline]Wenn [primary]Overdrive[/primary] nicht aktiv ist, erleidet [primary]Rafa[/primary] erhöhten [secondary]Schaden[/secondary] und erhält erhöhte [secondary]Action-Skill-Abklinggeschwindigkeit[/secondary].",passive,260,323,386,449,512,256:Progress_EXO_Branch_RemoteAgent_03:Branch - Row 2 - 1,red,Remote Agent,远程代理,Дистанционный агент,Fernzünder,Progress_EXO_Branch_RemoteAgent_03,Branch - Row 2 - 1,,tooltip_exo_passive_50_DevilMayCare,devilmaycare_2.png,/Game/uiresources/_shared/assets/ico_ui_art_passives/Exo_Soldier/ico_passive_exo_devil_may_care.ico_passive_exo_devil_may_care
256,Char_ExoSoldier,Rafa,Dial In,拨入,Идеальное подключение,Einwählen,"Whenever [primary]Rafa[/primary] damages an enemy with a [secondary]Melee Attack[/secondary], his [secondary]Melee Attacks[/secondary] gain [secondary]Critical Hit Chance[/secondary]. This [secondary]chance[/secondary] stacks, and all Stacks are removed whenever [primary]Rafa[/primary] [secondary]Critically Hits[/secondary] an enemy.",当[primary]拉法[/primary]使用[secondary]近战攻击[/secondary]对敌人造成伤害时，其[secondary]近战攻击[/secondary]获得[secondary]暴击几率[/secondary]。此[secondary]几率[/secondary]可叠加，当[primary]拉法[/primary][secondary]暴击[/secondary]敌人时，将移除所有叠加层。,"Каждый раз, когда [primary]Рафа[/primary] наносит врагу урон [secondary]такой в ближнем бою[/secondary], его [secondary]атаки в ближнем бою[/secondary] получают [secondary]шанс на критическое попадание[/secondary]. Этот [secondary]шанс[/secondary] суммируется, но каждый раз, когда [primary]Рафа[/primary] наносит врагу [secondary]критический удар[/secondary], шанс обнуляется.","Immer wenn [primary]Rafa[/primary] einem Feind mit einem [secondary]Nahkampfangriff[/secondary] Schaden zufügt, erhalten seine [secondary]Nahkampfangriffe[/secondary] eine [secondary]kritische Trefferchance[/secondary]. Diese [secondary]Chance[/secondary] ist stapelbar. Sobald [primary]Rafa[/primary] einem Feind einen [secondary]kritischen Treffer[/secondary] zufügt, werden alle Stapel entfernt.",passive,34,78,116,154,192,256:Progress_EXO_Trunk_Gimmick:Trunk - Row 2 - 1,green,This Year's Gimmick,今年噱头,Фишка года,Das diesjährige Gimmick,Progress_EXO_Trunk_Gimmick,Trunk - Row 2 - 1,,tooltip_exo_passive_56_DialIn,dial_in_2.png,/Game/uiresources/_shared/assets/ico_ui_art_passives/Exo_Soldier/ico_passive_exo_trama.ico_passive_exo_trama
256,Char_ExoSoldier,Rafa,Diamond Hands,钻石之手,Алмазные руки,Diamanthände,"Dealing [secondary]Melee Damage[/secondary] grants [primary]Rafa[/primary] a Stack of [primary]Diamond Hands[/primary]. Gain increased [secondary]Gun Damage[/secondary] for every Stack of [primary]Diamond Hands[/primary].[newline][newline]Once [primary]Rafa[/primary] deals [secondary]Gun Damage[/secondary], Stacks begin to decay quickly until they run out.",造成[secondary]近战伤害[/secondary]后，[primary]拉法[/primary]会获得一层[primary]钻石之手[/primary]。每层[primary]钻石之手[/primary]都会提升[secondary]枪械伤害[/secondary]。[newline][newline]一旦[primary]拉法[/primary]造成[secondary]枪械伤害[/secondary]，叠加层数将快速衰减，直至耗尽为止。,"Нанося [secondary]урон в ближнем бою[/secondary], [primary]Рафа[/primary] получает заряд [primary]""Алмазных рук""[/primary]. Каждый заряд [primary]""Алмазных рук""[/primary] дает повышенный [secondary]урон от стрельбы[/secondary].[newline][newline]Как только [primary]Рафа[/primary] наносит [secondary]урон от стрельбы[/secondary], заряды начинают быстро расходоваться, пока не закончатся.","Wenn [primary]Rafa[/primary] [secondary]Nahkampfschaden[/secondary] verursacht, erhält er einen Stapel [primary]Diamanthände[/primary]. Erhöht den [secondary]Schusswaffen-Schaden[/secondary] für jeden [primary]Diamanthände[/primary]-Stapel.[newline][newline]Sobald [primary]Rafa[/primary] [secondary]Schusswaffen-Schaden[/secondary] verursacht, verfallen die Stapel schnell, bis sie aufgebraucht sind.",passive,32,76,114,152,190,256:Progress_EXO_Trunk_Gimmick:Trunk - Row 2 - 5,green,This Year's Gimmick,今年噱头,Фишка года,Das diesjährige Gimmick,Progress_EXO_Trunk_Gimmick,Trunk - Row 2 - 5,,tooltip_exo_passive_58_DiamondHands,diamond_hands_2.png,/Game/uiresources/_shared/assets/ico_ui_art_passives/Exo_Soldier/ico_passive_exo_doorbuster.ico_passive_exo_doorbuster
256,Char_ExoSoldier,Rafa,Drone Assault,无人机突击,Налет дронов,Drohnenangriff,"Whenever [primary]Rafa[/primary] triggers or retriggers an [secondary]Action Skill[/secondary], send one of his [primary]STRM Gliders[/primary] at an enemy in his view. Once it arrives, it explodes in a [nowrap][corrosive_icon][corrosive]Corrosive [/corrosive][/nowrap][corrosive]Explosion[/corrosive] equal to its remaining health.",当[primary]拉法[/primary]触发或重新触发[secondary]主动技能[/secondary]时，会向视野中的敌人发射一架场上的[primary]暴风滑翔机[/primary]。滑翔机会在到达时自爆，并造成等同于自身剩余生命值的[nowrap][corrosive_icon][corrosive]腐蚀[/corrosive][/nowrap][corrosive]爆炸[/corrosive]伤害。,"При включении или перезапуске [secondary]активного навыка[/secondary] [primary]Рафа[/primary] отправляет один из своих [primary]планеров ""ШТРМ""[/primary] в поле зрения врага. По прибытии произойдет [nowrap][corrosive_icon][corrosive]коррозионный[/corrosive][/nowrap][corrosive] взрыв[/corrosive], урон от которого зависит от оставшегося здоровья.","Immer wenn [primary]Rafa[/primary] einen [secondary]Action-Skill[/secondary] auslöst oder erneut auslöst, schickt er einen seiner [primary]STRM-Gleiter[/primary] auf einen Feind in seiner Sichtweite. Sobald er ankommt, explodiert er in einer [nowrap][corrosive_icon][corrosive]Korrosions-Explosion[/corrosive][/nowrap] in Höhe seiner verbleibenden Gesundheit.",passive,277,340,403,466,529,256:Progress_EXO_Branch_PeoplePerson_02:Branch - Row 3 - 1,blue,People Person,社交达人,Душа компании,Extrovertiert,Progress_EXO_Branch_PeoplePerson_02,Branch - Row 3 - 1,,tooltip_exo_passive_20_DroneAssault,drone_assault_2.png,/Game/uiresources/_shared/assets/ico_ui_art_passives/Exo_Soldier/ico_passive_exo_seeker_glider.ico_passive_exo_seeker_glider
256,Char_ExoSoldier,Rafa,Drone Defense,无人机防御,Защита дронов,Drohnenabwehr,"Whenever [primary]Rafa[/primary] activates an [secondary]Ordnance[/secondary], spawn [primary]STRM Gliders[/primary] that hover near him. As he takes Damage, transfer some of it to his [primary]STRM Gliders[/primary]. Once a [primary]STRM Glider[/primary] receives too much Damage, it explodes, dealing [nowrap][corrosive_icon][corrosive]Corrosive[/corrosive][/nowrap][corrosive]Splash Damage[/corrosive] to nearby enemies.",当[primary]拉法[/primary]启用[secondary]炮械[/secondary]时，在其附近生成盘旋的[primary]暴风滑翔机[/primary]。在他受到伤害时，部分伤害会转移至[primary]暴风滑翔机[/primary]。如[primary]暴风滑翔机[/primary]受到过多伤害，会发生爆炸并对附近敌人造成[nowrap][corrosive_icon][corrosive]腐蚀溅射[/corrosive][/nowrap][corrosive]伤害[/corrosive]。,"Каждый раз, когда [primary]Рафа[/primary] активирует [secondary]снаряды[/secondary], возле него появляются [primary]планеры ""ШТРМ""[/primary]. Когда он получает урон, [primary]планеры ""ШТРМ""[/primary] забирают часть на себя. Когда [primary]планер ""ШТРМ""[/primary] получает слишком много урона, он взрывается и наносит [nowrap][corrosive_icon][corrosive]урон[/corrosive][/nowrap] [corrosive] по площади от коррозии[/corrosive] врагам поблизости.","Immer wenn [primary]Rafa[/primary] ein [secondary]Kampfmittel[/secondary] aktiviert, spawnen [primary]STRM-Gleiter[/primary] und schweben in seiner Nähe. Wenn er Schaden erleidet, wird ein Teil davon auf seine [primary]STRM-Gleiter[/primary] übertragen. Sobald ein [primary]STRM-Gleiter[/primary] zu viel Schaden erleidet, explodiert er und fügt Feinden in der Nähe indirekten [nowrap][corrosive_icon][corrosive]Korrosionsschaden[/corrosive][/nowrap] zu.",passive,272,335,398,461,524,256:Progress_EXO_Branch_PeoplePerson_02:Branch - Row 1 - 1,blue,People Person,社交达人,Душа компании,Extrovertiert,Progress_EXO_Branch_PeoplePerson_02,Branch - Row 1 - 1,,tooltip_exo_passive_16_DroneDefense,drone_defense_2.png,/Game/uiresources/_shared/assets/ico_ui_art_passives/Exo_Soldier/ico_passive_exo_drone_defense.ico_passive_exo_drone_defense
256,Char_ExoSoldier,Rafa,El Alacrán,阴险毒蝎,,Skorpion,Enemies damaged by [primary]Rafa's Peacebreaker Cannons[/primary] have an increased chance to receive [secondary]Status Effects[/secondary].,被[primary]拉法和平破坏者火炮[/primary]伤害的敌人遭受[secondary]状态效果[/secondary]的几率提升。,"У врагов, получивших урон от [primary]пушек мироборца Рафы[/primary], повышается [secondary]шанс срабатывания стихийного эффекта[/secondary].","Feinde, die durch [primary]Rafas[/primary] [primary]Friedensbrecher-Kanonen[/primary] Schaden erleiden, haben eine erhöhte Chance, [secondary]Statuseffekte[/secondary] zu erhalten.",passive,256,319,382,445,508,256:Progress_EXO_Branch_RemoteAgent_02:Branch - Row 3 - 1,red,Remote Agent,远程代理,Дистанционный агент,Fernzünder,Progress_EXO_Branch_RemoteAgent_02,Branch - Row 3 - 1,,tooltip_exo_passive_46_ElAlacrin,el_alacrán_2.png,/Game/uiresources/_shared/assets/ico_ui_art_passives/Exo_Soldier/ico_passive_exo_open_them_up.ico_passive_exo_open_them_up
256,Char_ExoSoldier,Rafa,El Borracho,纯纯醉汉,Сыто-пьяно,Der Betrunkene,"[primary]Rafa[/primary] deals increased [nowrap][corrosive_icon][corrosive]Corrosive[/corrosive][/nowrap][corrosive]Damage[/corrosive] while his [secondary]Action Skill[/secondary] is active. The longer it has been active, the [secondary]greater[/secondary] the bonus.",当[primary]拉法[/primary]发动[secondary]主动技能[/secondary]时，提升其造成的[nowrap][corrosive_icon][corrosive]腐蚀[/corrosive][/nowrap][corrosive]伤害[/corrosive]。发动时间越长，加成[secondary]越高[/secondary]。,"Во время использования [secondary]активного навыка[/secondary] [primary]Рафа[/primary] наносит повышенный [nowrap][corrosive_icon][corrosive]урон[/corrosive][/nowrap][corrosive] от коррозии[/corrosive]. Чем дольше используется активный навык, тем [secondary]выше[/secondary] бонус.","[primary]Rafa[/primary] verursacht erhöhten [nowrap][corrosive_icon][corrosive]Korrosionsschaden[/corrosive][/nowrap], während sein [secondary]Action-Skill[/secondary] aktiv ist. Je länger er aktiv ist, desto [secondary]größer[/secondary] der Bonus.",passive,237,300,363,426,489,256:Progress_EXO_Branch_Gimmick_03:Branch - Row 1 - 1,green,This Year's Gimmick,今年噱头,Фишка года,Das diesjährige Gimmick,Progress_EXO_Branch_Gimmick_03,Branch - Row 1 - 1,,tooltip_exo_passive_74_ElBorracho,el_borracho_2.png,/Game/uiresources/_shared/assets/ico_ui_art_passives/Exo_Soldier/ico_passive_exo_cant_stop_me_now.ico_passive_exo_cant_stop_me_now
256,Char_ExoSoldier,Rafa,El Catrín,贵族男子,,,"Whenever [primary]Rafa[/primary] [secondary]Slides[/secondary], his [secondary]Action Skills[/secondary] gain [nowrap][shock_icon][shock]Bonus[/shock][/nowrap] [shock]Shock Damage[/shock], and he gains increased [secondary]Critical Hit Damage[/secondary] for a [secondary]Duration[/secondary].",[primary]拉法[/primary]在[secondary]滑铲[/secondary]时，其[secondary]主动技能[/secondary]将获得[nowrap][shock_icon][shock]加成[/shock][/nowrap][shock]电击伤害[/shock]，并在[secondary]一段时间[/secondary]内提升他的[secondary]暴击伤害[/secondary]。,"После [secondary]скольжения[/secondary] [secondary]активный навык[/secondary] [primary]Рафы[/primary] наносит [nowrap][shock][shock_icon]дополнительный[/shock][/nowrap] [shock]урон от шока[/shock], а сам он также какое-то [secondary]время[/secondary] наносит повышенный [secondary]критический урон[/secondary].","Immer wenn [primary]Rafa[/primary] [secondary]rutscht[/secondary], erhalten seine [secondary]Action-Skills[/secondary] [nowrap][shock_icon][shock]Bonus[/shock][/nowrap]-[shock]Schockschaden[/shock] und er verursacht zudem [secondary]vorübergehend[/secondary] erhöhten [secondary]kritischen Trefferschaden[/secondary].",passive,268,331,394,457,520,256:Progress_EXO_Branch_PeoplePerson_01:Branch - Row 2 - 2,blue,People Person,社交达人,Душа компании,Extrovertiert,Progress_EXO_Branch_PeoplePerson_01,Branch - Row 2 - 2,,tooltip_exo_passive_13_ElCatrin,el_catrín_2.png,/Game/uiresources/_shared/assets/ico_ui_art_passives/Exo_Soldier/ico_passive_exo_showboat.ico_passive_exo_showboat
256,Char_ExoSoldier,Rafa,El Corazón,跳动之心,,Corazón,A portion of [primary]Rafa's[/primary] [secondary]Maximum Health Capacity[/secondary] is converted into [secondary]Maximum Shield Capacity[/secondary].,[primary]拉法的[/primary]一部分[secondary]最大生命值容量[/secondary]转化为[secondary]最大护盾容量[/secondary]。,Часть [secondary]максимального уровня здоровья[/secondary] [primary]Рафы[/primary] превращается в [secondary]максимальную емкость щитов[/secondary].,Ein Teil von [primary]Rafas[/primary] [secondary]maximaler Gesundheitskapazität[/secondary] wird in [secondary]maximale Schildkapazität[/secondary] umgewandelt.,passive,33,77,115,153,191,256:Progress_EXO_Trunk_Gimmick:Trunk - Row 2 - 3,green,This Year's Gimmick,今年噱头,Фишка года,Das diesjährige Gimmick,Progress_EXO_Trunk_Gimmick,Trunk - Row 2 - 3,,tooltip_exo_passive_57_ElCorazon,el_corazón_2.png,/Game/uiresources/_shared/assets/ico_ui_art_passives/Exo_Soldier/ico_passive_exo_stockpile.ico_passive_exo_stockpile
256,Char_ExoSoldier,Rafa,El Diablito,恐怖恶魔,,Diablito,A portion of all [nowrap][fire_icon][fire]Incendiary[/fire][/nowrap][fire] Damage[/fire] [primary]Rafa[/primary] deals also deals [nowrap][fire_icon][fire]Bonus[/fire][/nowrap][fire] Incendiary Ordnance Damage[/fire].,根据[primary]拉法[/primary]造成所有[nowrap][fire_icon][fire]燃烧[/fire][/nowrap][fire]伤害[/fire]的部分，会获得[nowrap][fire_icon][fire]燃烧加成[/fire][/nowrap][fire]炮械伤害[/fire]。,К части наносимого [primary]Рафой[/primary] [nowrap][fire_icon][fire]урона[/fire][/nowrap][fire] от огня[/fire] также добавляется [nowrap][fire_icon][fire]дополнительный[/fire][/nowrap][fire] урон от огненных снарядов[/fire].,"Ein Teil des gesamten [nowrap][fire_icon][fire]Brandschadens[/fire][/nowrap], den [primary]Rafa[/primary] verursacht, bewirkt auch [nowrap][fire_icon][fire]Bonus[/fire][/nowrap]-[fire]Kampfmittel-Brandschaden[/fire].",passive,236,299,362,425,488,256:Progress_EXO_Branch_Gimmick_02:Branch - Row 3 - 3,green,This Year's Gimmick,今年噱头,Фишка года,Das diesjährige Gimmick,Progress_EXO_Branch_Gimmick_02,Branch - Row 3 - 3,,tooltip_exo_passive_73_ElDiabilito,el_diablito_2.png,/Game/uiresources/_shared/assets/ico_ui_art_passives/Exo_Soldier/ico_passive_exo_double_dip.ico_passive_exo_double_dip
256,Char_ExoSoldier,Rafa,El Paraguas,挡雨之伞,,Schirmherrschaft,[primary]Rafa[/primary] gains increased [secondary]Splash Damage[/secondary] and [secondary]Splash Damage[/secondary] gains [secondary]Critical Hit Chance[/secondary].,提升[primary]拉法[/primary]的[secondary]溅射伤害[/secondary]，并提升[secondary]溅射伤害[/secondary]的[secondary]暴击率[/secondary]。,"[primary]Рафа[/primary] наносит увеличенный [secondary]урон по площади[/secondary], и [secondary]урон по площади[/secondary] получает повышенный [secondary]шанс критического попадания[/secondary].",[primary]Rafa[/primary] erhält erhöhten [secondary]indirekten Schaden[/secondary] und der [secondary]indirekte Schaden[/secondary] erhält eine [secondary]kritische Trefferchance[/secondary].,passive,224,287,350,413,476,256:Progress_EXO_Branch_Gimmick_01:Branch - Row 1 - 3,green,This Year's Gimmick,今年噱头,Фишка года,Das diesjährige Gimmick,Progress_EXO_Branch_Gimmick_01,Branch - Row 1 - 3,,tooltip_exo_passive_64_ElParaguas,el_paraguas_2.png,/Game/uiresources/_shared/assets/ico_ui_art_passives/Exo_Soldier/ico_passive_exo_coverage.ico_passive_exo_coverage
256,Char_ExoSoldier,Rafa,El Soldado,英勇士兵,,Soldado,[primary]Overdrive Skill[/primary]. [primary]Rafa[/primary] gains increased [secondary]Gun Damage[/secondary] while [primary]Overdrive[/primary] is active. This bonus is [secondary]doubled[/secondary] while [primary]Rafa[/primary] is charging [primary]APOPHIS Lance[/primary].,[primary]超速过载技能[/primary]。发动[primary]超速过载[/primary]时，提升[primary]拉法[/primary]的[secondary]枪械伤害[/secondary]。如[primary]拉法[/primary]正在充能[primary]阿波菲斯长矛[/primary]，此加成将[secondary]加倍[/secondary]。,"[primary]Навык форсажа[/primary]. Когда активен [primary]форсаж[/primary], [secondary]урон от стрельбы[/secondary] [primary]Рафы[/primary] повышен. Если [primary]Рафа[/primary] заряжает [primary]""Копье Апофиса""[/primary], этот бонус [secondary]удваивается[/secondary].","[primary]Overdrive-Skill[/primary]. [primary]Rafa[/primary] erhält erhöhten [secondary]Schusswaffen-Schaden[/secondary], während [primary]Overdrive[/primary] aktiv ist. Dieser Bonus [secondary]verdoppelt sich[/secondary], wenn [primary]Rafa[/primary] die [primary]APOPHIS-Lanze[/primary] auflädt.",passive,273,336,399,462,525,256:Progress_EXO_Branch_PeoplePerson_02:Branch - Row 1 - 3,blue,People Person,社交达人,Душа компании,Extrovertiert,Progress_EXO_Branch_PeoplePerson_02,Branch - Row 1 - 3,,tooltip_exo_passive_17_ElSoldado,el_soldado_2.png,/Game/uiresources/_shared/assets/ico_ui_art_passives/Exo_Soldier/ico_passive_exo_busted.ico_passive_exo_busted
256,Char_ExoSoldier,Rafa,El Valiente,无畏斗士,,Kühnheit,"[primary]Rafa[/primary] deals increased [secondary]Damage[/secondary] from all sources. The fuller [primary]Rafa's[/primary] [secondary]Shields[/secondary] are, the greater the bonus. While [primary]Rafa's[/primary] [secondary]Shields[/secondary] are at [secondary]Maximum Capacity[/secondary], [secondary]double the bonus[/secondary].",提升[primary]拉法[/primary]所有类型的[secondary]伤害[/secondary]。[primary]拉法[/primary]的[secondary]护盾值[/secondary]越高，加成越高。[primary]拉法[/primary][secondary]护盾[/secondary]处于[secondary]最大容量[/secondary]时，[secondary]加成加倍[/secondary]。,"[primary]Рафа[/primary] наносит повышенный [secondary]урон[/secondary] из всех источников. Чем больше заряд [secondary]щита[/secondary] [primary]Рафы[/primary], тем выше бонус. Когда [secondary]щиты[/secondary] [primary]Рафы[/primary] [secondary]полностью заряжены[/secondary], [secondary]бонус удваивается[/secondary].","[primary]Rafa[/primary] verursacht erhöhten [secondary]Schaden[/secondary] aus allen Quellen. Je voller [primary]Rafas[/primary] [secondary]Schilde[/secondary] sind, desto größer der Bonus. Während [primary]Rafas[/primary] [secondary]Schilde[/secondary] auf [secondary]maximaler Kapazität[/secondary] sind, [secondary]verdoppelt sich der Bonus[/secondary].",passive,53,96,134,172,210,256:Progress_EXO_Trunk_RemoteAgent:Trunk - Row 3 - 5,red,Remote Agent,远程代理,Дистанционный агент,Fernzünder,Progress_EXO_Trunk_RemoteAgent,Trunk - Row 3 - 5,,tooltip_exo_passive_35_ElValiente,el_valiente_2.png,/Game/uiresources/_shared/assets/ico_ui_art_passives/Exo_Soldier/ico_passive_exo_serendipitous.ico_passive_exo_serendipitous
256,Char_ExoSoldier,Rafa,Empuje,高能推力,Подзавод,Aktivitätsschub,[primary]Rafa[/primary] gains increased [secondary]Action Skill Duration[/secondary].,提升[primary]拉法[/primary]的[secondary]主动技能持续时间[/secondary]。,[secondary]Время действия активного навыка[/secondary] [primary]Рафы[/primary] увеличивается.,[primary]Rafa[/primary] erhält erhöhte [secondary]Action-Skill-Dauer[/secondary].,passive,238,301,364,427,490,256:Progress_EXO_Branch_Gimmick_03:Branch - Row 1 - 3,green,This Year's Gimmick,今年噱头,Фишка года,Das diesjährige Gimmick,Progress_EXO_Branch_Gimmick_03,Branch - Row 1 - 3,,tooltip_exo_passive_75_Empuje,empuje_2.png,/Game/uiresources/_shared/assets/ico_ui_art_passives/Exo_Soldier/ico_passive_exo_empuje.ico_passive_exo_empuje
256,Char_ExoSoldier,Rafa,Errant Spark,游离火花,Блуждающая искра,Irrfunke,"All [secondary]Indirect Projectiles[/secondary] deal [nowrap][fire_icon][fire]Bonus[/fire][/nowrap][fire] Incendiary Damage[/fire]. If the [secondary]Indirect Projectile[/secondary] already deals [nowrap][fire_icon][fire]Incendiary[/fire][/nowrap][fire] Damage[/fire], double the [secondary]Bonus[/secondary] Damage.",所有[secondary]间接射弹[/secondary]会造成[nowrap][fire_icon][fire]加成[/fire][/nowrap][fire]燃烧伤害[/fire]。如[secondary]间接射弹[/secondary]已造成[nowrap][fire_icon][fire]燃烧[/fire][/nowrap][fire]伤害[/fire]，则[secondary]加成[/secondary]伤害加倍。,"Все [secondary]ненаправленные снаряды[/secondary] наносят [fire][nowrap][fire_icon]дополнительный урон от огня[/nowrap][/fire]. Если [secondary]эти снаряды[/secondary] уже наносят [nowrap][fire][fire_icon]урон от огня[/fire][/nowrap], [secondary]дополнительный[/secondary] урон удваивается.","Alle [secondary]indirekten Projektile[/secondary] verursachen [nowrap][fire_icon][fire]Bonus[/fire][/nowrap]-[fire]Brandschaden[/fire]. Wenn das [secondary]indirekte Projektil[/secondary] bereits [nowrap][fire_icon][fire]Brandschaden[/fire][/nowrap] verursacht, verdoppelt sich der [secondary]Bonusschaden[/secondary].",passive,246,309,372,435,498,256:Progress_EXO_Branch_RemoteAgent_01:Branch - Row 2 - 1,red,Remote Agent,远程代理,Дистанционный агент,Fernzünder,Progress_EXO_Branch_RemoteAgent_01,Branch - Row 2 - 1,,tooltip_exo_passive_37_ErrantSpark,errant_spark_2.png,/Game/uiresources/_shared/assets/ico_ui_art_passives/Exo_Soldier/ico_passive_exo_brush_aside.ico_passive_exo_brush_aside
256,Char_ExoSoldier,Rafa,Everdrive,永恒动力,Форсажище,,[primary]Overdrive[/primary] gains increased [secondary]Duration[/secondary].,提升[primary]超速过载[/primary]的[secondary]持续时间[/secondary]。,Время действия [primary]форсажа[/primary] [secondary]увеличивается[/secondary].,[primary]Overdrive[/primary] erhält erhöhte [secondary]Dauer[/secondary].,passive,259,322,385,448,511,256:Progress_EXO_Branch_RemoteAgent_03:Branch - Row 1 - 3,red,Remote Agent,远程代理,Дистанционный агент,Fernzünder,Progress_EXO_Branch_RemoteAgent_03,Branch - Row 1 - 3,,tooltip_exo_passive_49_Everdrive,everdrive_2.png,/Game/uiresources/_shared/assets/ico_ui_art_passives/Exo_Soldier/ico_passive_exo_no_worries.ico_passive_exo_no_worries
256,Char_ExoSoldier,Rafa,Expedite,加速过程,Ускорение,Beschleunigen,[primary]Overdrive Skill[/primary]. [primary]Overdrive[/primary] grants [primary]Rafa[/primary] increased [secondary]Movement Speed[/secondary].,[primary]超速过载技能[/primary]。[primary]超速过载[/primary]会提升[primary]拉法[/primary]的[secondary]移动速度[/secondary]。,[primary]Навык форсажа[/primary]. [primary]Форсаж[/primary] повышает [secondary]скорость перемещения[/secondary] [primary]Рафы[/primary].,[primary]Overdrive-Skill[/primary]. [primary]Overdrive[/primary] gewährt [primary]Rafa[/primary] höhere [secondary]Bewegungsgeschwindigkeit[/secondary].,passive,35,79,117,155,193,256:Progress_EXO_Trunk_Gimmick:Trunk - Row 1 - 5,green,This Year's Gimmick,今年噱头,Фишка года,Das diesjährige Gimmick,Progress_EXO_Trunk_Gimmick,Trunk - Row 1 - 5,,tooltip_exo_passive_55_Expedite,expedite_2.png,/Game/uiresources/_shared/assets/ico_ui_art_passives/Exo_Soldier/ico_passive_exo_move_the_needle.ico_passive_exo_move_the_needle
256,Char_ExoSoldier,Rafa,Field Repairs,现场维修,Полевой ремонт,Feldreparaturen,"Whenever [primary]Rafa[/primary] activates an [secondary]Action Skill[/secondary], he restores a portion of his [secondary]Maximum Shield Capacity[/secondary]. If his [secondary]Shields[/secondary] are already full, he gains [secondary]Overshield[/secondary] based on his [secondary]Maximum Shield Capacity[/secondary] instead.",当[primary]拉法[/primary]发动[secondary]主动技能[/secondary]时，其会恢复一部分[secondary]最大护盾容量[/secondary]。如其[secondary]护盾[/secondary]已全满，则根据自身[secondary]最大护盾容量[/secondary]获得[secondary]超强护盾[/secondary]。,"Каждый раз, когда [primary]Рафа[/primary] использует [secondary]активный навык[/secondary], часть [secondary]максимальной емкости его щита[/secondary] восстанавливается. Если его [secondary]щиты[/secondary] полностью заряжены, вместо этого активируется [secondary]суперщит[/secondary], емкость которого зависит от [secondary]максимальной емкости щита[/secondary].","Immer wenn [primary]Rafa[/primary] einen [secondary]Action-Skill[/secondary] aktiviert, wird ein Teil seiner [secondary]maximalen Schildkapazität[/secondary] wiederhergestellt. Wenn seine [secondary]Schilde[/secondary] bereits voll sind, erhält er stattdessen [secondary]Überschild[/secondary] basierend auf seiner [secondary]maximalen Schildkapazität[/secondary].",passive,59,102,140,178,216,256:Progress_EXO_Trunk_RemoteAgent:Trunk - Row 2 - 3,red,Remote Agent,远程代理,Дистанционный агент,Fernzünder,Progress_EXO_Trunk_RemoteAgent,Trunk - Row 2 - 3,,tooltip_exo_passive_30_FieldRepairs,field_repairs_2.png,/Game/uiresources/_shared/assets/ico_ui_art_passives/Exo_Soldier/ico_passive_exo_flexible.ico_passive_exo_flexible
256,Char_ExoSoldier,Rafa,Fiesta,嘉年华,Фиеста,,"Whenever [primary]Rafa[/primary] applies a [secondary]Status Effect[/secondary], his [secondary]Action Skills[/secondary] consume no [secondary]Duration[/secondary], and [primary]APOPHIS Lance[/primary] consumes no [secondary]Charges[/secondary].",当[primary]拉法[/primary]施加[secondary]状态效果[/secondary]时，其[secondary]主动技能[/secondary]不会消耗[secondary]持续时间[/secondary]，[primary]阿波菲斯长矛[/primary]也不会消耗[secondary]使用次数[/secondary]。,"Каждый раз, когда [primary]Рафа[/primary] применяет [secondary]стихийный эффект[/secondary], его [secondary]активные навыки[/secondary] не тратят [secondary]время действия[/secondary], а [primary]""Копье АПОФИСА""[/primary] не расходует [secondary]заряды[/secondary].","Immer wenn [primary]Rafa[/primary] einen [secondary]Statuseffekt[/secondary] anwendet, verbrauchen seine [secondary]Action-Skills[/secondary] keine [secondary]Dauer[/secondary] und die [primary]APOPHIS-Lanze[/primary] verbraucht keine [secondary]Aufladungen[/secondary].",passive,271,334,397,460,523,256:Progress_EXO_Branch_PeoplePerson_01:Branch - Row 3 - 3,blue,People Person,社交达人,Душа компании,Extrovertiert,Progress_EXO_Branch_PeoplePerson_01,Branch - Row 3 - 3,,tooltip_exo_passive_15_Fiesta,fiesta_2.png,/Game/uiresources/_shared/assets/ico_ui_art_passives/Exo_Soldier/ico_passive_exo_fiesta_sopresa.ico_passive_exo_fiesta_sopresa
256,Char_ExoSoldier,Rafa,First Impression,第一印象,ПЕРВЫЙ КОНТАКТ,,The first shot fired from a fully-loaded [secondary]Magazine[/secondary] gains [secondary]increased Damage[/secondary].,满[secondary]弹匣[/secondary]中发射的首发弹药获得[secondary]伤害提升[/secondary]。,Первый выстрел с полным [secondary]магазином[/secondary] наносит [secondary]повышенный урон[/secondary].,Der erste Schuss aus einem voll geladenen [secondary]Magazin[/secondary] verursacht [secondary]erhöhten Schaden[/secondary].,passive,44,88,126,164,202,256:Progress_EXO_Trunk_PeoplePerson:Trunk - Row 3 - 1,blue,People Person,社交达人,Душа компании,Extrovertiert,Progress_EXO_Trunk_PeoplePerson,Trunk - Row 3 - 1,,tooltip_exo_passive_07_FirstImpression,first_impression_2.png,/Game/uiresources/_shared/assets/ico_ui_art_passives/Exo_Soldier/ico_passive_exo_just_for_you.ico_passive_exo_just_for_you
256,Char_ExoSoldier,Rafa,Handshake Deal,握手协议,Два в одном,Der perfekte Händedruck,[primary]Rafa[/primary] gains increased [secondary]Gun Damage[/secondary] and [secondary]Melee Damage[/secondary].,提升[primary]拉法[/primary]的[secondary]枪械伤害[/secondary]和[secondary]近战伤害[/secondary]。,[secondary]Урон от стрельбы[/secondary] и [secondary]урон в ближнем бою[/secondary] [primary]Рафы[/primary] увеличиваются.,[primary]Rafa[/primary] erhält erhöhten  [secondary]Schusswaffen-Schaden[/secondary] und [secondary]Nahkampfschaden[/secondary].,passive,39,83,121,159,197,256:Progress_EXO_Trunk_Gimmick:Trunk - Row 1 - 1,green,This Year's Gimmick,今年噱头,Фишка года,Das diesjährige Gimmick,Progress_EXO_Trunk_Gimmick,Trunk - Row 1 - 1,,tooltip_exo_passive_53_HandshakeDeal,handshake_deal_2.png,/Game/uiresources/_shared/assets/ico_ui_art_passives/Exo_Soldier/ico_passive_exo_handshake_deal.ico_passive_exo_handshake_deal
256,Char_ExoSoldier,Rafa,Hard Sell,强硬推销,Навязчивое предложение,Aggressive Taktik,"Whenever [primary]Rafa's[/primary] [secondary]Shields[/secondary] break, he instantly gains a portion of his [secondary]Shield Maximum Capacity[/secondary] as [secondary]Overshield[/secondary]. This [secondary]Skill[/secondary] cannot be used again until [primary]Rafa[/primary] next activates his [secondary]Action Skill[/secondary].",当[primary]拉法的[/primary][secondary]护盾[/secondary]破裂时，其[secondary]护盾最大容量[/secondary]的一部分立即转换为[secondary]超强护盾[/secondary]。在[primary]拉法[/primary]下次发动[secondary]主动技能[/secondary]时才能再次使用此[secondary]技能[/secondary]。,"Каждый раз, когда [secondary]щиты[/secondary] [primary]Рафы[/primary] пробиты, он немедленно получает часть [secondary]максимальной емкости щита[/secondary] в качестве [secondary]суперщита[/secondary]. Этот [secondary]навык[/secondary] нельзя использовать повторно, пока [primary]Рафа[/primary] снова не воспользуется [secondary]активным навыком[/secondary].","Immer wenn [primary]Rafas[/primary] [secondary]Schilde[/secondary] brechen, erhält er sofort einen Teil seiner [secondary]maximalen Schildkapazität[/secondary] als [secondary]Überschild[/secondary]. Der [secondary]Skill[/secondary] kann erst wieder eingesetzt werden, wenn [primary]Rafa[/primary] seinen [secondary]Action-Skill[/secondary] erneut aktiviert.",passive,30,74,112,150,188,256:Progress_EXO_Trunk_Gimmick:Trunk - Row 3 - 4,green,This Year's Gimmick,今年噱头,Фишка года,Das diesjährige Gimmick,Progress_EXO_Trunk_Gimmick,Trunk - Row 3 - 4,,tooltip_exo_passive_62_HardSell,hard_sell_2.png,/Game/uiresources/_shared/assets/ico_ui_art_passives/Exo_Soldier/ico_passive_exo_hard_sell.ico_passive_exo_hard_sell
256,Char_ExoSoldier,Rafa,Hemolitions,血怒爆裂,Стреляю сердцем,Hämolierung,"[primary]Overdrive Skill[/primary]. While [primary]Overdrive[/primary] is active, [primary]Rafa[/primary] may use [secondary]Grenades[/secondary] during [secondary]Ordnance Cooldown[/secondary] at the cost of [secondary]Health[/secondary]. Every time a [secondary]Grenade[/secondary] is used this way, it costs more [secondary]Health[/secondary] until [primary]Rafa's[/primary] [secondary]Grenade[/secondary] fully cools down.",[primary]超速过载技能[/primary]。发动[primary]超速过载[/primary]时，[primary]拉法[/primary]可消耗[secondary]生命值[/secondary]以在[secondary]炮械冷却[/secondary]期间使用[secondary]手雷[/secondary]。每次通过此方式使用[secondary]手雷[/secondary]时，将消耗更多[secondary]生命值[/secondary]，直至[primary]拉法的[/primary][secondary]手雷[/secondary]冷却结束。,"[primary]Навык форсажа[/primary]. Когда активен [primary]форсаж[/primary], [primary]Рафа[/primary] может использовать [secondary]гранаты[/secondary] в период [secondary]времени восстановления снарядов[/secondary], тратя [secondary]здоровье[/secondary]. Каждое последующее такое использование [secondary]гранат[/secondary] стоит больше [secondary]здоровья[/secondary] до тех пор, пока [secondary]граната[/secondary] [primary]Рафы[/primary] полностью не восстановится.","[primary]Overdrive-Skill[/primary]. Während [primary]Overdrive[/primary] aktiv ist, kann [primary]Rafa[/primary] während der [secondary]Kampfmittel-Abklingzeit[/secondary] auf Kosten der [secondary]Gesundheit[/secondary] [secondary]Granaten[/secondary] einsetzen. Jedes Mal, wenn eine [secondary]Granate[/secondary] auf diese Weise auf diese Weise eingesetzt wird, kostet dies bis zum vollständigen Abklingen von [primary]Rafas[/primary] [secondary]Granate[/secondary] mehr [secondary]Gesundheit[/secondary].",passive,235,298,361,424,487,256:Progress_EXO_Branch_Gimmick_02:Branch - Row 3 - 1,green,This Year's Gimmick,今年噱头,Фишка года,Das diesjährige Gimmick,Progress_EXO_Branch_Gimmick_02,Branch - Row 3 - 1,,tooltip_exo_passive_72_Hemolitions,hemolitions_2.png,/Game/uiresources/_shared/assets/ico_ui_art_passives/Exo_Soldier/ico_passive_exo_pull_out_all_the_stops.ico_passive_exo_pull_out_all_the_stops
256,Char_ExoSoldier,Rafa,Hostile Acquisition,敌意收购,Враждебное поглощение,Feindliche Übernahme,[primary]Rafa's[/primary] [secondary]Indirect Projectiles[/secondary] gain [secondary]Lifesteal[/secondary].,[primary]拉法的[/primary][secondary]间接射弹[/secondary]获得[secondary]吸血[/secondary]。,[secondary]Ненаправленные снаряды[/secondary] [primary]Рафы[/primary] могут [secondary]красть здоровье[/secondary].,[primary]Rafas[/primary] [secondary]indirekte Projektile[/secondary] erhalten [secondary]Lebensraub[/secondary].,passive,247,310,373,436,499,256:Progress_EXO_Branch_RemoteAgent_01:Branch - Row 2 - 2,red,Remote Agent,远程代理,Дистанционный агент,Fernzünder,Progress_EXO_Branch_RemoteAgent_01,Branch - Row 2 - 2,,tooltip_exo_passive_38_Ardid,hostile_acquisition_2.png,/Game/uiresources/_shared/assets/ico_ui_art_passives/Exo_Soldier/ico_passive_exo_ardid.ico_passive_exo_ardid
256,Char_ExoSoldier,Rafa,In the Zone,专注时刻,Кураж,In der Zone,[secondary]Kill Skill[/secondary]. Killing an enemy [secondary]freezes[/secondary] [primary]Overdrive's Duration[/primary].,[secondary]杀戮技能[/secondary]。击杀敌人会[secondary]冻结[/secondary][primary]超速过载持续时间[/primary]。,[secondary]Навык убийства.[/secondary] Убийство врага [secondary]замораживает[/secondary] [primary]время действия форсажа[/primary].,[secondary]Kill-Skill.[/secondary] Das Töten eines Feindes [secondary]friert[/secondary] die [primary]Dauer von Overdrive[/primary] ein.,passive,28,72,110,148,186,256:Progress_EXO_Trunk_Gimmick:Trunk - Row 3 - 2,green,This Year's Gimmick,今年噱头,Фишка года,Das diesjährige Gimmick,Progress_EXO_Trunk_Gimmick,Trunk - Row 3 - 2,,tooltip_exo_passive_60_InTheZone,in_the_zone_2.png,/Game/uiresources/_shared/assets/ico_ui_art_passives/Exo_Soldier/ico_passive_exo_in_the_zone.ico_passive_exo_in_the_zone
256,Char_ExoSoldier,Rafa,Inspirado,突发灵感,Вдохновение,,"Whenever [primary]Rafa[/primary] inflicts a [secondary]Status Effect[/secondary] on an enemy, he gains increased [secondary]Action Skill Cooldown Rate[/secondary] and decreased [secondary]Action Skill Duration Rate[/secondary]. This effect stacks.",当[primary]拉法[/primary]对敌人施加[secondary]状态效果[/secondary]时，会提升其[secondary]主动技能冷却速率[/secondary]并降低[secondary]主动技能持续速率[/secondary]。此效果可叠加。,"Каждый раз, когда [primary]Рафа[/primary] накладывает на противника [secondary]временной стихийный эффект[/secondary], у него повышается [secondary]скорость восстановления активного навыка[/secondary] и понижается [secondary]время действия активного навыка[/secondary]. Эффект суммируется.","Immer wenn [primary]Rafa[/primary] einem Feind einen [secondary]Statuseffekt[/secondary] zufügt, erhält er [secondary]erhöhte Action-Skill-Abklinggeschwindigkeit[/secondary] und verringerte [secondary]Action-Skill-Dauer[/secondary]. Dieser Effekt ist stapelbar.",passive,257,320,383,446,509,256:Progress_EXO_Branch_RemoteAgent_02:Branch - Row 3 - 3,red,Remote Agent,远程代理,Дистанционный агент,Fernzünder,Progress_EXO_Branch_RemoteAgent_02,Branch - Row 3 - 3,,tooltip_exo_passive_47_Inspirado,inspirado_2.png,/Game/uiresources/_shared/assets/ico_ui_art_passives/Exo_Soldier/ico_passive_exo_oportuno.ico_passive_exo_oportuno
256,Char_ExoSoldier,Rafa,Jaque,将死,Проверка,Schach!,"Whenever [primary]Rafa[/primary] damages an enemy with a [secondary]Skill[/secondary], he gains a Stack of [primary]Jaque[/primary]. For every Stack of [primary]Jaque[/primary], he gains increased [primary]Overdrive Bonuses[/primary]. Whenever [primary]Overdrive[/primary] ends, he loses all Stacks.",当[primary]拉法[/primary]用[secondary]技能[/secondary]对敌人造成伤害时，会获得一层[primary]将死[/primary]。每层[primary]将死[/primary]都将提升其[primary]超速过载加成[/primary]。当[primary]超速过载[/primary]结束时其会失去所有层数。,"Каждый раз, когда [primary]Рафа[/primary] наносит врагу урон от [secondary]навыка[/secondary], он получает заряд [primary]""Шаха""[/primary]. Каждый заряд [primary]""Шаха""[/primary] дает увеличенные [primary]бонусы форсажа[/primary]. По окончании [primary]форсажа[/primary] все заряды теряются.","Immer wenn [primary]Rafa[/primary] einem Feind mit einem [secondary]Skill[/secondary] Schaden zufügt, erhält er einen [primary]Jacque[/primary]-Stapel. Für jeden [primary]Jacque[/primary]-Stapel erhält er erhöhte [primary]Overdrive-Boni[/primary]. Wenn [primary]Overdrive[/primary] endet, gehen alle Stapel verloren.",passive,279,342,405,468,531,256:Progress_EXO_Branch_PeoplePerson_03:Branch - Row 1 - 1,blue,People Person,社交达人,Душа компании,Extrovertiert,Progress_EXO_Branch_PeoplePerson_03,Branch - Row 1 - 1,,tooltip_exo_passive_21_Jaque,jaque_2.png,/Game/uiresources/_shared/assets/ico_ui_art_passives/Exo_Soldier/ico_passive_exo_opening.ico_passive_exo_opening
256,Char_ExoSoldier,Rafa,Juerga,狂欢时刻,Движуха,Läuft!,"Whenever [primary]Rafa[/primary] [secondary]Critically Hits[/secondary] an enemy, [secondary]Action Skill Duration[/secondary] is restored.",当[primary]拉法[/primary]对敌人造成[secondary]暴击[/secondary]时，恢复[secondary]主动技能持续时间[/secondary]。,"Каждый раз, когда [primary]Рафе[/primary] удается [secondary]критическое попадание[/secondary] во врага, продлевается [secondary]время действия его активного навыка[/secondary].","Immer wenn [primary]Rafa[/primary] einem Feind einen [secondary]kritischen Treffer[/secondary] zufügt, wird die [secondary]Action-Skill-Dauer[/secondary] wiederhergestellt.",passive,60,103,141,179,217,256:Progress_EXO_Trunk_RemoteAgent:Trunk - Row 2 - 1,red,Remote Agent,远程代理,Дистанционный агент,Fernzünder,Progress_EXO_Trunk_RemoteAgent,Trunk - Row 2 - 1,,tooltip_exo_passive_29_Juerga,juerga_2.png,/Game/uiresources/_shared/assets/ico_ui_art_passives/Exo_Soldier/ico_passive_exo_juerga.ico_passive_exo_juerga
256,Char_ExoSoldier,Rafa,La Garza,苍鹭,,Adlerauge,[primary]Overdrive Skill[/primary]. [primary]Rafa[/primary] gains increased [secondary]Gun Handling[/secondary] and [secondary]Action Skill Handling[/secondary] while [primary]Overdrive[/primary] is active.,[primary]超速过载技能[/primary]。[primary]拉法[/primary]在发动[primary]超速过载[/primary]时，会获得[secondary]枪械操控[/secondary]和[secondary]主动技能操控[/secondary]提升。,[primary]Навык форсажа[/primary]. Во время [primary]форсажа[/primary] [primary]Рафа[/primary] получает повышенную [secondary]эргономичность с оружием[/secondary] и [secondary]активными навыками[/secondary].,"[primary]Overdrive-Skill[/primary]. [primary]Rafa[/primary] erhält erhöhte [secondary]Schusswaffen-Handhabung[/secondary] bei [secondary]Waffen[/secondary] und [secondary]Action-Skill-Handhabung[/secondary], während [primary]Overdrive[/primary] aktiv ist.",passive,280,343,406,469,532,256:Progress_EXO_Branch_PeoplePerson_03:Branch - Row 1 - 3,blue,People Person,社交达人,Душа компании,Extrovertiert,Progress_EXO_Branch_PeoplePerson_03,Branch - Row 1 - 3,,tooltip_exo_passive_22_LaGarza,la_garza_2.png,/Game/uiresources/_shared/assets/ico_ui_art_passives/Exo_Soldier/ico_passive_exo_ojos_de_aguila.ico_passive_exo_ojos_de_aguila
256,Char_ExoSoldier,Rafa,Las Jaras,标枪,,Volle Dröhnung,[primary]Overdrive Skill[/primary]. [primary]Rafa[/primary] [secondary]Regenerates Ammo[/secondary] while [primary]Overdrive[/primary] is active.,[primary]超速过载技能[/primary]。发动[primary]超速过载[/primary]时，[primary]拉法[/primary]会[secondary]恢复弹药[/secondary]。,[primary]Навык форсажа[/primary]. Во время [primary]форсажа[/primary] [primary]Рафа[/primary] [secondary]восстанавливает боеприпасы[/secondary].,"[primary]Overdrive-Skill[/primary]. [primary]Rafa[/primary] [secondary]regeneriert Munition[/secondary], während [primary]Overdrive[/primary] aktiv ist.",passive,50,93,131,169,207,256:Progress_EXO_Trunk_PeoplePerson:Trunk - Row 1 - 3,blue,People Person,社交达人,Душа компании,Extrovertiert,Progress_EXO_Trunk_PeoplePerson,Trunk - Row 1 - 3,,tooltip_exo_passive_02_LasJaras,las_jaras_2.png,/Game/uiresources/_shared/assets/ico_ui_art_passives/Exo_Soldier/ico_passive_exo_ripped_and_ready.ico_passive_exo_ripped_and_ready
256,Char_ExoSoldier,Rafa,Lateral Plinking,横向射击,Боковое протыкивание,Lateralschüsse,[primary]Rafa's[/primary] [secondary]Indirect Projectiles[/secondary] gain a chance to [secondary]Ricochet[/secondary].,[primary]拉法的[/primary][secondary]间接射弹[/secondary]有几率[secondary]跳弹[/secondary]。,У [secondary]ненаправленных снарядов[/secondary] [primary]Рафы[/primary] есть шанс [secondary]рикошета[/secondary].,[primary]Rafas[/primary] [secondary]indirekte Projektile[/secondary] erhalten eine [secondary]Abprallchance[/secondary].,passive,250,313,376,439,502,256:Progress_EXO_Branch_RemoteAgent_01:Branch - Row 3 - 3,red,Remote Agent,远程代理,Дистанционный агент,Fernzünder,Progress_EXO_Branch_RemoteAgent_01,Branch - Row 3 - 3,,tooltip_exo_passive_41_LaterialPlinking,lateral_plinking_2.png,/Game/uiresources/_shared/assets/ico_ui_art_passives/Exo_Soldier/ico_passive_exo_lateral_shot.ico_passive_exo_lateral_shot
256,Char_ExoSoldier,Rafa,Liquidation,液化,Ликвидация,Liquidierung,[primary]Marked[/primary] enemies killed by [primary]Rafa[/primary] leave behind a [nowrap][corrosive_icon][corrosive]Corrosive [/corrosive][/nowrap][corrosive]Hazard[/corrosive] for a [secondary]Duration[/secondary].,被[primary]拉法[/primary]击杀的[primary]标记[/primary]敌人会在[secondary]一段时间[/secondary]内留下[nowrap][corrosive_icon][corrosive]腐蚀[/corrosive][/nowrap][corrosive]危害源[/corrosive]。,После убийства [primary]отмеченных[/primary] врагов [primary]Рафа[/primary] создает [nowrap][corrosive_icon][corrosive]коррозионную[/corrosive][/nowrap] [corrosive]опасность[/corrosive] с определенным [secondary]временем действия[/secondary].,"[primary]Markierte[/primary] Feinde, die von [primary]Rafa[/primary] getötet wurden, hinterlassen [secondary]vorübergehend[/secondary] eine [nowrap][corrosive_icon][corrosive]Korrosionsgefahr[/corrosive][/nowrap].",passive,228,291,354,417,480,256:Progress_EXO_Branch_Gimmick_01:Branch - Row 3 - 1,green,This Year's Gimmick,今年噱头,Фишка года,Das diesjährige Gimmick,Progress_EXO_Branch_Gimmick_01,Branch - Row 3 - 1,,tooltip_exo_passive_67_Liquidation,liquidation_2.png,/Game/uiresources/_shared/assets/ico_ui_art_passives/Exo_Soldier/ico_passive_exo_blowout.ico_passive_exo_blowout
256,Char_ExoSoldier,Rafa,Maestro,巨匠大师,МАЭСТРО,,[primary]Rafa[/primary] gains increased [secondary]Skill Damage[/secondary].,提升[primary]拉法[/primary]的[secondary]技能伤害[/secondary]。,[secondary]Урон от навыков[/secondary] [primary]Рафы[/primary] увеличен.,[primary]Rafa[/primary] erhält erhöhten [secondary]Skill-Schaden[/secondary].,passive,56,99,137,175,213,256:Progress_EXO_Trunk_RemoteAgent:Trunk - Row 3 - 2,red,Remote Agent,远程代理,Дистанционный агент,Fernzünder,Progress_EXO_Trunk_RemoteAgent,Trunk - Row 3 - 2,,tooltip_exo_passive_33_Maestro,maestro_2.png,/Game/uiresources/_shared/assets/ico_ui_art_passives/Exo_Soldier/ico_passive_exo_loose_jointed.ico_passive_exo_loose_jointed
256,Char_ExoSoldier,Rafa,Mate,逼近,Шах и мат,Schachmatt,"When [primary]Overdrive[/primary] ends, convert all [primary]Jaque[/primary] Stacks into [primary]Mate[/primary] Stacks. Gain increased [secondary]Action Skill Cooldown Rate[/secondary] for every Stack of [primary]Mate[/primary]. Once [primary]Rafa's[/primary] [secondary]Action Skill[/secondary] is readied, lose all Stacks of [primary]Mate[/primary].",[primary]超速过载[/primary]结束时，所有[primary]将死[/primary]层数将转换为[primary]逼近[/primary]层数。每层[primary]逼近[/primary]都会提升[secondary]主动技能冷却速率[/secondary]。[primary]拉法的[/primary][secondary]主动技能[/secondary]就绪时将失去所有[primary]逼近[/primary]层数。,"По окончании [primary]форсажа[/primary] все заряды [primary]""Шаха""[/primary] переводятся в заряды [primary]""Мата""[/primary]. За каждый заряд [primary]""Мата""[/primary] повышается [secondary]скорость восстановления активного навыка[/secondary]. Когда [secondary]активный навык[/secondary] [primary]Рафы[/primary] восстановлен, все заряды [primary]""Мата""[/primary] теряются.","Wenn [primary]Overdrive[/primary] endet, werden alle [primary]Jacque[/primary]-Stapel in [primary]Schachmatt[/primary]-Stapel umgewandelt. Du erhältst für jeden [primary]Schachmatt[/primary]-Stapel eine erhöhte [secondary]Action-Skill-Abklinggeschwindigkeit[/secondary]. Sobald [primary]Rafas[/primary] [secondary]Action-Skill[/secondary] bereit ist, gehen alle Stapel von [primary]Schachmatt[/primary] verloren.",passive,281,344,407,470,533,256:Progress_EXO_Branch_PeoplePerson_03:Branch - Row 2 - 1,blue,People Person,社交达人,Душа компании,Extrovertiert,Progress_EXO_Branch_PeoplePerson_03,Branch - Row 2 - 1,,tooltip_exo_passive_23_Mate,mate_2.png,/Game/uiresources/_shared/assets/ico_ui_art_passives/Exo_Soldier/ico_passive_exo_checkmate.ico_passive_exo_checkmate
256,Char_ExoSoldier,Rafa,Metal Management,金属管理,Распределение железок,Metallsparen,"Whenever [primary]Rafa[/primary] activates or retriggers an [secondary]Action Skill[/secondary], his [secondary]Gun[/secondary] consumes no [secondary]Ammo[/secondary] for a [secondary]Duration[/secondary].",当[primary]拉法[/primary]发动或重新触发[secondary]主动技能[/secondary]时，其[secondary]枪械[/secondary]在[secondary]一段时间[/secondary]内不会消耗[secondary]弹药[/secondary]。,"Каждый раз, когда [primary]Рафа[/primary] включает или перезапускает [secondary]активный навык[/secondary], его [secondary]пушка[/secondary] в течение определенного [secondary]времени[/secondary] не тратит [secondary]боеприпасы[/secondary].","Immer wenn [primary]Rafa[/primary] einen [secondary]Action-Skill[/secondary] aktiviert oder erneut auslöst, verbraucht seine [secondary]Schusswaffe[/secondary] [secondary]vorübergehend[/secondary] keine [secondary]Munition[/secondary].",passive,41,85,123,161,199,256:Progress_EXO_Trunk_PeoplePerson:Trunk - Row 3 - 4,blue,People Person,社交达人,Душа компании,Extrovertiert,Progress_EXO_Trunk_PeoplePerson,Trunk - Row 3 - 4,,tooltip_exo_passive_09_MetalManagement,metal_management_2.png,/Game/uiresources/_shared/assets/ico_ui_art_passives/Exo_Soldier/ico_passive_exo_side_loaded.ico_passive_exo_side_loaded
256,Char_ExoSoldier,Rafa,Midnight Oil,午夜精油,Полуночное масло,Nachtschicht,"[primary]Rafa's[/primary] [secondary]Action Skills[/secondary] deal [nowrap][corrosive_icon][corrosive]Bonus[/corrosive][/nowrap] [corrosive] Corrosive Damage[/corrosive] per stack of [primary]Midnight Oil[/primary]. [primary]Rafa[/primary] gains a stack of [primary]Midnight Oil[/primary] every second his [secondary]Action Skill[/secondary] is active, losing all stacks when [secondary]Action Skill[/secondary] ends.",每有一层[primary]午夜精油[/primary]，[primary]拉法的[/primary][secondary]主动技能[/secondary]都会造成[nowrap][corrosive_icon][corrosive]加成[/corrosive][/nowrap][corrosive]腐蚀伤害[/corrosive]。[primary]拉法[/primary]发动[secondary]主动技能[/secondary]后，每秒可获得一层[primary]午夜精油[/primary]，[secondary]主动技能[/secondary]结束时将失去所有层数。,"[secondary]Активный навык[/secondary] [primary]Рафы[/primary] наносит [nowrap][corrosive_icon][corrosive]дополнительный[/corrosive][/nowrap] [corrosive]урон от коррозии[/corrosive] за каждый заряд [primary]""Полуночного масла""[/primary]. [primary]Рафа[/primary] получает заряд [primary]""Полуночного масла""[/primary] за каждую секунду действия своего [secondary]активного навыка[/secondary]. По завершении действия [secondary]активного навыка[/secondary] все заряды теряются.","[primary]Rafas[/primary] [secondary]Action-Skills[/secondary] verursachen [corrosive]Bonus[/corrosive]-[nowrap][corrosive_icon][corrosive]Korrosionsschaden[/corrosive][/nowrap] pro Stapel [primary]Nachtschicht[/primary]. [primary]Rafa[/primary] erhält mit jeder Sekunde, die sein [secondary]Action-Skill[/secondary] aktiv ist, einen Stapel [primary]Nachtschicht[/primary] und verliert alle Stapel, wenn der [secondary]Action-Skill[/secondary] endet.",passive,37,81,119,157,195,256:Progress_EXO_Trunk_Gimmick:Trunk - Row 1 - 3,green,This Year's Gimmick,今年噱头,Фишка года,Das diesjährige Gimmick,Progress_EXO_Trunk_Gimmick,Trunk - Row 1 - 3,,tooltip_exo_passive_54_MidnightOil,midnight_oil_2.png,/Game/uiresources/_shared/assets/ico_ui_art_passives/Exo_Soldier/ico_passive_exo_burn_the_midnight_oil.ico_passive_exo_burn_the_midnight_oil
256,Char_ExoSoldier,Rafa,Motivar,鼓舞士气,Мотивация,Motiviert,"Pressing [glyph]Action_Zoom[/glyph] during [primary]Arc-Knives[/primary] grants a stack of [primary]Motivar[/primary], which grants increased [primary]Overdrive Duration[/primary]. Stacks are lost whenever [primary]Rafa[/primary] activates an [secondary]Action Skill[/secondary].",启用[primary]电弧匕首[/primary]时按[glyph]Action_Zoom[/glyph]，会获得一层[primary]鼓舞士气[/primary]，将提升[primary]超速过载持续时间[/primary]。当[primary]拉法[/primary]发动[secondary]主动技能[/secondary]时，则失去所有叠加层数。,"Нажатие [glyph]Action_Zoom[/glyph] при использовании [primary]""Разрядных ножей""[/primary] дает заряд [primary]""Мотивация""[/primary], которая увеличивает [primary]время действия форсажа[/primary]. Когда [primary]Рафа[/primary] использует [secondary]активный навык[/secondary], этот бонус обнуляется.","Das Drücken von [glyph]Action_Zoom[/glyph] bei aktiven [primary]Lichtbogenklingen[/primary] gewährt einen Stapel [primary]Motiviert[/primary], der erhöhte [primary]Overdrive-Dauer[/primary] gewährt. Die Stapel gehen verloren, wenn [primary]Rafa[/primary] einen [secondary]Action-Skill[/secondary] aktiviert.",passive,240,303,366,429,492,256:Progress_EXO_Branch_Gimmick_03:Branch - Row 2 - 2,green,This Year's Gimmick,今年噱头,Фишка года,Das diesjährige Gimmick,Progress_EXO_Branch_Gimmick_03,Branch - Row 2 - 2,,tooltip_exo_passive_77_Motivar,motivar_2.png,/Game/uiresources/_shared/assets/ico_ui_art_passives/Exo_Soldier/ico_passive_exo_go_viral.ico_passive_exo_go_viral
256,Char_ExoSoldier,Rafa,Pa' Dentro,融入,До дна!,Prost!,Activating an [secondary]Action Skill[/secondary] grants [primary]Rafa[/primary] [secondary]Health Regeneration[/secondary] for a [secondary]Duration[/secondary].,发动[secondary]主动技能[/secondary]时，[primary]拉法[/primary]会在[secondary]一段时间[/secondary]内获得[secondary]生命值恢复[/secondary]。,Задействование [secondary]активного навыка[/secondary] дает [primary]Рафе[/primary] [secondary]восстановление здоровья[/secondary] на [secondary]время действия[/secondary].,Die Aktivierung eines [secondary]Action-Skills[/secondary] gewährt [primary]Rafa[/primary] [secondary]vorübergehend[/secondary] [secondary]Gesundheitsregeneration[/secondary].,passive,20,19,18,17,16,256:Progress_EXO_Trunk_PeoplePerson:Trunk - Row 2 - 3,blue,People Person,社交达人,Душа компании,Extrovertiert,Progress_EXO_Trunk_PeoplePerson,Trunk - Row 2 - 3,,tooltip_exo_passive_05_PaDentro,pa_dentro_2.png,/Game/uiresources/_shared/assets/ico_ui_art_passives/Exo_Soldier/ico_passive_exo_the_thrill.ico_passive_exo_the_thrill
256,Char_ExoSoldier,Rafa,Pain Reaction,疼痛反应,Болевая реакция,Schmerzreaktion,[primary]Rafa's[/primary] [secondary]Guns[/secondary] gain a chance to [secondary]Ricochet[/secondary] off of enemies with [secondary]Status Effects[/secondary]. [secondary]Ricochet Damage[/secondary] is based on the [secondary]Damage Dealt[/secondary].,[primary]拉法的[/primary][secondary]枪械[/secondary]有几率在带有[secondary]状态效果[/secondary]的敌人身上[secondary]跳弹[/secondary]。[secondary]跳弹伤害[/secondary]根据[secondary]造成的伤害[/secondary]而定。,[secondary]Пушки[/secondary] [primary]Рафы[/primary] получают шанс [secondary]отрикошетить[/secondary] от врагов с активным [secondary]стихийным эффектом[/secondary]. [secondary]Урон от рикошета[/secondary] зависит от [secondary]наносимого урона[/secondary].,"[primary]Rafas[/primary] [secondary]Schusswaffen[/secondary] erhalten eine Chance, von Feinden mit aktiven [secondary]Statuseffekten[/secondary] [secondary]abzuprallen[/secondary]. Der [secondary]Abprallschaden[/secondary] basiert auf dem [secondary]verursachten Schaden[/secondary].",passive,253,316,379,442,505,256:Progress_EXO_Branch_RemoteAgent_02:Branch - Row 2 - 1,red,Remote Agent,远程代理,Дистанционный агент,Fernzünder,Progress_EXO_Branch_RemoteAgent_02,Branch - Row 2 - 1,,tooltip_exo_passive_44_PainReaction,pain_reaction_2.png,/Game/uiresources/_shared/assets/ico_ui_art_passives/Exo_Soldier/ico_passive_exo_two_for_the_show.ico_passive_exo_two_for_the_show
256,Char_ExoSoldier,Rafa,Per My Last,遵照指示,По второй,Wie zuvor,"Whenever [primary]Rafa[/primary] deals Damage with an [secondary]Action Skill[/secondary] to an enemy, he gains a chance to [secondary]deal that Damage again[/secondary].",当[primary]拉法[/primary]用[secondary]主动技能[/secondary]对敌人造成伤害时，他有几率[secondary]再次造成该伤害[/secondary]。,"Каждый раз, когда [primary]Рафа[/primary] наносит врагу урон [secondary]активным навыком[/secondary], есть шанс [secondary]нанести этот урон повторно[/secondary].","Immer wenn [primary]Rafa[/primary] einem Feind mit einem [secondary]Action-Skill[/secondary] Schaden zufügt, erhält er eine Chance, [secondary]diesen Schaden erneut zuzufügen[/secondary].",passive,285,348,411,474,537,256:Progress_EXO_Branch_PeoplePerson_03:Branch - Row 3 - 3,blue,People Person,社交达人,Душа компании,Extrovertiert,Progress_EXO_Branch_PeoplePerson_03,Branch - Row 3 - 3,,tooltip_exo_passive_25_PerMyLast,per_my_last_2.png,/Game/uiresources/_shared/assets/ico_ui_art_passives/Exo_Soldier/ico_passive_exo_tramposo.ico_passive_exo_tramposo
256,Char_ExoSoldier,Rafa,Preparado,提前准备,Подготовка,,"Whenever [primary]Rafa[/primary] [secondary]Reloads[/secondary] his current [secondary]Gun[/secondary], he gains increased [secondary]Action Skill Cooldown Rate[/secondary]. This effect stacks.",当[primary]拉法[/primary][secondary]装填[/secondary]当前[secondary]枪械[/secondary]时，提升其[secondary]主动技能冷却速率[/secondary]。此效果可叠加。,"Каждый раз, когда [primary]Рафа[/primary] [secondary]перезаряжает[/secondary] текущее [secondary]оружие[/secondary], [secondary]скорость восстановления активного навыка[/secondary] повышается. Эффект суммируется.","Immer wenn [primary]Rafa[/primary] seine aktuelle [secondary]Schusswaffe[/secondary] [secondary]nachlädt[/secondary], erhält er erhöhte [secondary]Action-Skill-Abklinggeschwindigkeit[/secondary]. Dieser Effekt ist stapelbar.",passive,47,90,128,166,204,256:Progress_EXO_Trunk_PeoplePerson:Trunk - Row 2 - 1,blue,People Person,社交达人,Душа компании,Extrovertiert,Progress_EXO_Trunk_PeoplePerson,Trunk - Row 2 - 1,,tooltip_exo_passive_04_Preparado,preparado_2.png,/Game/uiresources/_shared/assets/ico_ui_art_passives/Exo_Soldier/ico_passive_exo_repeat.ico_passive_exo_repeat
256,Char_ExoSoldier,Rafa,Proprietary Incendiary,专利燃烧弹,Запатентованный зажигательный,Proprietärer Brand,"[secondary]Melee Override[/secondary]. Press [glyph]Action_Melee[/glyph] to lob a [primary]STRM Glider[/primary] at an enemy. Once it reaches its targets, it explodes and deals [nowrap][fire_icon][fire]Incendiary[/fire][/nowrap][fire] Damage[/fire] in an area based on the amount of [secondary]Ammo[/secondary] in [primary]Rafa's[/primary] [secondary]Gun[/secondary] when he threw the [primary]STRM Glider[/primary].",[secondary]近战替换[/secondary]。按[glyph]Action_Melee[/glyph]，向敌人抛射一架[primary]暴风滑翔机[/primary]。其会在达到目标时自爆，并根据[primary]拉法[/primary]发射[primary]暴风滑翔机[/primary]时[secondary]枪械[/secondary]中的[secondary]弹药量[/secondary]造成范围[nowrap][fire_icon][fire]燃烧[/fire][/nowrap][fire]伤害[/fire],"[secondary]Навык ближнего боя[/secondary]. Нажмите [glyph]Action_Melee[/glyph], чтобы бросить во врага [primary]планер ""ШТРМ""[/primary]. Долетев до цели, он взорвется и нанесет [nowrap][fire_icon][fire]урон[/fire][/nowrap][fire] от огня[/fire] по площади, значение которого зависит от количества [secondary]боеприпасов[/secondary] в [secondary]пушке[/secondary] [primary]Рафы[/primary] в момент броска [primary]планера ""ШТРМ""[/primary].","[secondary]Nahkampf-Override[/secondary]. Halte [glyph]Action_Melee[/glyph] gedrückt, um einen [primary]STRM-Gleiter[/primary] auf einen Feind zu werfen. Sobald er sein Ziel erreicht, explodiert er und verursacht in einem Bereich [nowrap][fire_icon][fire]Brandschaden[/fire][/nowrap] basierend auf der [secondary]Munitionsmenge[/secondary] in [primary]Rafas[/primary] [secondary]Schusswaffe[/secondary] beim Werfen des [primary]STRM-Gleiters[/primary].",passive,249,312,375,438,501,256:Progress_EXO_Branch_RemoteAgent_01:Branch - Row 3 - 1,red,Remote Agent,远程代理,Дистанционный агент,Fernzünder,Progress_EXO_Branch_RemoteAgent_01,Branch - Row 3 - 1,,tooltip_exo_passive_40_ProprietaryIncendiary,proprietary_incendiary_2.png,/Game/uiresources/_shared/assets/ico_ui_art_passives/Exo_Soldier/ico_passive_exo_firestrm.ico_passive_exo_firestrm
256,Char_ExoSoldier,Rafa,Protecto-Pulse,守护脉冲,Защитный разряд,Protecto-Puls,"Pressing [glyph]Action_Zoom[/glyph] while [primary]Arc-Knives[/primary] are active or [primary]Rafa[/primary] retriggers his [secondary]Action Skill[/secondary] drains a portion of [primary]Rafa's[/primary] [secondary]Shields[/secondary], and deals that much [nowrap][shock_icon][shock]Shock[/shock][/nowrap][shock]Damage[/shock] to nearby enemies.",启用[primary]电弧匕首[/primary]或[primary]拉法[/primary]重新触发[secondary]主动技能[/secondary]时按[glyph]Action_Zoom[/glyph]，将消耗[primary]拉法[/primary]一部分[secondary]护盾[/secondary]，并对附近敌人造成相同数值的[nowrap][shock_icon][shock]电击[/shock][/nowrap][shock]伤害[/shock]。,"Если нажать [glyph]Action_Skill[/glyph] при активных [primary]разрядных ножах[/primary] или когда [primary]Рафа[/primary] перезапускает [secondary]Активный навык[/secondary], часть заряда [secondary]щита[/secondary] [primary]Рафы[/primary] будет потрачена на то, чтоб нанести столько же [nowrap][shock_icon][shock]урона от шока[/shock][/nowrap] врагам поблизости.","Das Drücken von [glyph]Action_Zoom[/glyph], während [primary]Lichtbogenklingen[/primary] aktiv sind oder [primary]Rafa[/primary] seinen [secondary]Action-Skill[/secondary] erneut auslöst, entzieht [primary]Rafas[/primary] [secondary]Schilden[/secondary] einen Teil ihrer Energie und fügt Feinden in der Nähe [nowrap][shock_icon][shock]Schockschaden[/shock][/nowrap] in dieser Höhe zu.",passive,226,289,352,415,478,256:Progress_EXO_Branch_Gimmick_01:Branch - Row 2 - 2,green,This Year's Gimmick,今年噱头,Фишка года,Das diesjährige Gimmick,Progress_EXO_Branch_Gimmick_01,Branch - Row 2 - 2,,tooltip_exo_passive_65_ProtectoPulse,protectopulse_2.png,/Game/uiresources/_shared/assets/ico_ui_art_passives/Exo_Soldier/ico_passive_exo_out_the_door.ico_passive_exo_out_the_door
256,Char_ExoSoldier,Rafa,Resiliencia,复原能力,Устойчивость,,[primary]Overdrive Skill[/primary]. [primary]Rafa[/primary] gains increased [secondary]Damage Reduction[/secondary] while [primary]Overdrive[/primary] is active.,[primary]超速过载技能[/primary]。发动[primary]超速过载[/primary]时，提升[primary]拉法[/primary]的[secondary]伤害减免[/secondary]。,"[primary]Навык форсажа[/primary]. Когда активен [primary]форсаж[/primary], [secondary]уменьшение урона[/secondary] [primary]Рафы[/primary] усиливается.","[primary]Overdrive-Skill[/primary]. [primary]Rafa[/primary] erhält erhöhte [secondary]Schadensreduktion[/secondary], während [primary]Overdrive[/primary] aktiv ist.",passive,57,100,138,176,214,256:Progress_EXO_Trunk_RemoteAgent:Trunk - Row 3 - 1,red,Remote Agent,远程代理,Дистанционный агент,Fernzünder,Progress_EXO_Trunk_RemoteAgent,Trunk - Row 3 - 1,,tooltip_exo_passive_32_Resiliencia,resiliencia_2.png,/Game/uiresources/_shared/assets/ico_ui_art_passives/Exo_Soldier/ico_passive_exo_gracile.ico_passive_exo_gracile
256,Char_ExoSoldier,Rafa,Rinse,彻底冲洗,Прочистка,Nachspülgang,[primary]Rafa[/primary] gains increased [secondary]Reload Speed[/secondary].,提升[primary]拉法[/primary]的[secondary]装填速度[/secondary]。,Повышается [secondary]скорость перезарядки[/secondary] [primary]Рафы[/primary].,[primary]Rafa[/primary] erhält erhöhte [secondary]Nachladegeschwindigkeit[/secondary].,passive,52,95,133,171,209,256:Progress_EXO_Trunk_PeoplePerson:Trunk - Row 1 - 1,blue,People Person,社交达人,Душа компании,Extrovertiert,Progress_EXO_Trunk_PeoplePerson,Trunk - Row 1 - 1,,tooltip_exo_passive_01_rinse,rinse_2.png,/Game/uiresources/_shared/assets/ico_ui_art_passives/Exo_Soldier/ico_passive_exo_rinse.ico_passive_exo_rinse
256,Char_ExoSoldier,Rafa,Rolling Stone,滚滚落石,Перекати-поле,Steinschlag,"While moving, shots have a [secondary]chance[/secondary] to [secondary]Ricochet off of[/secondary] [primary]Rafa[/primary]. This [secondary]chance[/secondary] is [secondary]doubled[/secondary] while [secondary]Sliding[/secondary].",移动时子弹有[secondary]几率[/secondary]从[primary]拉法[/primary]身上[secondary]跳弹[/secondary]。[secondary]滑铲[/secondary]时此[secondary]几率[/secondary][secondary]加倍[/secondary]。,Во время движения выстрелы получают [secondary]шанс[/secondary] [secondary]рикошетить[/secondary] от [primary]Рафы[/primary]. Во время [secondary]скольжения[/secondary] этот [secondary]шанс[/secondary] [secondary]удваивается[/secondary].,"Während der Bewegung haben Schüsse eine [secondary]Chance[/secondary], von [primary]Rafa[/primary] [secondary]abzuprallen[/secondary]. Diese [secondary]Chance[/secondary] wird beim [secondary]Rutschen[/secondary] [secondary]verdoppelt[/secondary].",passive,248,311,374,437,500,256:Progress_EXO_Branch_RemoteAgent_01:Branch - Row 2 - 3,red,Remote Agent,远程代理,Дистанционный агент,Fernzünder,Progress_EXO_Branch_RemoteAgent_01,Branch - Row 2 - 3,,tooltip_exo_passive_39_RollingStone,rolling_stone_2.png,/Game/uiresources/_shared/assets/ico_ui_art_passives/Exo_Soldier/ico_passive_exo_fleet_footed.ico_passive_exo_fleet_footed
256,Char_ExoSoldier,Rafa,Saldar,彻底清算,Расплата,Abkassiert,[primary]Rafa's[/primary] [secondary]Melee Critical Hits[/secondary] restore [secondary]Health[/secondary].,[primary]拉法的[/primary][secondary]近战暴击[/secondary]会恢复[secondary]生命值[/secondary]。,Нанесенный [primary]Рафой[/primary] [secondary]критический урон в ближнем бою[/secondary] восстанавливает [secondary]здоровье[/secondary].,[primary]Rafas[/primary] [secondary]kritische Nahkampftreffer[/secondary] stellen [secondary]Gesundheit[/secondary] wieder her.,passive,27,71,109,147,185,256:Progress_EXO_Trunk_Gimmick:Trunk - Row 3 - 1,green,This Year's Gimmick,今年噱头,Фишка года,Das diesjährige Gimmick,Progress_EXO_Trunk_Gimmick,Trunk - Row 3 - 1,,tooltip_exo_passive_59_Saldar,saldar_2.png,/Game/uiresources/_shared/assets/ico_ui_art_passives/Exo_Soldier/ico_passive_exo_saldar.ico_passive_exo_saldar
256,Char_ExoSoldier,Rafa,Shield Barriest,持盾者,Могучий щит,Schildbarriere,[primary]Overdrive Skill[/primary]. [primary]Rafa[/primary] gains increased [secondary]Shield Recharge Rate[/secondary] and improved [secondary]Shield Regen Delay[/secondary] while [primary]Overdrive[/primary] is active.,[primary]超速过载技能[/primary]。发动[primary]超速过载[/primary]时，提升[primary]拉法[/primary]的[secondary]护盾充能速率[/secondary]并改善[secondary]护盾恢复延迟[/secondary]。,[primary]Навык форсажа[/primary]. Во время [primary]форсажа[/primary] у [primary]Рафы[/primary] увеличивается [secondary]скорость подзарядки щита[/secondary] и уменьшается [secondary]задержка подзарядки щита[/secondary].,"[primary]Overdrive-Skill[/primary]. [primary]Rafa[/primary] erhält erhöhte [secondary]Schild-Ladegeschwindigkeit[/secondary] und verbesserte [secondary]Schildregenerationsverzögerung[/secondary], während [primary]Overdrive[/primary] aktiv ist.",passive,61,104,142,180,218,256:Progress_EXO_Trunk_RemoteAgent:Trunk - Row 1 - 5,red,Remote Agent,远程代理,Дистанционный агент,Fernzünder,Progress_EXO_Trunk_RemoteAgent,Trunk - Row 1 - 5,,tooltip_exo_passive_28_ShieldBarriest,shield_barriest_2.png,/Game/uiresources/_shared/assets/ico_ui_art_passives/Exo_Soldier/ico_passive_exo_happy_go_lucky.ico_passive_exo_happy_go_lucky
256,Char_ExoSoldier,Rafa,Shock Market,刺激市场,Шок-цена,Schocksprung,"Whenever [primary]Rafa[/primary] deals [secondary]Splash Damage[/secondary], deal [nowrap][shock_icon][shock]Bonus[/shock][/nowrap][shock] Shock Damage[/shock] based on the [secondary]Damage Dealt[/secondary].",当[primary]拉法[/primary]造成[secondary]溅射伤害[/secondary]时，根据[secondary]造成的伤害[/secondary]造成[nowrap][shock_icon][shock]加成[/shock][/nowrap][shock]电击伤害[/shock]。,"Каждый раз, когда [primary]Рафа[/primary] наносит [secondary]урон по площади[/secondary], наносится [nowrap][shock_icon][shock]дополнительный[/shock][/nowrap][shock] урон от шока[/shock], величина которого зависит от [secondary]нанесенного урона[/secondary].","Immer wenn [primary]Rafa[/primary] [secondary]indirekten Schaden[/secondary] verursacht, bewirkt er [nowrap][shock_icon][shock]Bonus-Schockschaden[/shock][/nowrap] basierend auf dem [secondary]verursachten Schaden[/secondary].",passive,227,290,353,416,479,256:Progress_EXO_Branch_Gimmick_01:Branch - Row 2 - 3,green,This Year's Gimmick,今年噱头,Фишка года,Das diesjährige Gimmick,Progress_EXO_Branch_Gimmick_01,Branch - Row 2 - 3,,tooltip_exo_passive_66_ShockMarket,shock_market_2.png,/Game/uiresources/_shared/assets/ico_ui_art_passives/Exo_Soldier/ico_passive_exo_shifting_focus.ico_passive_exo_shifting_focus
256,Char_ExoSoldier,Rafa,Sinergia,协同作用,Синергия,,"Whenever [primary]Rafa[/primary] deals [secondary]Ordnance Damage[/secondary], he also deals increased [secondary]Gun Damage[/secondary] and [secondary]Melee Damage[/secondary]. This effect stacks.",当[primary]拉法[/primary]造成[secondary]炮械伤害[/secondary]时，还会造成更高[secondary]枪械伤害[/secondary]和[secondary]近战伤害[/secondary]。此效果可叠加。,"Каждый раз, когда [primary]Рафа[/primary] наносит [secondary]урон от снарядов[/secondary], он также наносит повышенный [secondary]урон от стрельбы[/secondary] и [secondary]урон в ближнем бою[/secondary]. Эффект суммируется.","Immer wenn [primary]Rafa[/primary] [secondary]Kampfmittel-Schaden[/secondary] verursacht, verursacht er zusätzlich erhöhten [secondary]Schusswaffen-Schaden[/secondary] und [secondary]Nahkampfschaden[/secondary]. Dieser Effekt ist stapelbar.",passive,234,297,360,423,486,256:Progress_EXO_Branch_Gimmick_02:Branch - Row 2 - 3,green,This Year's Gimmick,今年噱头,Фишка года,Das diesjährige Gimmick,Progress_EXO_Branch_Gimmick_02,Branch - Row 2 - 3,,tooltip_exo_passive_71_Sinergia,sinergia_2.png,/Game/uiresources/_shared/assets/ico_ui_art_passives/Exo_Soldier/ico_passive_exo_sinergia.ico_passive_exo_sinergia
256,Char_ExoSoldier,Rafa,Sitiar,四面楚歌,Осада,Gut in Schuss,[primary]Rafa[/primary] gains increased [secondary]Gun Damage[/secondary].,提升[primary]拉法[/primary]的[secondary]枪械伤害[/secondary]。,[secondary]Урон от стрельбы[/secondary] [primary]Рафы[/primary] увеличивается.,[primary]Rafa[/primary] erhält erhöhten [secondary]Schusswaffen-Schaden[/secondary].,passive,65,108,146,184,222,256:Progress_EXO_Trunk_RemoteAgent:Trunk - Row 1 - 1,red,Remote Agent,远程代理,Дистанционный агент,Fernzünder,Progress_EXO_Trunk_RemoteAgent,Trunk - Row 1 - 1,,tooltip_exo_passive_26_Sitiar,sitiar_2.png,/Game/uiresources/_shared/assets/ico_ui_art_passives/Exo_Soldier/ico_passive_exo_sitiar.ico_passive_exo_sitiar
256,Char_ExoSoldier,Rafa,Soltado,彻底放手,Долгожданная свобода,Doppeldrive,[secondary]Kill Skill[/secondary]. Increase all [primary]Overdrive[/primary] bonuses.,[secondary]杀戮技能[/secondary]。提升所有[primary]超速过载[/primary]加成。,[secondary]Навык убийства[/secondary]. Все бонусы от [primary]форсажа[/primary] повышаются.,[secondary]Kill-Skill[/secondary]. [secondary]Erhöhe[/secondary] alle [primary]Overdrive[/primary]-Boni.,passive,263,326,389,452,515,256:Progress_EXO_Branch_RemoteAgent_03:Branch - Row 3 - 1,red,Remote Agent,远程代理,Дистанционный агент,Fernzünder,Progress_EXO_Branch_RemoteAgent_03,Branch - Row 3 - 1,,tooltip_exo_passive_52_Soltado,soltado_2.png,/Game/uiresources/_shared/assets/ico_ui_art_passives/Exo_Soldier/ico_passive_exo_dejarse_llevar.ico_passive_exo_dejarse_llevar
256,Char_ExoSoldier,Rafa,Sustainable Energy,可持续能源,Энергоэффективность,Nachhaltige Energie,[primary]Overdrive Skill[/primary]. [primary]Rafa[/primary] gains [secondary]Health Regeneration[/secondary] based on how much [primary]Overdrive[/primary] time is remaining.,[primary]超速过载技能[/primary]。[primary]拉法[/primary]会根据[primary]超速过载[/primary]剩余时间获得[secondary]生命值恢复[/secondary]。,[primary]Навык форсажа[/primary]. [primary]Рафа[/primary] [secondary]восстанавливает здоровье[/secondary] в зависимости от оставшегося времени [primary]форсажа[/primary].,[primary]Overdrive-Skill[/primary]. [primary]Rafa[/primary] erhält  [secondary]Gesundheitsregeneration[/secondary] basierend auf der verbleibenden [primary]Overdrive[/primary]-Zeit.,passive,239,302,365,428,491,256:Progress_EXO_Branch_Gimmick_03:Branch - Row 2 - 1,green,This Year's Gimmick,今年噱头,Фишка года,Das diesjährige Gimmick,Progress_EXO_Branch_Gimmick_03,Branch - Row 2 - 1,,tooltip_exo_passive_76_SustainableEnergy,sustainable_energy_2.png,/Game/uiresources/_shared/assets/ico_ui_art_passives/Exo_Soldier/ico_passive_exo_bright_futures.ico_passive_exo_bright_futures
256,Char_ExoSoldier,Rafa,Temerario,大胆鲁莽,Сорвиголова,Tollkühn,"[primary]Overdrive Skill[/primary]. [primary]Rafa[/primary] gains increased [secondary]Gun Damage[/secondary], but decreased [secondary]Gun Handling[/secondary] for each stack of [primary]Temerario[/primary]. [primary]Rafa[/primary] gains a stack every second [primary]Overdrive[/primary] is active, losing all stacks when [primary]Overdrive[/primary] ends.",[primary]超速过载技能[/primary]。每有一层[primary]大胆鲁莽[/primary]，都将提升[primary]拉法[/primary]的[secondary]枪械伤害[/secondary]，但会降低其[secondary]枪械操控[/secondary]。[primary]拉法[/primary]发动[primary]超速过载[/primary]后，每秒可获得一层叠加，[primary]超速过载[/primary]结束时将失去所有层数。,"[primary]Навык форсажа[/primary]. [secondary]Урон от стрельбы[/secondary] [primary]Рафы[/primary] повышается, но снижается [secondary]эргономичность оружия[/secondary] за каждый заряд [primary]""Сорвиголовы""[/primary]. [primary]Рафа[/primary] получает заряд [primary]""Сорвиголовы""[/primary] за каждую секунду действия [secondary]форсажа[/secondary]. По завершении действия [secondary]форсажа[/secondary] все заряды теряются.","[primary]Overdrive-Skill[/primary]. [primary]Rafa[/primary] erhält erhöhten [secondary]Schusswaffen-Schaden[/secondary], aber verringerte [secondary]Schusswaffen-Handhabung[/secondary] für jeden Stapel [primary]Tollkühn[/primary]. [primary]Rafa[/primary] erhält mit jeder Sekunde, die [primary]Overdrive[/primary] aktiv ist, einen Stapel und verliert alle Stapel, wenn [primary]Overdrive[/primary] endet.",passive,262,325,388,451,514,256:Progress_EXO_Branch_RemoteAgent_03:Branch - Row 2 - 3,red,Remote Agent,远程代理,Дистанционный агент,Fernzünder,Progress_EXO_Branch_RemoteAgent_03,Branch - Row 2 - 3,,tooltip_exo_passive_51_Temerario,temerario_2.png,/Game/uiresources/_shared/assets/ico_ui_art_passives/Exo_Soldier/ico_passive_exo_irresponsible.ico_passive_exo_irresponsible
256,Char_ExoSoldier,Rafa,The Right Tools,正确工具,Нужные инструменты,Passendes Werkzeug,[primary]Rafa[/primary] gains increased [secondary]Ordnance Damage[/secondary] after [secondary]Reloading[/secondary] his [secondary]Gun[/secondary]. This bonus stacks.,[primary]拉法[/primary][secondary]装填[/secondary][secondary]枪械[/secondary]后，提升其[secondary]炮械伤害[/secondary]。此加成可叠加。,После [secondary]перезарядки[/secondary] [secondary]пушки[/secondary] [secondary]урон от снарядов[/secondary] [primary]Рафы[/primary] увеличивается. Этот бонус суммируется.,[primary]Rafa[/primary] erhält nach dem [secondary]Nachladen[/secondary] seiner [secondary]Schusswaffe[/secondary] erhöhten [secondary]Kampfmittel-Schaden[/secondary]. Dieser Bonus ist stapelbar.,passive,275,338,401,464,527,256:Progress_EXO_Branch_PeoplePerson_02:Branch - Row 2 - 2,blue,People Person,社交达人,Душа компании,Extrovertiert,Progress_EXO_Branch_PeoplePerson_02,Branch - Row 2 - 2,,tooltip_exo_passive_18_theRightTools,the_right_tools_2.png,/Game/uiresources/_shared/assets/ico_ui_art_passives/Exo_Soldier/ico_passive_exo_the_right_tools.ico_passive_exo_the_right_tools
256,Char_ExoSoldier,Rafa,The Thrill,真实刺激,Острые ощущения,Nervenkitzel,"[primary]Overdrive Skill[/primary]. [primary]Rafa[/primary] gains increased [secondary]Fire Rate[/secondary], which is increased even further while [primary]Overdrive[/primary] is active.",[primary]超速过载技能[/primary]。提升[primary]拉法[/primary]的[secondary]射速[/secondary]，发动[primary]超速过载[/primary]时还将进一步提升。,"[primary]Навык форсажа[/primary]. [secondary]Скорострельность[/secondary] [primary]Рафы[/primary] повышается, а когда активен [primary]форсаж[/primary], повышается дополнительно.","[primary]Overdrive-Skill[/primary]. [primary]Rafa[/primary] erhält eine erhöhte [secondary]Feuerrate[/secondary]. Wenn [primary]Overdrive[/primary] aktiv ist, erhöht sich diese zusätzlich.",passive,48,91,129,167,205,256:Progress_EXO_Trunk_PeoplePerson:Trunk - Row 1 - 5,blue,People Person,社交达人,Душа компании,Extrovertiert,Progress_EXO_Trunk_PeoplePerson,Trunk - Row 1 - 5,,tooltip_exo_passive_03_TheThrill,the_thrill_2.png,/Game/uiresources/_shared/assets/ico_ui_art_passives/Exo_Soldier/ico_passive_exo_im_going_in.ico_passive_exo_im_going_in
256,Char_ExoSoldier,Rafa,To the Last,抗争到底,До последнего,Bis zum bitteren Ende,"[primary]Rafa[/primary] gains increased [secondary]Gun Damage[/secondary] and [secondary]Skill Damage[/secondary]. The lower his [secondary]Health[/secondary], the greater the bonuses.",提升[primary]拉法[/primary]的[secondary]枪械伤害[/secondary]和[secondary]技能伤害[/secondary]。其[secondary]生命值[/secondary]越低，加成越高。,"[secondary]Урон от стрельбы[/secondary] и [secondary]урон от навыков[/secondary] [primary]Рафы[/primary] повышается. Чем меньше у него [secondary]здоровья[/secondary], тем выше бонус.","[primary]Rafa[/primary] erhält erhöhten [secondary]Schusswaffen-Schaden[/secondary] und [secondary]Skill-Schaden[/secondary]. Je niedriger seine [secondary]Gesundheit[/secondary], desto größer die Boni.",passive,29,73,111,149,187,256:Progress_EXO_Trunk_Gimmick:Trunk - Row 3 - 3,green,This Year's Gimmick,今年噱头,Фишка года,Das diesjährige Gimmick,Progress_EXO_Trunk_Gimmick,Trunk - Row 3 - 3,,tooltip_exo_passive_61_ToTheLast,to_the_last_2.png,/Game/uiresources/_shared/assets/ico_ui_art_passives/Exo_Soldier/ico_passive_exo_to_the_last.ico_passive_exo_to_the_last
256,Char_ExoSoldier,Rafa,Venganza,复仇反击,Возмездие,,"Whenever [primary]Rafa's[/primary] [secondary]Shields[/secondary] break after being fully recharged, spawn a free [secondary]Grenade[/secondary]. If he has a [secondary]Grenade[/secondary] equipped, use that [secondary]Grenade[/secondary] instead.",当[primary]拉法的[/primary][secondary]护盾[/secondary]在完全充能后破裂时，将生成免费[secondary]手雷[/secondary]。如其装备了[secondary]手雷[/secondary]，则生成该[secondary]手雷[/secondary]。,"Каждый раз, когда [secondary]щиты[/secondary] [primary]Рафы[/primary] пробиты после полной перезарядки, появляется бесплатная [secondary]граната[/secondary]. Если Рафа уже использует [secondary]гранату[/secondary], появляется соответствующая [secondary]граната[/secondary].","Immer wenn [primary]Rafas[/primary] [secondary]Schilde[/secondary] nach vollständiger Aufladung brechen, spawnt eine kostenlose [secondary]Granate[/secondary]. Wenn er eine [secondary]Granate[/secondary] ausgerüstet hat, benutzt er stattdessen diese [secondary]Granate[/secondary].",passive,55,98,136,174,212,256:Progress_EXO_Trunk_RemoteAgent:Trunk - Row 3 - 3,red,Remote Agent,远程代理,Дистанционный агент,Fernzünder,Progress_EXO_Trunk_RemoteAgent,Trunk - Row 3 - 3,,tooltip_exo_passive_34_Venganza,venganza_2.png,/Game/uiresources/_shared/assets/ico_ui_art_passives/Exo_Soldier/ico_passive_exo_nine_lives.ico_passive_exo_nine_lives
256,Char_ExoSoldier,Rafa,Vitriol,硫酸盐,Едкость,,The first shot fired from [primary]Rafa's[/primary] fully-loaded [secondary]Magazine[/secondary] deals [nowrap][corrosive_icon][corrosive]Bonus[/corrosive][/nowrap] [corrosive]Corrosive Damage[/corrosive].,[primary]拉法的[/primary]满[secondary]弹匣[/secondary]武器中发射的首发弹药造成[nowrap][corrosive_icon][corrosive]加成[/corrosive][/nowrap][corrosive]腐蚀伤害[/corrosive]。,Первый выстрел [primary]Рафы[/primary] с полным [secondary]магазином[/secondary] наносит [nowrap][corrosive_icon][corrosive]дополнительный[/corrosive][/nowrap] [corrosive]урон от коррозии[/corrosive].,Der erste Schuss aus [primary]Rafas[/primary] voll geladenem [secondary]Magazin[/secondary] verursacht [nowrap][corrosive_icon][corrosive]Bonus[/corrosive][/nowrap]-[corrosive]Korrosionsschaden[/corrosive].,passive,252,315,378,441,504,256:Progress_EXO_Branch_RemoteAgent_02:Branch - Row 1 - 3,red,Remote Agent,远程代理,Дистанционный агент,Fernzünder,Progress_EXO_Branch_RemoteAgent_02,Branch - Row 1 - 3,,tooltip_exo_passive_43_Vitriol,vitriol_2.png,/Game/uiresources/_shared/assets/ico_ui_art_passives/Exo_Soldier/ico_passive_exo_caustic_overload.ico_passive_exo_caustic_overload
254,Char_DarkSiren,Vex,A Deeper Grave,深邃墓穴,Глубокая могила,Ein tieferes Grab,[primary]Vex's[/primary] [secondary]Kill Skills[/secondary] gain increased [secondary]Duration[/secondary].,提升[primary]维克丝[/primary][secondary]杀戮技能[/secondary]的[secondary]持续时间[/secondary]。,[secondary]Время действия[/secondary] [secondary]навыка убийства[/secondary] [primary]Векс[/primary] увеличено.,[primary]Vex'[/primary] [secondary]Kill-Skills[/secondary] erhalten eine erhöhte [secondary]Dauer[/secondary].,passive,238,301,364,427,490,254:Progress_DS_Branch_Death_03:Branch - Row 2 - 1,green,Vexcalation,愤怒升级,Векскалация,Vexkalation,Progress_DS_Branch_Death_03,Branch - Row 2 - 1,SkillDef_DS_P_PhaseExtension,ToolTip_DS_P_PhaseExtension,a_deeper_grave_1.png,/Game/uiresources/_shared/assets/ico_ui_art_passives/Siren/ico_passive_siren_phase_extension.ico_passive_siren_phase_extension
254,Char_DarkSiren,Vex,Ancient Rites,远古仪式,Древние ритуалы,Alte Riten,"[primary]Vex[/primary] gains a stack of [primary]Ancient Rites[/primary] for each of her active [primary]Minion(s)[/primary] every second, increasing [primary]Minion Damage[/primary]. [newline][newline]Stacks are lost after a [secondary]Duration[/secondary] with no active [primary]Minion[/primary] for a [secondary]Duration[/secondary].",[primary]维克丝[/primary]每拥有一个活跃[primary]仆从[/primary]，每秒将获得一层[primary]古代仪式[/primary]，并提升[primary]仆从伤害[/primary]。[newline][newline]如[secondary]一段时间[/secondary]内没有任何活跃[primary]仆从[/primary]，将在[secondary]一段时间[/secondary]后失去叠加层数。,"За каждого активного [primary]приспешника[/primary] [primary]Векс[/primary] каждую секунду получает заряд [primary]""Древних ритуалов""[/primary], который увеличивает [primary]урон от приспешников[/primary]. [newline][newline]Если в течение [secondary]времени действия[/secondary] нет активных [primary]приспешников[/primary], заряды теряются.","[primary]Vex[/primary] erhält jede Sekunde einen Stapel [primary]Alte Riten[/primary] für jeden aktiven [primary]Gefährten[/primary], was den [secondary]Gefährtenschaden[/secondary] erhöht. [newline][newline]Stapel gehen nach einer [secondary]Dauer[/secondary] ohne aktive [primary]Gefährten[/primary][secondary]vorübergehend[/secondary] verloren.",passive,281,344,407,470,533,254:Progress_DS_Branch_Duplicate_03:Branch - Row 2 - 2,blue,The Fourth Seal,第四封印,Четвертая печать,Das Vierte Siegel,Progress_DS_Branch_Duplicate_03,Branch - Row 2 - 2,SkillDef_DS_P_AncientRites,ToolTip_DS_P_AncientRites,ancient_rites_1.png,/Game/uiresources/_shared/assets/ico_ui_art_passives/Siren/ico_passive_siren_ancient_rites.ico_passive_siren_ancient_rites
254,Char_DarkSiren,Vex,Ars Arcana,奥法秘术,Арс Аркана,,[primary]Vex[/primary] gains increased [secondary]Skill Damage[/secondary].,提升[primary]维克丝[/primary]的[secondary]技能伤害[/secondary]。,[secondary]Урон от навыка[/secondary] [primary]Векс[/primary] повышается.,[primary]Vex[/primary] erhält erhöhten [secondary]Action-Skill-Schaden[/secondary].,passive,237,300,363,426,489,254:Progress_DS_Branch_Death_03:Branch - Row 1 - 3,green,Vexcalation,愤怒升级,Векскалация,Vexkalation,Progress_DS_Branch_Death_03,Branch - Row 1 - 3,SkillDef_DS_P_Enlightenment,ToolTip_DS_P_Enlightenment,ars_arcana_1.png,/Game/uiresources/_shared/assets/ico_ui_art_passives/Siren/ico_passive_siren_enlightenment.ico_passive_siren_enlightenment
254,Char_DarkSiren,Vex,Blast Rites,爆炸仪式,Взрывной обряд,Explosive Sakramente,"Whenever [primary]Vex[/primary] uses an [secondary]Ordnance[/secondary], she gains [secondary]Overshield[/secondary], and also gains increased [secondary]Fire Rate[/secondary] for a [secondary]Duration[/secondary].",当[primary]维克丝[/primary]使用[secondary]炮械[/secondary]时，其会获得[secondary]超强护盾[/secondary]，并在[secondary]一段时间[/secondary]内提升自身[secondary]射速[/secondary]。,При использовании [secondary]снарядов[/secondary] [primary]Векс[/primary] [secondary]временно[/secondary] получает [secondary]суперщит[/secondary] и повышенную [secondary]скорострельность[/secondary].,"Immer wenn [primary]Vex[/primary] ein [secondary]Kampfmittel[/secondary] benutzt, erhält sie [secondary]vorübergehend[/secondary] [secondary]Überschild[/secondary] und zudem eine erhöhte [secondary]Feuerrate[/secondary].",passive,244,307,370,433,496,254:Progress_DS_Branch_Domination_01:Branch - Row 1 - 3,red,Here Comes Trouble,麻烦来了,А вот и замес,Jetzt gibt's Rabatz,Progress_DS_Branch_Domination_01,Branch - Row 1 - 3,SkillDef_DS_P_PrimedAndReady,ToolTip_DS_P_PrimedAndReady,blast_rites_1.png,/Game/uiresources/_shared/assets/ico_ui_art_passives/Siren/ico_passive_siren_primed_and_ready.ico_passive_siren_primed_and_ready
254,Char_DarkSiren,Vex,Blasted Fiends,爆裂恶魔,Взрывные демоны,Explosive Monster,[primary]Vex[/primary] gains increased [secondary]Ordnance Damage[/secondary].[newline][newline]A percentage of [primary]Vex's[/primary] [secondary]Ordnance Damage[/secondary] increases [primary]Minion Damage[/primary].,提升[primary]维克丝[/primary]的[secondary]炮械伤害[/secondary]。[newline][newline]一定比例的[primary]维克丝[/primary][secondary]炮械伤害[/secondary]将转化为[secondary]仆从伤害[/secondary]加成。,[primary]Векс[/primary] наносит повышенный [secondary]урон от снарядов[/secondary].[newline][newline][primary]Урон от приспешников[/primary] [primary]Векс[/primary] повышается на часть [secondary]урона от снарядов[/secondary].,[primary]Vex[/primary] erhält erhöhten [secondary]Kampfmittel-Schaden[/secondary].[newline][newline]Ein Teil von [primary]Vex'[/primary] [secondary]Kampfmittel-Schaden[/secondary] erhöht den [primary]Gefährtenschaden[/primary].,passive,246,309,372,435,498,254:Progress_DS_Branch_Domination_01:Branch - Row 2 - 2,red,Here Comes Trouble,麻烦来了,А вот и замес,Jetzt gibt's Rabatz,Progress_DS_Branch_Domination_01,Branch - Row 2 - 2,SkillDef_DS_P_ExplosiveFiends,ToolTip_DS_P_ExplosiveFiends,blasted_fiends_1.png,/Game/uiresources/_shared/assets/ico_ui_art_passives/Siren/ico_passive_siren_explosive_fiends.ico_passive_siren_explosive_fiends
254,Char_DarkSiren,Vex,Blight Attunement,枯萎调和,Гармоничность упадка,Pest-Einstimmung,"[primary]Attunement Kill Skill[/primary]. While [primary]Vex[/primary] is [primary]Attuned[/primary] to [nowrap][corrosive_icon][corrosive]Corrosive[/corrosive][/nowrap], killing an enemy creates a [primary]Haunting Remnant Minion[/primary] for a [secondary]Duration[/secondary] that seeks out nearby enemies, dealing [nowrap][corrosive_icon][corrosive]Corrosive[/corrosive][/nowrap][corrosive]Status Effect Damage[/corrosive] over time. [newline][newline][secondary]Kill Skill.[/secondary] Restore [primary]Haunting Remnant's[/primary] [secondary]Duration[/secondary], if active.",[primary]调和杀戮技能[/primary]。当[primary]维克丝[/primary][primary]调和[/primary]至[nowrap][corrosive_icon][corrosive]腐蚀[/corrosive][/nowrap]时，击杀敌人会生成[primary]侵扰骸灵仆从[/primary]，其将存在[secondary]一段时间[/secondary]并会寻找附近敌人，持续造成[nowrap][corrosive_icon][corrosive]腐蚀[/corrosive][/nowrap][corrosive]状态效果伤害[/corrosive]。[newline][newline][secondary]杀戮技能。[/secondary]如[primary]侵扰骸灵[/primary]已存在，则恢复其[secondary]持续时间[/secondary]。,"[primary]Навык убийства и гармоничности[/primary]. Когда [primary]Векс[/primary] [primary]настраивается[/primary] на [nowrap][corrosive_icon][corrosive]коррозию[/corrosive][/nowrap], убийство врага [secondary]на время действия[/secondary] создает [primary]привязанного приспешника-отзвук[/primary], который ищет врагов поблизости и наносит им [nowrap][corrosive_icon][corrosive]стихийный[/corrosive][/nowrap][corrosive] урон от коррозии[/corrosive] в течение некоторого времени. [newline][newline][secondary]Навык убийства.[/secondary] Восстановите [secondary]время действия[/secondary] [primary]привязанного отзвука[/primary], если он активен.","[primary]Einstimmungs-Kill-Skill[/primary]. Während [primary]Vex[/primary] auf [nowrap][corrosive_icon][corrosive]Korrosion[/corrosive][/nowrap] [primary]eingestimmt[/primary] ist, erzeugt das Töten eines Feindes [secondary]vorübergehend[/secondary] einen [primary]Spuküberbleibsel-Gefährten[/primary], der Feinde in der Nähe sucht und [nowrap][corrosive_icon][corrosive]Korrosions[/corrosive][/nowrap]-[corrosive]Statuseffekt-Zeitschaden[/corrosive] verursacht. [newline][newline][secondary]Kill-Skill.[/secondary] Stellt die [secondary]Dauer[/secondary] von [primary]Spuküberbleibseln[/primary], wenn aktiv.",passive,264,327,390,453,516,254:Progress_DS_Branch_Duplicate_01:Branch - Row 1 - 1,blue,The Fourth Seal,第四封印,Четвертая печать,Das Vierte Siegel,Progress_DS_Branch_Duplicate_01,Branch - Row 1 - 1,SkillDef_DS_P_CorrodingAttunement,ToolTip_DS_P_CorrodingAttunement,blight_attunement_1.png,/Game/uiresources/_shared/assets/ico_ui_art_passives/Siren/ico_passive_siren_corroding_attunement.ico_passive_siren_corroding_attunement
254,Char_DarkSiren,Vex,Blood Is Power,血即力量,Кровь - это сила,Blut ist Macht,[primary]Vex[/primary] gains [secondary]Bonus[/secondary][nowrap][kinetic_icon][kinetic]Kinetic[/kinetic][/nowrap] [kinetic]Damage[/kinetic] with [secondary]Guns[/secondary] based on her current [secondary]Lifesteal[/secondary] when her [secondary]Health[/secondary] is [secondary]full[/secondary].,当[primary]维克丝[/primary][secondary]生命值[/secondary][secondary]全满[/secondary]时，其[secondary]枪械[/secondary]会根据她当前的[secondary]吸血[/secondary]获得[secondary]加成[/secondary][nowrap][kinetic_icon][kinetic]动能[/kinetic][/nowrap][kinetic]伤害[/kinetic]。,"При [secondary]полном[/secondary] [secondary]здоровье[/secondary] [secondary]пушки[/secondary] [primary]Векс[/primary] наносят [secondary]дополнительный[/secondary] [nowrap][kinetic_icon][kinetic]кинетический[/kinetic][/nowrap] [kinetic]урон[/kinetic], значение которого зависит от ее текущего уровня [secondary]кражи здоровья[/secondary].","[primary]Vex'[/primary] [secondary]Schusswaffen[/secondary] erhalten [secondary]Bonus-[/secondary] [nowrap][kinetic_icon][kinetic]Kinetikschaden[/kinetic][/nowrap] basierend auf ihrem aktuellen [secondary]Lebensraub[/secondary], wenn ihre [secondary]Gesundheit[/secondary] [secondary]voll[/secondary] ist.",passive,242,305,368,431,494,254:Progress_DS_Branch_Death_03:Branch - Row 3 - 3,green,Vexcalation,愤怒升级,Векскалация,Vexkalation,Progress_DS_Branch_Death_03,Branch - Row 3 - 3,SkillDef_DS_P_BloodIsPower,ToolTip_DS_P_BloodIsPower,blood_is_power_1.png,/Game/uiresources/_shared/assets/ico_ui_art_passives/Siren/ico_passive_siren_blood_is_power.ico_passive_siren_blood_is_power
254,Char_DarkSiren,Vex,Blood Sacrifice,血腥献祭,Кровавая жертва,Blutopfer,[secondary]Activate Kill Skills[/secondary] whenever [primary]Vex's[/primary] [primary]Minion(s)[/primary] die.,[primary]维克丝的[/primary][primary]仆从[/primary]死亡时将[secondary]发动杀戮技能[/secondary]。,"Каждый раз, когда умирает [primary]приспешник[/primary] [primary]Векс[/primary], [secondary]активируется навык убийства[/secondary].",Beim Tod von [primary]Vex'[/primary] [primary]Gefährten[/primary] wird [secondary]Kill-Skills[/secondary] aktiviert.,passive,35,34,33,32,31,254:Progress_DS_Trunk_Duplicate:Trunk - Row 3 - 1,blue,The Fourth Seal,第四封印,Четвертая печать,Das Vierte Siegel,Progress_DS_Trunk_Duplicate,Trunk - Row 3 - 1,,ToolTip_DS_P_BloodSacrifice,blood_sacrifice_1.png,/Game/uiresources/_shared/assets/ico_ui_art_passives/Siren/ico_passive_siren_blood_sacrifice.ico_passive_siren_blood_sacrifice
254,Char_DarkSiren,Vex,Blood Is Magic,鲜血即魔法,Кровь - это магия,Blut ist Magie,[primary]Vex[/primary] deals increased [secondary]Skill Damage[/secondary] the higher her [secondary]Health[/secondary].,[primary]维克丝[/primary]的[secondary]生命值[/secondary]越高，造成的[secondary]技能伤害[/secondary]越高。,[secondary]Урон от навыков[/secondary] [primary]Векс[/primary] повышается в зависимости от запаса ее [secondary]здоровья[/secondary].,"[primary]Vex[/primary] verursacht umso mehr [secondary]Skill-Schaden[/secondary], je höher ihre [secondary]Gesundheit[/secondary] ist.",passive,214,181,149,117,85,254:Progress_DS_Trunk_Domination:Trunk - Row 1 - 3,red,Here Comes Trouble,麻烦来了,А вот и замес,Jetzt gibt's Rabatz,Progress_DS_Trunk_Domination,Trunk - Row 1 - 3,,ToolTip_DS_P_Overpowered,blood_is_magic_1.png,/Game/uiresources/_shared/assets/ico_ui_art_passives/Siren/ico_passive_siren_overpowered.ico_passive_siren_overpowered
254,Char_DarkSiren,Vex,Blood Shot,血腥弹药,Кровоподтек,Blutschuss,"When [primary]Vex[/primary] uses a [secondary]Repkit[/secondary], her next [secondary]Gun Shot[/secondary] will become a [primary]Blood Shot[/primary], converting [secondary]Damage Dealt[/secondary] into [nowrap][kinetic_icon][kinetic]Kinetic[/kinetic][/nowrap][kinetic] Damage[/kinetic], and dealing [secondary]Bonus Damage[/secondary] based on her [secondary]current Health[/secondary].",[primary]维克丝[/primary]使用[secondary]修复套件[/secondary]时，其下一发[secondary]子弹[/secondary]将变为[primary]血腥弹药[/primary]，[secondary]造成的伤害[/secondary]将转化为[nowrap][kinetic_icon][kinetic]动能[/kinetic][/nowrap][kinetic]伤害[/kinetic]，并根据其[secondary]当前生命值[/secondary]造成[secondary]加成伤害[/secondary]。,"Когда [primary]Векс[/primary] использует [secondary]ремкомплект[/secondary], ее следующий [secondary]выстрел[/secondary] считается [primary]кровавым[/primary] и переводит [secondary]наносимый урон[/secondary] в [nowrap][kinetic_icon][kinetic]кинетический[/kinetic][/nowrap], а также наносит [secondary]дополнительный урон[/secondary], зависящий от [secondary]текущего уровня ее здоровья[/secondary].","Wenn [primary]Vex[/primary] ein [secondary]Reparaturkit[/secondary] benutzt, wird ihr nächster [secondary]Schuss[/secondary] zu einem [primary]Blutschuss[/primary], der den [secondary]verursachten Schaden[/secondary] in [nowrap][kinetic_icon][kinetic]Kinetikschaden[/kinetic][/nowrap] umwandelt und [secondary]Bonusschaden[/secondary] basierend auf ihrer [secondary]aktuellen Gesundheit[/secondary] verursacht.",passive,239,302,365,428,491,254:Progress_DS_Branch_Death_03:Branch - Row 2 - 2,green,Vexcalation,愤怒升级,Векскалация,Vexkalation,Progress_DS_Branch_Death_03,Branch - Row 2 - 2,SkillDef_DS_P_Bloodshot,ToolTip_DS_P_BloodShot,blood_shot_1.png,/Game/uiresources/_shared/assets/ico_ui_art_passives/Siren/ico_passive_siren_bloodshot.ico_passive_siren_bloodshot
254,Char_DarkSiren,Vex,Bloodletter,血书,Кровопускание,Aderlass,"[secondary]Gun[/secondary] and [secondary]Skill Critical Hits[/secondary] have a chance to apply [primary]Bleed[/primary], causing [nowrap][kinetic_icon][kinetic]Kinetic[/kinetic][/nowrap][kinetic]Status Effect Damage[/kinetic] over time for a [secondary]Duration[/secondary]. [newline][newline][primary]Bleed[/primary] is affected by [secondary]Status Effect Application Chance[/secondary], and is itself considered a [secondary]Status Effect[/secondary].",[secondary]枪械[/secondary]和[secondary]技能暴击[/secondary]有几率施加[primary]流血[/primary]，在[secondary]一段时间[/secondary]内持续造成[nowrap][kinetic_icon][kinetic]动能[/kinetic][/nowrap][kinetic]状态效果伤害[/kinetic]。[newline][newline][primary]流血[/primary]受[secondary]状态效果施加率[/secondary]影响，并被视为[secondary]状态效果[/secondary]。,"[secondary]Критические попадания от стрельбы[/secondary] и [secondary]навыков[/secondary] могут наложить [primary]""Кровотечение""[/primary], вызывая [nowrap][kinetic_icon][kinetic]кинетический[/kinetic][/nowrap][kinetic]временной стихийный урон[/kinetic] в течение [secondary]времени действия[/secondary]. [newline][newline]На [primary]""Кровотечение""[/primary] влияет [secondary]шанс наложения временного стихийного эффекта[/secondary], оно считается [secondary]временным стихийным эффектом[/secondary].","[secondary]Kritische Treffer[/secondary] durch [secondary]Schusswaffen[/secondary] und [secondary]Skills[/secondary] haben eine Chance, [primary]Blutung[/primary] anzuwenden und so [secondary]vorübergehend[/secondary] [nowrap][kinetic_icon][kinetic]Kinetik[/kinetic][/nowrap]-[kinetic]Statuseffekt-Zeitschaden[/kinetic] zu verursachen.[newline][newline][primary]Blutung[/primary] ist von [secondary]Statuseffekt-Anwendungschance[/secondary] beeinflusst und gilt selbst als [secondary]Statuseffekt[/secondary].",passive,200,168,136,104,72,254:Progress_DS_Trunk_Death:Trunk - Row 2 - 3,green,Vexcalation,愤怒升级,Векскалация,Vexkalation,Progress_DS_Trunk_Death,Trunk - Row 2 - 3,,ToolTip_DS_P_Bleed,bloodletter_1.png,/Game/uiresources/_shared/assets/ico_ui_art_passives/Siren/ico_passive_siren_bleed.ico_passive_siren_bleed
254,Char_DarkSiren,Vex,Burning Attunement,焚烧调和,Гармоничность огня,Brand-Einstimmung,"[primary]Attunement Skill.[/primary]While [primary]Vex[/primary] is [primary]Attuned[/primary] to [nowrap][fire_icon][fire]Incendiary[/fire][/nowrap], [primary]Vex[/primary] and her [primary]Minion(s)[/primary] gain increased [secondary]Critical Hit Damage[/secondary] and [secondary]Status Effect Application Chance[/secondary].[newline][newline]These effects persist for a [secondary]Duration[/secondary] after [primary]Attunement[/primary] is switched.",[primary]调和技能。[/primary]当[primary]维克丝[/primary][primary]调和[/primary]至[nowrap][fire_icon][fire]燃烧[/fire][/nowrap]时，提升[primary]维克丝[/primary]及其[primary]仆从[/primary]的[secondary]暴击伤害[/secondary]和[secondary]状态效果施加率[/secondary]。[newline][newline]切换[primary]调和[/primary]后此效果会持续[secondary]一段时间[/secondary]。,"[primary]Навык гармоничности.[/primary] Когда [primary]Векс[/primary] [primary]настраивается[/primary] на [nowrap][fire_icon][fire]огонь[/fire][/nowrap], у [primary]Векс[/primary] и ее [primary]приспешника(ов)[/primary] повышается [secondary]критический урон[/secondary] и [secondary]шанс наложения временного эффекта[/secondary].[newline][newline]Эффекты сохраняются в течение [secondary]времени действия[/secondary] после смены [primary]гармоничности[/primary].","[primary]Einstimmungs-Skill.[/primary]Während [primary]Vex[/primary] auf [nowrap][fire_icon][fire]Brand[/fire][/nowrap] [primary]eingestimmt[/primary] ist, erhält [primary]Vex[/primary] samt [primary]Gefährten[/primary] [secondary]kritischen Trefferschaden[/secondary] und eine [secondary]Anwendungschance für Statuseffekte[/secondary].[newline][newline]Diese Effekte dauern [secondary]vorübergehend[/secondary] nach dem Wechsel der [primary]Einstimmung[/primary] an.",passive,271,334,397,460,523,254:Progress_DS_Branch_Duplicate_02:Branch - Row 1 - 1,blue,The Fourth Seal,第四封印,Четвертая печать,Das Vierte Siegel,Progress_DS_Branch_Duplicate_02,Branch - Row 1 - 1,SkillDef_DS_P_FireyAttunement,ToolTip_DS_P_FireyAttunement,burning_attunement_1.png,/Game/uiresources/_shared/assets/ico_ui_art_passives/Siren/ico_passive_siren_fiery_attunement.ico_passive_siren_fiery_attunement
254,Char_DarkSiren,Vex,Burnt Offering,燔祭,Сожженное приношение,Brandopfer,[primary]Vex[/primary] gains increased [nowrap][fire_icon][fire]Incendiary[/fire][/nowrap][fire] Damage[/fire] and [nowrap][fire_icon][fire]Incendiary[/fire][/nowrap][fire] Status Effect Damage[/fire].,提升[primary]维克丝[/primary]的[nowrap][fire_icon][fire]燃烧[/fire][/nowrap][fire]伤害[/fire]和[nowrap][fire_icon][fire]燃烧[/fire][/nowrap][fire]状态效果伤害[/fire]。,[primary]Векс[/primary] наносит повышенный [nowrap][fire_icon][fire]урон[/fire][/nowrap][fire] от огня[/fire] и [nowrap][fire_icon][fire]временной[/fire][/nowrap][fire] стихийный урон от огня[/fire].,[primary]Vex[/primary] erhält erhöhten [nowrap][fire_icon][fire]Brandschaden[/fire][/nowrap] und [nowrap][fire_icon][fire]Brand[/fire][/nowrap]-[fire]Statuseffekt-Schaden[/fire].,passive,276,339,402,465,528,254:Progress_DS_Branch_Duplicate_02:Branch - Row 3 - 1,blue,The Fourth Seal,第四封印,Четвертая печать,Das Vierte Siegel,Progress_DS_Branch_Duplicate_02,Branch - Row 3 - 1,SkillDef_DS_P_FieryInfluence,ToolTip_DS_P_FieryInfluence,burnt_offering_1.png,/Game/uiresources/_shared/assets/ico_ui_art_passives/Siren/ico_passive_siren_incendiary_influence.ico_passive_siren_incendiary_influence
254,Char_DarkSiren,Vex,Channeling,沟道效应,Канал энергии,Kanalisierung,[primary]Vex[/primary] gains increased [secondary]Action Skill Duration[/secondary] and [primary]Attunement Duration[/primary].,提升[primary]维克丝[/primary]的[secondary]主动技能持续时间[/secondary]和[primary]调和持续时间[/primary]。,[secondary]Время действия активного навыка[/secondary] и [primary]время действия гармоничности[/primary] [primary]Векс[/primary] увеличивается.,[primary]Vex[/primary] erhält erhöhte [secondary]Action-Skill-Dauer[/secondary] und [primary]Einstimmungsdauer[/primary].,passive,196,164,132,100,68,254:Progress_DS_Trunk_Death:Trunk - Row 3 - 2,green,Vexcalation,愤怒升级,Векскалация,Vexkalation,Progress_DS_Trunk_Death,Trunk - Row 3 - 2,,ToolTip_DS_P_PhaseSync,channeling_1.png,/Game/uiresources/_shared/assets/ico_ui_art_passives/Siren/ico_passive_siren_phase_sync.ico_passive_siren_phase_sync
254,Char_DarkSiren,Vex,Claw and Bang,利爪与爆炸,Когти и бабахи,Klaue und Knall,[primary]Vex[/primary] and her [primary]Minion(s)[/primary] gain increased [secondary]Melee Damage[/secondary] and [secondary]Ordnance Damage[/secondary].,提升[primary]维克丝[/primary]及其[primary]仆从[/primary]的[secondary]近战伤害[/secondary]和[secondary]炮械伤害[/secondary]。,"[primary]Векс[/primary] и ее [primary]приспешник(и)[/primary] наносят повышенный [secondary]урон в ближнем бою[/secondary], и [secondary]урон от снарядов[/secondary].",Erhöhter [secondary]Nahkampfschaden[/secondary] und [secondary]Kampfmittel-Schaden[/secondary] für [primary]Vex[/primary] samt [primary]Gefährten[/primary].,passive,20,19,18,17,16,254:Progress_DS_Trunk_Domination:Trunk - Row 3 - 2,red,Here Comes Trouble,麻烦来了,А вот и замес,Jetzt gibt's Rabatz,Progress_DS_Trunk_Domination,Trunk - Row 3 - 2,,ToolTip_DS_P_ClawAndBang,claw_and_bang_1.png,/Game/uiresources/_shared/assets/ico_ui_art_passives/Siren/ico_passive_siren_claw_and_bang.ico_passive_siren_claw_and_bang
254,Char_DarkSiren,Vex,Cold Iron,寒铁,Холодное железо,Kaltes Eisen,[primary]Vex[/primary] gains increased [secondary]Gun Damage[/secondary].[newline][newline][primary]Minion(s)[/primary] gain additional [secondary]Gun Damage[/secondary].,提升[primary]维克丝[/primary]的[secondary]枪械伤害[/secondary]。[newline][newline][primary]仆从[/primary]获得额外[secondary]枪械伤害[/secondary]。,[primary]Векс[/primary] наносит повышенный [secondary]урон от стрельбы[/secondary].[newline][newline]Ее [primary]приспешник(и)[/primary] наносят дополнительный [secondary]урон от стрельбы[/secondary].,[primary]Vex[/primary] erhält erhöhten [secondary]Schusswaffen-Schaden[/secondary].[newline][newline]Ebenfalls erhöhter [secondary]Schusswaffen-Schaden[/secondary] für [primary]Gefährten[/primary].,passive,40,39,38,37,36,254:Progress_DS_Trunk_Duplicate:Trunk - Row 1 - 3,blue,The Fourth Seal,第四封印,Четвертая печать,Das Vierte Siegel,Progress_DS_Trunk_Duplicate,Trunk - Row 1 - 3,,ToolTip_DS_P_SpectralWeapons,cold_iron_1.png,/Game/uiresources/_shared/assets/ico_ui_art_passives/Siren/ico_passive_siren_spectral_weaponry.ico_passive_siren_spectral_weaponry
254,Char_DarkSiren,Vex,Corporeal,实体,Материальность,Körperlich,"[primary]Vex[/primary] and her [primary]Minion(s)[/primary] gain increased [secondary]Maximum Overshield Capacity[/secondary] and [secondary]Overshield Duration[/secondary]. [newline][newline] While [primary]Vex[/primary] has [secondary]Overshield[/secondary], she and her [primary]Minion(s)[/primary] gain increased [secondary]Damage Dealt[/secondary].",提升[primary]维克丝[/primary]及其[primary]仆从[/primary]的[secondary]最大超强护盾容量[/secondary]和[secondary]超强护盾持续时间[/secondary]。[newline][newline]当[primary]维克丝[/primary]拥有[secondary]超强护盾[/secondary]时，提升她及其[primary]仆从[/primary][secondary]造成的伤害[/secondary]。,"[secondary]Емкость суперщита[/secondary] и [secondary]длительность суперщита[/secondary] [primary]Векс[/primary] и ее [primary]приспешника(ов)[/primary] повышается. [newline][newline]Пока [secondary]суперщит[/secondary] [primary]Векс[/primary] активен, она и ее [primary]приспешник(и)[/primary] наносят [secondary]повышенный урон[/secondary].","[primary]Vex[/primary] erhält samt [primary]Gefährten[/primary] erhöhte [secondary]maximale Überschild-Kapazität[/secondary] und [secondary]Überschild-Dauer[/secondary].[newline][newline] Während [primary]Vex[/primary] [secondary]Überschild[/secondary] hat, steigt der durch sie und ihre/n [primary]Gefährten[/primary] [secondary]verursachte Schaden[/secondary]. ",passive,247,310,373,436,499,254:Progress_DS_Branch_Domination_01:Branch - Row 2 - 3,red,Here Comes Trouble,麻烦来了,А вот и замес,Jetzt gibt's Rabatz,Progress_DS_Branch_Domination_01,Branch - Row 2 - 3,SkillDef_DS_P_HardenedSpirit,ToolTip_DS_P_HardenedSpirit,corporeal_1.png,/Game/uiresources/_shared/assets/ico_ui_art_passives/Siren/ico_passive_siren_hardened_spirit.ico_passive_siren_hardened_spirit
254,Char_DarkSiren,Vex,Cursed Blade,诅咒之刃,Проклятый клинок,Verfluchte Klinge,"[primary]Vex's[/primary] [secondary]Melee Attacks[/secondary] apply [primary]Curse[/primary] to hit enemies, making them take [nowrap][kinetic_icon][kinetic]Kinetic[/kinetic][/nowrap][kinetic]Status Effect Damage[/kinetic] any time they take [secondary]Gun Damage[/secondary].",[primary]维克丝的[/primary][secondary]近战攻击[/secondary]在击中敌人时会施加[primary]诅咒[/primary]，使对方在遭受[secondary]枪械伤害[/secondary]时受到[nowrap][kinetic_icon][kinetic]动能[/kinetic][/nowrap][kinetic]状态效果伤害[/kinetic]。,"[secondary]Атаки в ближнем бою[/secondary] [primary]Векс[/primary] при попадании накладывают на врагов [primary]Проклятие:[/primary] каждый раз, когда проклятый враг получает [secondary]урон от стрельбы[/secondary], он также получает [nowrap][kinetic_icon][kinetic]кинетический[/kinetic][/nowrap] временной урон.","[primary]Vex'[/primary] [secondary]Nahkampfangriffe[/secondary] wenden [primary]Fluch[/primary] auf getroffene Feinde an, die jetzt immer [nowrap][kinetic_icon][kinetic]Kinetik[/kinetic][/nowrap]-[kinetic]Statuseffekt-Schaden[/kinetic] erleiden, wenn sie [secondary]Schusswaffen-Schaden[/secondary] nehmen. ",passive,188,156,124,92,60,254:Progress_DS_Trunk_Duplicate:Trunk - Row 2 - 5,blue,The Fourth Seal,第四封印,Четвертая печать,Das Vierte Siegel,Progress_DS_Trunk_Duplicate,Trunk - Row 2 - 5,,ToolTip_DS_P_Curse,cursed_blade_1.png,/Game/uiresources/_shared/assets/ico_ui_art_passives/Siren/ico_passive_siren_cursed_blade.ico_passive_siren_cursed_blade
254,Char_DarkSiren,Vex,Deadwire,死线,Смертельное замыкание,Tote Leitung,"When [primary]Vex[/primary] deals [secondary]Gun Damage[/secondary], there is a Chance to spawn a [primary]Spark Remnant[/primary] that will seek out a nearby enemy and explode, dealing [nowrap][shock_icon][shock]Shock[/shock][/nowrap][shock]Minion Damage[/shock] to other nearby enemies.",[primary]维克丝[/primary]造成[secondary]枪械伤害[/secondary]时，有几率生成[primary]电弧骸灵[/primary]，其会寻找附近敌人并自爆，对附近其他敌人造成[nowrap][shock_icon][shock]电击[/shock][/nowrap][shock]仆从伤害[/shock]。,"Когда [primary]Векс[/primary] наносит [secondary]урон от стрельбы[/secondary], есть шанс появления [primary]искры-отзвука[/primary], которая будет искать врага поблизости, чтобы взорваться и нанести [nowrap][shock_icon][shock]шоковый[/shock][/nowrap][shock] урон от приспешника[/shock] другим врагам поблизости.","Wenn [primary]Vex[/primary] [secondary]Schusswaffen-Schaden[/secondary] verursacht, besteht eine Chance, ein [primary]Funkenüberbleibsel[/primary] spawnen zu lassen, das einen Feind in der Nähe verfolgt und explodiert, was bei weiteren Feinden in der Nähe [nowrap][shock_icon][shock]Schock[/shock][/nowrap]-[shock]Gefährtenschaden[/shock] verursacht.",passive,259,322,385,448,511,254:Progress_DS_Branch_Domination_03:Branch - Row 2 - 1,red,Here Comes Trouble,麻烦来了,А вот и замес,Jetzt gibt's Rabatz,Progress_DS_Branch_Domination_03,Branch - Row 2 - 1,SkillDef_DS_P_UndeadWire,ToolTip_DS_P_UndeadWire,deadwire_1.png,/Game/uiresources/_shared/assets/ico_ui_art_passives/Siren/ico_passive_siren_undead_wire.ico_passive_siren_undead_wire
254,Char_DarkSiren,Vex,Death Follows Closer,死神将至,Смерть идет по пятам,Der Tod kommt näher,"Whenever [primary]Vex[/primary] takes Damage while at [secondary]Low Health[/secondary], [secondary]Spawn[/secondary] a [primary]Reaper[/primary] nearby.",当[primary]维克丝[/primary]在[secondary]低生命值[/secondary]时受到伤害，将在附近[secondary]生成[/secondary][primary]死神[/primary]。,"Каждый раз, когда [primary]Векс[/primary] получает урон при [secondary]низком уровне здоровья[/secondary], поблизости [secondary]появляется[/secondary] [primary]жнец[/primary].","Wenn [primary]Vex[/primary] mit [secondary]niedriger Gesundheit[/secondary] Schaden nimmt, [secondary]spawnt[/secondary] sie einen [primary]Schnitter[/primary] in der Nähe.",passive,282,345,408,471,534,254:Progress_DS_Branch_Duplicate_03:Branch - Row 2 - 3,blue,The Fourth Seal,第四封印,Четвертая печать,Das Vierte Siegel,Progress_DS_Branch_Duplicate_03,Branch - Row 2 - 3,SkillDef_DS_P_Deathstraction,ToolTip_DS_P_Deathstraction,death_follows_closer_1.png,/Game/uiresources/_shared/assets/ico_ui_art_passives/Siren/ico_passive_siren_reapers_respite.ico_passive_siren_reapers_respite
254,Char_DarkSiren,Vex,Diener,医学助手,Препаратор,,"[primary]Dead Ringer[/primary] gains an additional [secondary]Charge[/secondary].[newline][newline][flavor]""Bring out your Dead!""[/flavor]","[primary]死亡分身[/primary]获得额外[secondary]使用次数[/secondary]。[newline][newline][flavor]""开门收尸！""[/flavor]","Дополнительный [secondary]заряд[/secondary] [primary]""Один к одному""[/primary].[newline][newline][flavor]""Выносите своих мертвецов!""[/flavor]","[primary]Todesbote[/primary] erhält eine zusätzliche [secondary]Ladung[/secondary].[newline][newline][flavor]""Raus mit den Toten!""[/flavor]",passive,283,346,409,472,535,254:Progress_DS_Branch_Duplicate_03:Branch - Row 3 - 1,blue,The Fourth Seal,第四封印,Четвертая печать,Das Vierte Siegel,Progress_DS_Branch_Duplicate_03,Branch - Row 3 - 1,SkillDef_DS_P_ResoundingEchoes,ToolTip_DS_P_ResoundingEchoes,diener_1.png,/Game/uiresources/_shared/assets/ico_ui_art_passives/Siren/ico_passive_siren_diener.ico_passive_siren_diener
254,Char_DarkSiren,Vex,Dreadlight,恐惧之光,Сияние ужаса,Schreckenslicht,"When [primary]Vex[/primary] deals [secondary]Gun Damage[/secondary], there is a chance to spawn a [nowrap][radiation_icon][radiation]Radioactive[/radiation][/nowrap][radiation]Hazard[/radiation], dealing [nowrap][radiation_icon][radiation]Radiation[/radiation][/nowrap][radiation] Damage[/radiation] over time.",[primary]维克丝[/primary]造成[secondary]枪械伤害[/secondary]时有几率生成[nowrap][radiation_icon][radiation]辐射[/radiation][/nowrap][radiation]危害源[/radiation]，持续造成[nowrap][radiation_icon][radiation]辐射[/radiation][/nowrap][radiation]伤害[/radiation]。,"Когда [primary]Векс[/primary] наносит [secondary]урон от стрельбы[/secondary], есть шанс появления [nowrap][radiation_icon][radiation]радиоактивной[/radiation][/nowrap][radiation] опасности[/radiation], которая в течение некоторого времени наносит [nowrap][radiation_icon][radiation]урон[/radiation][/nowrap][radiation] от радиации[/radiation].","Wenn [primary]Vex[/primary] [secondary]Schusswaffen-Schaden[/secondary] verursacht, besteht eine Chance, eine [nowrap][radiation_icon][radiation]Radioaktive Gefahr[/radiation][/nowrap] spawnen zu lassen, die [nowrap][radiation_icon][radiation]Strahlungszeitschaden[/radiation][/nowrap] verursacht.",passive,224,287,350,413,476,254:Progress_DS_Branch_Death_01:Branch - Row 2 - 1,green,Vexcalation,愤怒升级,Векскалация,Vexkalation,Progress_DS_Branch_Death_01,Branch - Row 2 - 1,SkillDef_DS_P_RadioactiveResonance,ToolTip_DS_P_RadioactiveResonance,dreadlight_1.png,/Game/uiresources/_shared/assets/ico_ui_art_passives/Siren/ico_passive_siren_radioactive_resonance.ico_passive_siren_radioactive_resonance
254,Char_DarkSiren,Vex,Drink Full,满饮一杯,Пей до дна,Volles Glas,"Whenever [primary]Vex[/primary] deals [secondary]Gun Damage[/secondary], she gains a Stack of [primary]Drink Full[/primary], increasing her [secondary]Fire Rate[/secondary]. [newline][newline]Stacks of [primary]Drink Full[/primary] are lost if a new Stack has not been gained for a [secondary]Duration[/secondary].",当[primary]维克丝[/primary]造成[secondary]枪械伤害[/secondary]时，其会获得一层[primary]满饮一杯[/primary]并提升自身[secondary]射速[/secondary]。[newline][newline]如在[secondary]一段时间[/secondary]内未获得新的叠加，则会失去[primary]满饮一杯[/primary]叠加层数。,"Каждый раз, когда [primary]Векс[/primary] наносит [secondary]урон от стрельбы[/secondary], она получает заряд [primary]""Пей до дна""[/primary], который увеличивает [secondary]скорострельность[/secondary].[newline][newline]Если в течение [secondary]некоторого времени[/secondary] не наносить урон, заряды [primary]""Пей до дна""[/primary] пропадают.","Wenn [primary]Vex[/primary] [secondary]Schusswaffen-Schaden[/secondary] verursacht, erhält sie einen Stapel [primary]Volles Glas[/primary], was ihre [secondary]Feuerrate[/secondary] erhöht. [newline][newline]Stapel [primary]Volles Glas[/primary] gehen verloren, wenn [secondary]vorübergehend[/secondary] kein neuer Stapel erhalten wurde.",passive,229,292,355,418,481,254:Progress_DS_Branch_Death_02:Branch - Row 1 - 1,green,Vexcalation,愤怒升级,Векскалация,Vexkalation,Progress_DS_Branch_Death_02,Branch - Row 1 - 1,SkillDef_DS_P_WomboCombo,ToolTip_DS_P_WomboCombo,drink_full_1.png,/Game/uiresources/_shared/assets/ico_ui_art_passives/Siren/ico_passive_siren_wombo_combo.ico_passive_siren_wombo_combo
254,Char_DarkSiren,Vex,Elemental Essence,元素精髓,Стихийная сущность,Elementaressenz,[primary]Vex[/primary] gains increased [nowrap][elemental_icon][secondary]Elemental[/secondary][/nowrap][secondary] Damage[/secondary].[newline][newline][secondary]Double[/secondary] this effect when an [secondary]Action Skill[/secondary] is active.,提升[primary]维克丝[/primary]的[nowrap][elemental_icon][secondary]元素[/secondary][/nowrap][secondary]伤害[/secondary]。[newline][newline]发动[secondary]主动技能[/secondary]时，此效果[secondary]加倍[/secondary]。,[primary]Векс[/primary] наносит повышенный [nowrap][elemental_icon][secondary]стихийный[/secondary][/nowrap][secondary] урон[/secondary].[newline][newline]Эффект [secondary]удваивается[/secondary] при использовании [secondary]активного навыка[/secondary].,"[primary]Vex[/primary] erhält erhöhten [nowrap][elemental_icon][elemental]Elementarschaden[/elemental][/nowrap].[newline][newline]Dieser Effekt wird [secondary]verdoppelt[/secondary], wenn ein [secondary]Action-Skill[/secondary] aktiv ist.",passive,250,313,376,439,502,254:Progress_DS_Branch_Domination_02:Branch - Row 1 - 1,red,Here Comes Trouble,麻烦来了,А вот и замес,Jetzt gibt's Rabatz,Progress_DS_Branch_Domination_02,Branch - Row 1 - 1,SkillDef_DS_P_ElementalEssence,ToolTip_DS_P_ElementalEssence,elemental_essence_1.png,/Game/uiresources/_shared/assets/ico_ui_art_passives/Siren/ico_passive_siren_elemental_essence.ico_passive_siren_elemental_essence
254,Char_DarkSiren,Vex,Enchantment,迷咒,Чары,Verzauberung,[primary]Vex[/primary] gains [nowrap][kinetic_icon][kinetic]Bonus[/kinetic][/nowrap][kinetic] Kinetic Damage[/kinetic] with [secondary]Guns[/secondary] while her [secondary]Action Skill[/secondary] is active.,发动[secondary]主动技能[/secondary]时，[primary]维克丝[/primary]的[secondary]枪械[/secondary]获得[nowrap][kinetic_icon][kinetic]加成[/kinetic][/nowrap][kinetic]动能伤害[/kinetic]。,"[primary]Векс[/primary] наносит [nowrap][kinetic_icon][kinetic]дополнительный[/kinetic][/nowrap] [kinetic]кинетический урон[/kinetic] из [secondary]стрелкового оружия[/secondary], пока действует ее [secondary]активный навык[/secondary].","[primary]Vex[/primary] erhält [nowrap][kinetic_icon][kinetic]Kinetik[/kinetic][/nowrap]-[kinetic]Bonusschaden[/kinetic] mit [secondary]Schusswaffen[/secondary], während ihr [secondary]Action-Skill[/secondary] aktiv ist.",passive,215,183,151,119,87,254:Progress_DS_Trunk_Domination:Trunk - Row 1 - 2,red,Here Comes Trouble,麻烦来了,А вот и замес,Jetzt gibt's Rabatz,Progress_DS_Trunk_Domination,Trunk - Row 1 - 2,,ToolTip_DS_P_PhaseBullets,enchantment_1.png,/Game/uiresources/_shared/assets/ico_ui_art_passives/Siren/ico_passive_siren_phase_bullets.ico_passive_siren_phase_bullets
254,Char_DarkSiren,Vex,Essence Leech,精髓吸取,Истощение сущности,Essenz-Aussaugung,[primary]Vex[/primary] gains [secondary]Lifesteal[/secondary].[newline][newline][secondary]Double[/secondary] this effect when an [secondary]Action Skill[/secondary] is active.,[primary]维克丝[/primary]获得[secondary]吸血[/secondary]。[newline][newline]发动[secondary]主动技能[/secondary]时，此效果[secondary]加倍[/secondary]。,[primary]Векс[/primary] получает [secondary]кражу здоровья[/secondary].[newline][newline]Эффект [secondary]удваивается[/secondary] при использовании [secondary]активного навыка[/secondary].,"[primary]Vex[/primary] erhält erhöhten [secondary]Lebensraub[/secondary].[newline][newline]Dieser Effekt wird [secondary]verdoppelt[/secondary], wenn ein [secondary]Action-Skill[/secondary] aktiv ist.",passive,240,303,366,429,492,254:Progress_DS_Branch_Death_03:Branch - Row 2 - 3,green,Vexcalation,愤怒升级,Векскалация,Vexkalation,Progress_DS_Branch_Death_03,Branch - Row 2 - 3,SkillDef_DS_P_DrainingEssence,ToolTip_DS_P_DrainingEssence,essence_leech_1.png,/Game/uiresources/_shared/assets/ico_ui_art_passives/Siren/ico_passive_siren_draining_essence.ico_passive_siren_draining_essence
254,Char_DarkSiren,Vex,Extra Cursed,多重诅咒,Мега-проклятие,Extra-verflucht,"[primary]Curse[/primary] [secondary]Damage[/secondary] now triggers on [primary]Minion[/primary] [secondary]Melee Damage[/secondary], and deals increased [secondary]Damage[/secondary] when it's triggered by a [secondary]Critical Hit[/secondary].",[primary]仆从[/primary]造成[secondary]近战伤害[/secondary]将触发[primary]诅咒[/primary][secondary]伤害[/secondary]，如由[secondary]暴击[/secondary]触发，则会造成更高[secondary]伤害[/secondary]。,"[secondary]Урон[/secondary] от [primary]Проклятия[/primary] срабатывает при нанесении [primary]приспешником[/primary] [secondary]урона в ближнем бою[/secondary] и наносит повышенный [secondary]урон[/secondary], если сработал при [secondary]критическом попадании[/secondary].","[primary]Fluch[/primary]-[secondary]Schaden[/secondary] wird jetzt durch [secondary]Nahkampfschaden[/secondary] eines [primary]Gefährten[/primary] ausgelöst und verursacht erhöhten [secondary]Schaden[/secondary], wenn er durch einen [secondary]kritischen Treffer[/secondary] ausgelöst wird.",passive,185,153,121,89,57,254:Progress_DS_Trunk_Duplicate:Trunk - Row 3 - 5,blue,The Fourth Seal,第四封印,Четвертая печать,Das Vierte Siegel,Progress_DS_Trunk_Duplicate,Trunk - Row 3 - 5,,ToolTip_DS_P_ExtraCursed,extra_cursed_1.png,/Game/uiresources/_shared/assets/ico_ui_art_passives/Siren/ico_passive_siren_extra_cursed.ico_passive_siren_extra_cursed
254,Char_DarkSiren,Vex,Fell Inscriptions,邪恶铭文,Беспощадные заклятия,Tödliche Inschriften,[primary]Vex[/primary] and her [primary]Minion(s)[/primary] gain increased [secondary]Melee Damage[/secondary] and [secondary]Maximum Health Capacity[/secondary].,提升[primary]维克丝[/primary]及其[primary]仆从[/primary]的[secondary]近战伤害[/secondary]和[secondary]最大生命值容量[/secondary]。,"[primary]Векс[/primary] и ее [primary]приспешник(и)[/primary] наносят повышенный [secondary]урон в ближнем бою[/secondary], [secondary]максимальный запас их здоровья[/secondary] увеличивается.",Erhöhte [secondary]Nahkampfschaden[/secondary] und [secondary]maximale Gesundheitskapazität[/secondary] für [primary]Vex[/primary] samt [primary]Gefährten[/primary].,passive,191,159,127,95,63,254:Progress_DS_Trunk_Duplicate:Trunk - Row 1 - 5,blue,The Fourth Seal,第四封印,Четвертая печать,Das Vierte Siegel,Progress_DS_Trunk_Duplicate,Trunk - Row 1 - 5,,ToolTip_DS_P_DemonicInscriptions,fell_inscriptions_1.png,/Game/uiresources/_shared/assets/ico_ui_art_passives/Siren/ico_passive_siren_demonic_inscriptions.ico_passive_siren_demonic_inscriptions
254,Char_DarkSiren,Vex,Fiendish Invigoration,恶魔活力,Демоническое оздоровление,Teuflische Stärkung,"When [primary]Vex[/primary] uses a [secondary]Repkit[/secondary], she and her [primary]Minions[/primary] gain increased [secondary]Movement Speed[/secondary] and [secondary]Fire Rate[/secondary] for a [secondary]Duration[/secondary].",[primary]维克丝[/primary]使用[secondary]修复套件[/secondary]时，在[secondary]一段时间[/secondary]内提升自身及其[primary]仆从[/primary]的[secondary]移动速度[/secondary]和[secondary]射速[/secondary]。,При использовании [secondary]ремкомплекта[/secondary] [primary]Векс[/primary] и ее [primary]приспешники[/primary] получают [secondary]временное[/secondary] повышение [secondary]скорости перемещения[/secondary] и [secondary]скорострельности[/secondary].,"Wenn [primary]Vex[/primary] ein [secondary]Reparaturkit[/secondary] benutzt, erhalten sie und ihre [primary]Gefährten[/primary] [secondary]vorübergehend[/secondary] [secondary]Bewegungsgeschwindigkeit[/secondary] und [secondary]Feuerrate[/secondary].",passive,201,169,137,105,73,254:Progress_DS_Trunk_Death:Trunk - Row 2 - 1,green,Vexcalation,愤怒升级,Векскалация,Vexkalation,Progress_DS_Trunk_Death,Trunk - Row 2 - 1,,ToolTip_DS_P_Stimpack,fiendish_invigoration_1.png,/Game/uiresources/_shared/assets/ico_ui_art_passives/Siren/ico_passive_siren_stimpack.ico_passive_siren_stimpack
254,Char_DarkSiren,Vex,Full Moon,满月,Полнолуние,Vollmond,[primary]Vex[/primary] gains increased [secondary]Action Skill Cooldown Rate[/secondary] and [secondary]Ordnance Cooldown Rate[/secondary] based on the fullness of her [secondary]Shield[/secondary].,根据[primary]维克丝[/primary][secondary]护盾[/secondary]的百分比提升其[secondary]主动技能冷却速率[/secondary]和[secondary]炮械冷却速率[/secondary]。,"[secondary]Скорость восстановления активного навыка[/secondary] и [secondary]скорость восстановления снарядов[/secondary] [primary]Векс[/primary] повышаются на значение, зависящее от заряда ее [secondary]щита[/secondary].",[primary]Vex[/primary] erhält erhöhte [secondary]Action-Skill-Abklinggeschwindigkeit[/secondary] und [secondary]Kampfmittel-Abklinggeschwindigkeit[/secondary] basierend auf der Ladung ihres [secondary]Schilds[/secondary].,passive,226,289,352,415,478,254:Progress_DS_Branch_Death_01:Branch - Row 2 - 3,green,Vexcalation,愤怒升级,Векскалация,Vexkalation,Progress_DS_Branch_Death_01,Branch - Row 2 - 3,SkillDef_DS_P_SpiritCooling,ToolTip_DS_P_SpiritCooling,full_moon_1.png,/Game/uiresources/_shared/assets/ico_ui_art_passives/Siren/ico_passive_siren_spirit_cooling.ico_passive_siren_spirit_cooling
254,Char_DarkSiren,Vex,Ghasterbait,恶灵诱饵,Призрачная наживка,Ghasterbation,"Whenever [primary]Vex[/primary] [secondary]Dodges[/secondary], she creates a [primary]Specter[/primary] nearby and becomes [secondary]Invisible[/secondary] for a [secondary]Duration[/secondary], or her next [secondary]Gun Shot[/secondary].",当[primary]维克丝[/primary][secondary]闪避[/secondary]时，其会在附近生成[primary]幽灵[/primary]并在[secondary]一段时间[/secondary]内[secondary]隐身[/secondary]，[secondary]武器开火[/secondary]将重新现身。,"Каждый раз, когда [primary]Векс[/primary] [secondary]уклоняется[/secondary], она создает поблизости [primary]призрака[/primary] и становится [secondary]невидимой[/secondary] [secondary]на время[/secondary] или до своего следующего [secondary]выстрела из пушки[/secondary].","Immer wenn [primary]Vex[/primary] [secondary]ausweicht[/secondary], erzeugt sie ein [primary]Phantom[/primary] in der Nähe und wird [secondary]vorübergehend[/secondary] [secondary]unsichtbar[/secondary] oder bis zu ihrem nächsten [secondary]Schuss[/secondary].",passive,267,330,393,456,519,254:Progress_DS_Branch_Duplicate_01:Branch - Row 2 - 2,blue,The Fourth Seal,第四封印,Четвертая печать,Das Vierte Siegel,Progress_DS_Branch_Duplicate_01,Branch - Row 2 - 2,SkillDef_DS_P_Assassin,ToolTip_DS_P_Assassin,ghasterbait_1.png,/Game/uiresources/_shared/assets/ico_ui_art_passives/Siren/ico_passive_siren_spectral_escape.ico_passive_siren_spectral_escape
254,Char_DarkSiren,Vex,Grave Assault,悲冥袭击,Штурм из могилы,Grabesangriff,[secondary]Kill Skill.[/secondary] [primary]Vex[/primary] and her [primary]Minion(s)[/primary] gain increased [secondary]Fire Rate[/secondary] for a [secondary]Duration[/secondary].,[secondary]杀戮技能。[/secondary]在[secondary]一段时间[/secondary]内提升[primary]维克丝[/primary]及其[primary]仆从[/primary]的[secondary]射速[/secondary]。,[secondary]Навык убийства.[/secondary] [secondary]Скорострельность[/secondary] [primary]Векс[/primary] и ее [primary]приспешника(ов)[/primary] [secondary]временно[/secondary] повышается.,[secondary]Kill-Skill.[/secondary] [primary]Vex[/primary] erhält samt [primary]Gefährten[/primary] [secondary]vorübergehend[/secondary] eine erhöhte [secondary]Feuerrate[/secondary].,passive,190,158,126,94,62,254:Progress_DS_Trunk_Duplicate:Trunk - Row 2 - 1,blue,The Fourth Seal,第四封印,Четвертая печать,Das Vierte Siegel,Progress_DS_Trunk_Duplicate,Trunk - Row 2 - 1,,ToolTip_DS_P_BanefulWeaponry,grave_assault_1.png,/Game/uiresources/_shared/assets/ico_ui_art_passives/Siren/ico_passive_siren_grave_assault.ico_passive_siren_grave_assault
254,Char_DarkSiren,Vex,Grave Command,悲冥命令,Приказ из могилы,Grabeskommando,[secondary]Kill Skill.[/secondary] Restore a percentage of [primary]Trouble's[/primary] [primary] Command Skill Cooldown[/primary] and [primary]Respawn Cooldown[/primary].,[secondary]杀戮技能。[/secondary]恢复一定比例的[primary]麻烦[/primary][primary]命令技能冷却时间[/primary]和[primary]重生冷却时间[/primary]。,[secondary]Навык убийства.[/secondary] Восстанавливает часть [primary]времени перезарядки приказа[/primary] [primary]Гемора[/primary] и [primary]времени возрождения[/primary].,[secondary]Kill-Skill.[/secondary] Stellt einen Anteil von [primary]Rabatzis[/primary] [primary]Kommando-Skill-Abklingzeit[/primary] und [primary]Respawn-Abklingzeit[/primary] wieder her.,passive,213,182,150,118,86,254:Progress_DS_Trunk_Domination:Trunk - Row 2 - 1,red,Here Comes Trouble,麻烦来了,А вот и замес,Jetzt gibt's Rabatz,Progress_DS_Trunk_Domination,Trunk - Row 2 - 1,,ToolTip_DS_P_GraveCommand,grave_command_1.png,/Game/uiresources/_shared/assets/ico_ui_art_passives/Siren/ico_passive_siren_grave_command.ico_passive_siren_grave_command
254,Char_DarkSiren,Vex,Grave Current,悲冥电流,Замогильный поток,Grabesstrom,[secondary]Kill Skill.[/secondary] [primary]Vex's[/primary] [primary]Minion(s)[/primary] gain [secondary]Bonus[/secondary][nowrap][shock_icon][shock]Shock[/shock][/nowrap][shock]Damage[/shock].,[secondary]杀戮技能。[/secondary][primary]维克丝的[/primary][primary]仆从[/primary]获得[secondary]加成[/secondary][nowrap][shock_icon][shock]电击[/shock][/nowrap][shock]伤害[/shock]。,[secondary]Навык убийства.[/secondary] [primary]Приспешник(и)[/primary] [primary]Векс[/primary] наносят [secondary]дополнительный[/secondary] [nowrap][shock_icon][shock]шоковый[/shock][/nowrap][shock] урон[/shock].,[secondary]Kill-Skill.[/secondary] [secondary]Bonus[/secondary]-[nowrap][shock_icon][shock]Korrosionsschaden[/shock][/nowrap] für [primary]Vex'[/primary] [primary]Gefährten[/primary].,passive,258,321,384,447,510,254:Progress_DS_Branch_Domination_03:Branch - Row 1 - 3,red,Here Comes Trouble,麻烦来了,А вот и замес,Jetzt gibt's Rabatz,Progress_DS_Branch_Domination_03,Branch - Row 1 - 3,SkillDef_DS_P_GraveShock,ToolTip_DS_P_GraveShock,grave_current_1.png,/Game/uiresources/_shared/assets/ico_ui_art_passives/Siren/ico_passive_siren_grave_shock.ico_passive_siren_grave_shock
254,Char_DarkSiren,Vex,Grave Elements,悲冥元素,Могильные стихии,Grabeselemente,[secondary]Kill Skill.[/secondary] [primary]Vex[/primary] and her [primary]Minion(s)[/primary] gain [nowrap][elemental_icon][secondary]Elemental[/secondary][/nowrap][secondary] Damage[/secondary] for a [secondary]Duration[/secondary].,[secondary]杀戮技能。[/secondary][primary]维克丝[/primary]及其[primary]仆从[/primary]在[secondary]一段时间[/secondary]内获得[nowrap][elemental_icon][secondary]元素[/secondary][/nowrap][secondary]伤害[/secondary]。,[secondary]Навык убийства[/secondary]. [primary]Векс[/primary] и ее [primary]приспешник(и)[/primary] наносят [nowrap][elemental_icon][secondary]стихийный[/secondary][/nowrap][secondary] урон[/secondary] в течение [secondary]времени действия[/secondary].,[secondary]Kill-Skill.[/secondary] [primary]Vex[/primary] erhält samt [primary]Gefährten[/primary] [secondary]vorübergehend [/secondary] [nowrap][elemental_icon][elemental]Elementarschaden[/elemental][/nowrap].,passive,233,296,359,422,485,254:Progress_DS_Branch_Death_02:Branch - Row 2 - 3,green,Vexcalation,愤怒升级,Векскалация,Vexkalation,Progress_DS_Branch_Death_02,Branch - Row 2 - 3,SkillDef_DS_P_GraveElements,ToolTip_DS_P_GraveElements,grave_elements_1.png,/Game/uiresources/_shared/assets/ico_ui_art_passives/Siren/ico_passive_siren_grave_elements.ico_passive_siren_grave_elements
254,Char_DarkSiren,Vex,Grave Fiends,悲冥恶魔,Демоны из могилы,Grabmonster,[secondary]Kill Skill.[/secondary] [primary]Vex[/primary] and her [primary]Minion(s)[/primary] deal increased [secondary]Damage[/secondary].,[secondary]杀戮技能。[/secondary]提升[primary]维克丝[/primary]及其[primary]仆从[/primary]造成的[secondary]伤害[/secondary]。,[secondary]Навык убийства[/secondary]. [primary]Векс[/primary] и ее [primary]приспешник(и)[/primary] наносят повышенный [secondary]урон[/secondary].,[secondary]Kill-Skill.[/secondary] [primary]Vex[/primary] erhält samt [primary]Gefährten[/primary] erhöhten [secondary]Schaden[/secondary].,passive,187,155,123,91,59,254:Progress_DS_Trunk_Duplicate:Trunk - Row 3 - 2,blue,The Fourth Seal,第四封印,Четвертая печать,Das Vierte Siegel,Progress_DS_Trunk_Duplicate,Trunk - Row 3 - 2,,ToolTip_DS_P_GraveFiends,grave_fiends_1.png,/Game/uiresources/_shared/assets/ico_ui_art_passives/Siren/ico_passive_siren_grave_fiends.ico_passive_siren_grave_fiends
254,Char_DarkSiren,Vex,Grave Implements,悲冥法器,Могильный арсенал,Grabeswerkzeuge,[secondary]Kill Skill.[/secondary] [primary]Vex[/primary] and her [primary]Minion(s)[/primary] gain increased [secondary]Gun Damage[/secondary] for a [secondary]Duration[/secondary].,[secondary]杀戮技能。[/secondary]在[secondary]一段时间[/secondary]内提升[primary]维克丝[/primary]及其[primary]仆从[/primary]的[secondary]枪械伤害[/secondary]。,[secondary]Навык убийства.[/secondary] На [secondary]время действия[/secondary] [secondary]урон от стрельбы[/secondary] [primary]Векс[/primary] и ее [primary]приспешника(ов)[/primary] повышается.,[secondary]Kill-Skill.[/secondary] [primary]Vex[/primary] erhält samt [primary]Gefährten[/primary] [secondary]vorübergehend[/secondary] erhöhten [secondary]Schusswaffen-Schaden[/secondary].,passive,199,167,135,103,71,254:Progress_DS_Trunk_Death:Trunk - Row 2 - 5,green,Vexcalation,愤怒升级,Векскалация,Vexkalation,Progress_DS_Trunk_Death,Trunk - Row 2 - 5,,ToolTip_DS_P_InfusedBullets,grave_implements_1.png,/Game/uiresources/_shared/assets/ico_ui_art_passives/Siren/ico_passive_siren_grave_weaponry.ico_passive_siren_grave_weaponry
254,Char_DarkSiren,Vex,Grave Power,悲冥力量,Власть могилы,Grabeskraft,[primary]Vex's[/primary] [secondary]Kill Skills[/secondary] gain increased [secondary]Max Stacks[/secondary].,增加[primary]维克丝的[/primary][secondary]杀戮技能[/secondary][secondary]最大层数[/secondary]。,[secondary]Максимальное количество зарядов[/secondary] [secondary]навыков убийства[/secondary] [primary]Векс[/primary] увеличивается.,[primary]Vex'[/primary] [secondary]Kill-Skills[/secondary] erhalten mehr [secondary]max. Stapel[/secondary].,passive,197,165,133,101,69,254:Progress_DS_Trunk_Death:Trunk - Row 3 - 4,green,Vexcalation,愤怒升级,Векскалация,Vexkalation,Progress_DS_Trunk_Death,Trunk - Row 3 - 4,,ToolTip_DS_P_GravePower,grave_power_1.png,/Game/uiresources/_shared/assets/ico_ui_art_passives/Siren/ico_passive_siren_grave_power.ico_passive_siren_grave_power
254,Char_DarkSiren,Vex,Grave Quickening,悲冥加速,Движение в могиле,Grabesschnelle,[secondary]Kill Skill.[/secondary] [primary]Vex[/primary] gains increased [secondary]Action Skill Cooldown Rate[/secondary].,[secondary]杀戮技能。[/secondary]提升[primary]维克丝[/primary]的[secondary]主动技能冷却速率[/secondary]。,[secondary]Навык убийства.[/secondary] Повышается [secondary]скорость восстановления активного навыка[/secondary] [primary]Векс[/primary].,[secondary]Kill-Skill.[/secondary] [primary]Vex[/primary] erhält erhöhte [secondary]Action-Skill-Abklingzeit[/secondary].,passive,30,29,28,27,26,254:Progress_DS_Trunk_Duplicate:Trunk - Row 3 - 4,blue,The Fourth Seal,第四封印,Четвертая печать,Das Vierte Siegel,Progress_DS_Trunk_Duplicate,Trunk - Row 3 - 4,,ToolTip_DS_P_GraveQuickening,grave_quickening_1.png,/Game/uiresources/_shared/assets/ico_ui_art_passives/Siren/ico_passive_siren_grave_quickening.ico_passive_siren_grave_quickening
254,Char_DarkSiren,Vex,Grave Sights,悲冥视线,Взгляд из могилы,Grabessicht,[secondary]Kill Skill.[/secondary] [primary]Vex[/primary] gains increased [secondary]Critical Hit Damage[/secondary] and [secondary]Gun Handling[/secondary].,[secondary]杀戮技能。[/secondary]提升[primary]维克丝[/primary]的[secondary]暴击伤害[/secondary]和[secondary]枪械操控[/secondary]。,[secondary]Навык убийства[/secondary]. [primary]Векс[/primary] повышает [secondary]критический урон[/secondary] и [secondary]эргономичность стрелкового оружия[/secondary].,[secondary]Kill-Skill.[/secondary] [primary]Vex[/primary] erhält erhöhten [secondary]kritischen Trefferschaden[/secondary] und [secondary]Schusswaffen-Handhabung[/secondary].,passive,202,170,138,106,74,254:Progress_DS_Trunk_Death:Trunk - Row 1 - 5,green,Vexcalation,愤怒升级,Векскалация,Vexkalation,Progress_DS_Trunk_Death,Trunk - Row 1 - 5,,ToolTip_DS_P_GraveSights,grave_sights_1.png,/Game/uiresources/_shared/assets/ico_ui_art_passives/Siren/ico_passive_siren_grave_sights.ico_passive_siren_grave_sights
254,Char_DarkSiren,Vex,Grave Sustenance,悲冥滋养,Замогильная поддержка,Grabesunterhalt,[secondary]Kill Skill.[/secondary] Restore a percentage of [secondary]Missing Action Skill Duration[/secondary].,[secondary]杀戮技能。[/secondary]恢复一定比例的[secondary]已消耗主动技能持续时间[/secondary]。,[secondary]Навык убийства.[/secondary] Восстанавливает часть [secondary]недостающего времени действия активного навыка[/secondary].,[secondary]Kill-Skill.[/secondary] Stellt einen Anteil der [secondary]fehlenden Action-Skill-Dauer[/secondary] wieder her.,passive,216,184,152,120,88,254:Progress_DS_Trunk_Domination:Trunk - Row 1 - 1,red,Here Comes Trouble,麻烦来了,А вот и замес,Jetzt gibt's Rabatz,Progress_DS_Trunk_Domination,Trunk - Row 1 - 1,,ToolTip_DS_P_GraveSustain,grave_sustenance_1.png,/Game/uiresources/_shared/assets/ico_ui_art_passives/Siren/ico_passive_siren_grave_sustain.ico_passive_siren_grave_sustain
254,Char_DarkSiren,Vex,Grave Thirst,悲冥渴望,Замогильная жажда,Grabesdurst,[secondary]Kill Skill.[/secondary] [primary]Vex[/primary] and her [primary]Minion(s)[/primary] gain [secondary]Lifesteal[/secondary] for a [secondary]Duration[/secondary].,[secondary]杀戮技能。[/secondary][primary]维克丝[/primary]及其[primary]仆从[/primary]在[secondary]一段时间[/secondary]内获得[secondary]吸血[/secondary]。,[secondary]Навык убийства.[/secondary] [primary]Векс[/primary] и ее [primary]приспешник(и)[/primary] [secondary]временно[/secondary] получают [secondary]кражу здоровья[/secondary].,[secondary]Kill-Skill.[/secondary] [primary]Vex[/primary] erhält samt [primary]Gefährten[/primary] [secondary]vorübergehend[/secondary] [secondary]Lebensraub[/secondary].,passive,260,323,386,449,512,254:Progress_DS_Branch_Domination_03:Branch - Row 2 - 2,red,Here Comes Trouble,麻烦来了,А вот и замес,Jetzt gibt's Rabatz,Progress_DS_Branch_Domination_03,Branch - Row 2 - 2,SkillDef_DS_P_GravyDrain,ToolTip_DS_P_GravyDrain,grave_thirst_1.png,/Game/uiresources/_shared/assets/ico_ui_art_passives/Siren/ico_passive_siren_gravy_drain.ico_passive_siren_gravy_drain
254,Char_DarkSiren,Vex,Grave Vitality,悲冥活力,Жизнь из смерти,Grabesvitalität,[secondary]Kill Skill.[/secondary] [primary]Vex[/primary] gains increased [secondary]Maximum Health Capacity[/secondary] and [secondary]Health Regeneration[/secondary].,[secondary]杀戮技能。[/secondary]提升[primary]维克丝[/primary]的[secondary]最大生命值容量[/secondary]和[secondary]生命值恢复[/secondary]。,[secondary]Навык убийства[/secondary]. У [primary]Векс[/primary] повышается [secondary]максимальный уровень здоровья[/secondary] и [secondary]восстановление здоровья[/secondary].,[secondary]Kill-Skill.[/secondary] [primary]Vex[/primary] erhält erhöhte [secondary]maximale Gesundheitskapazität[/secondary] und [secondary]Gesundheitsregeneration[/secondary].,passive,236,299,362,425,488,254:Progress_DS_Branch_Death_03:Branch - Row 1 - 1,green,Vexcalation,愤怒升级,Векскалация,Vexkalation,Progress_DS_Branch_Death_03,Branch - Row 1 - 1,SkillDef_DS_P_GraveVitality,ToolTip_DS_P_GraveVitality,grave_vitality_1.png,/Game/uiresources/_shared/assets/ico_ui_art_passives/Siren/ico_passive_siren_grave_vitality.ico_passive_siren_grave_vitality
254,Char_DarkSiren,Vex,Guns and Needles,枪与针,Мурашки от пуль,Waffen und Nadeln,[secondary]Kill Skill.[/secondary] Restores [secondary]Repkit Cooldown[/secondary].,[secondary]杀戮技能。[/secondary]恢复[secondary]修复套件冷却时间[/secondary]。,[secondary]Навык убийства[/secondary]. [secondary]Время восстановления ремкомплекта[/secondary] уменьшается.,[secondary]Kill-Skill.[/secondary] Stellt [secondary]Reparaturkit-Abklingzeit[/secondary] wieder her.,passive,205,173,141,109,77,254:Progress_DS_Trunk_Death:Trunk - Row 1 - 1,green,Vexcalation,愤怒升级,Векскалация,Vexkalation,Progress_DS_Trunk_Death,Trunk - Row 1 - 1,,ToolTip_DS_P_GunsAndNeedles,guns_and_needles_1.png,/Game/uiresources/_shared/assets/ico_ui_art_passives/Siren/ico_passive_siren_guns_and_needles.ico_passive_siren_guns_and_needles
254,Char_DarkSiren,Vex,Haruspex,占卜僧人,Гаруспик,,[secondary]Melee Override.[/secondary] [primary]Vex[/primary] now throws a [primary]Phase Dagger[/primary] from her [secondary]offhand[/secondary] that deals [secondary]Melee Damage[/secondary] to enemies hit. [primary]Phase Daggers[/primary] can [secondary]Critically Hit[/secondary].[newline][newline][secondary]Kill Skill.[/secondary] [primary]Haruspex's[/primary] [secondary]Cooldown[/secondary] is [secondary]reset[/secondary].,[secondary]近战替换。[/secondary][primary]维克丝[/primary]现在会用其[secondary]副手[/secondary]投掷一把[primary]相位匕首[/primary]，命中敌人时造成[secondary]近战伤害[/secondary]。[primary]相位匕首[/primary]可以[secondary]暴击[/secondary]。[newline][newline][secondary]杀戮技能。[/secondary][primary]占卜僧人的[/primary][secondary]冷却时间[/secondary]将[secondary]重置[/secondary]。,"[secondary]Навык ближнего боя[/secondary]. [secondary]Свободной рукой[/secondary] [primary]Векс[/primary] бросает [primary]фазовый клинок[/primary], который наносит [secondary]урон в ближнем бою[/secondary] врагам, в которых попадает. [primary]Фазовые клинки[/primary] могут давать [secondary]критические попадания[/secondary].[newline][newline][secondary]Навык убийства.[/secondary] [secondary]Время восстановления[/secondary] [primary]""Гаруспика""[/primary] [secondary]обнуляется[/secondary].","[secondary]Nahkampf-Override.[/secondary] [primary]Vex[/primary] wirft jetzt einen [primary]Phasendolch[/primary] mit ihrer [secondary]Nebenhand[/secondary], der getroffenen Feinden [secondary]Nahkampfschaden[/secondary] zufügt. [primary]Phasendolche[/primary] können [secondary]kritische Treffer[/secondary] sein.[newline][newline][secondary]Kill-Skill.[/secondary] Die [secondary]Abklingzeit[/secondary] von [primary]Haruspex[/primary] wird [secondary]zurückgesetzt[/secondary].",passive,275,338,401,464,527,254:Progress_DS_Branch_Duplicate_02:Branch - Row 2 - 3,blue,The Fourth Seal,第四封印,Четвертая печать,Das Vierte Siegel,Progress_DS_Branch_Duplicate_02,Branch - Row 2 - 3,SkillDef_DS_P_PhaseDagger,tooltip_ds_p_phasedagger,haruspex_1.png,/Game/uiresources/_shared/assets/ico_ui_art_passives/Siren/ico_passive_siren_phase_dagger.ico_passive_siren_phase_dagger
254,Char_DarkSiren,Vex,Hasty Fiends,急躁恶魔,Торопливые демоны,Eilige Freunde,[primary]Vex[/primary] and her [primary]Minion(s)[/primary] gain increased [secondary]Movement Speed[/secondary] and [secondary]Damage Reduction[/secondary].,提升[primary]维克丝[/primary]及其[primary]仆从[/primary]的[secondary]移动速度[/secondary]和[secondary]伤害减免[/secondary]。,[secondary]Скорость перемещения[/secondary] и [secondary]уменьшение урона[/secondary] [primary]Векс[/primary] и ее [primary]приспешника(ов)[/primary] увеличивается.,[primary]Vex[/primary] erhält samt [primary]Gefährten[/primary] erhöhte [secondary]Bewegungsgeschwindigkeit[/secondary] und [secondary]Schadensreduktion[/secondary].,passive,212,180,148,116,84,254:Progress_DS_Trunk_Domination:Trunk - Row 1 - 5,red,Here Comes Trouble,麻烦来了,А вот и замес,Jetzt gibt's Rabatz,Progress_DS_Trunk_Domination,Trunk - Row 1 - 5,,ToolTip_DS_P_PhasePlating,hasty_fiends_1.png,/Game/uiresources/_shared/assets/ico_ui_art_passives/Siren/ico_passive_siren_tempering.ico_passive_siren_tempering
254,Char_DarkSiren,Vex,Havoc,末日浩劫,Пагуба,Chaos,[primary]Vex[/primary] gains increased [nowrap][radiation_icon][radiation]Radiation[/radiation][/nowrap][radiation] Damage[/radiation] and [nowrap][radiation_icon][radiation]Radiation[/radiation][/nowrap][radiation] Status Effect Damage[/radiation].,提升[primary]维克丝[/primary]的[nowrap][radiation_icon][radiation]辐射[/radiation][/nowrap][radiation]伤害[/radiation]和[nowrap][radiation_icon][radiation]辐射[/radiation][/nowrap][radiation]状态效果伤害[/radiation]。,[primary]Векс[/primary] наносит повышенный [nowrap][radiation_icon][radiation]урон[/radiation][/nowrap][radiation] от радиации[/radiation] и [nowrap][radiation_icon][radiation]временной[/radiation][/nowrap][radiation] стихийный урон от радиации[/radiation].,[primary]Vex[/primary] erhält erhöhten [nowrap][radiation_icon][radiation]Strahlungsschaden[/radiation][/nowrap] und [nowrap][radiation_icon][radiation]Strahlungs[/radiation][/nowrap]-[radiation]Statuseffekt-Schaden[/radiation].,passive,227,290,353,416,479,254:Progress_DS_Branch_Death_01:Branch - Row 3 - 1,green,Vexcalation,愤怒升级,Векскалация,Vexkalation,Progress_DS_Branch_Death_01,Branch - Row 3 - 1,SkillDef_DS_P_RadiatingInfluence,ToolTip_DS_P_RadiatingInfluence,havoc_1.png,/Game/uiresources/_shared/assets/ico_ui_art_passives/Siren/ico_passive_siren_radiating_influence.ico_passive_siren_radiating_influence
254,Char_DarkSiren,Vex,Icy Attunement,寒冰调和,Ледяная гармоничность,Eis-Einstimmung,"[primary]Attunement Kill Skill.[/primary]While [primary]Vex[/primary] is [primary]Attuned[/primary] to [newline][nowrap][cryo_icon][cryo]Cryo[/cryo][/nowrap], killing an enemy restores [secondary]Ammo[/secondary] and [secondary]Ordnance Cooldown[/secondary].[newline][newline]Effects persist for a [secondary]Duration[/secondary] after [primary]Attunement[/primary] is switched.",[primary]调和杀戮技能。[/primary]当[primary]维克丝[/primary][primary]调和[/primary]至[newline][nowrap][cryo_icon][cryo]冰冻[/cryo][/nowrap]时，击杀敌人会恢复[secondary]弹药[/secondary]和[secondary]炮械冷却时间[/secondary]。[newline][newline]切换[primary]调和[/primary]后效果会持续[secondary]一段时间[/secondary]。,"[primary]Навык убийства и гармоничности.[/primary] Когда [primary]Векс[/primary] [primary]настраивается[/primary] на [nowrap][cryo_icon][cryo]стихию холода[/cryo][/nowrap], убийство врага восстанавливает [secondary]боеприпасы[/secondary] и сокращает [secondary]время восстановления снарядов[/secondary].[newline][newline]Эффект [secondary]некоторое время[/secondary] сохраняется после смены [primary]гармоничности[/primary].","[primary]Einstimmungs-Kill-Skill.[/primary] Während [primary]Vex[/primary] auf [newline][nowrap][cryo_icon][cryo]Kryo[/cryo][/nowrap] [primary]eingestimmt[/primary] ist, stellt das Töten eines Feindes [secondary]Munition[/secondary] und [secondary]Kampfmittel-Abklingzeit[/secondary] wieder her.[newline][newline]Die Effekte dauern [secondary]vorübergehend[/secondary] nach dem Wechsel der [primary]Einstimmung[/primary] an.",passive,243,306,369,432,495,254:Progress_DS_Branch_Domination_01:Branch - Row 1 - 1,red,Here Comes Trouble,麻烦来了,А вот и замес,Jetzt gibt's Rabatz,Progress_DS_Branch_Domination_01,Branch - Row 1 - 1,SkillDef_DS_P_CryonicAttunement,ToolTip_DS_P_CryonicAttunement,icy_attunement_1.png,/Game/uiresources/_shared/assets/ico_ui_art_passives/Siren/ico_passive_siren_cryo_attunement.ico_passive_siren_cryo_attunement
254,Char_DarkSiren,Vex,Idle Hands,空闲之手,Праздные руки,Untätige Hände,[primary]Vex[/primary] and her [primary]Minion(s)[/primary] gain [secondary]Reload Speed[/secondary] based on the fullness of her [secondary]Health[/secondary].,[primary]维克丝[/primary]及其[primary]仆从[/primary]根据她的[secondary]生命值[/secondary]百分比获得[secondary]装填速度[/secondary]。,[secondary]Скорость перезарядки[/secondary] [primary]Векс[/primary] и ее [primary]приспешника(ов)[/primary] повышается в зависимости от степени ее [secondary]здоровья[/secondary].,[primary]Vex[/primary] erhält samt [primary]Gefährten[/primary] [secondary]Nachladegeschwindigkeit[/secondary] basierend auf der Fülle ihrer [secondary]Gesundheit[/secondary].,passive,193,161,129,97,65,254:Progress_DS_Trunk_Duplicate:Trunk - Row 1 - 2,blue,The Fourth Seal,第四封印,Четвертая печать,Das Vierte Siegel,Progress_DS_Trunk_Duplicate,Trunk - Row 1 - 2,,ToolTip_DS_P_DeadHands,idle_hands_1.png,/Game/uiresources/_shared/assets/ico_ui_art_passives/Siren/ico_passive_siren_undead_hands.ico_passive_siren_undead_hands
254,Char_DarkSiren,Vex,Infernal Sum,炼狱汇聚,Потусторонняя арифметика,Höllische Summe,[primary]Vex[/primary] and her [primary]Minion(s)[/primary] deals increased [secondary]Critical Hit Damage[/secondary] to enemies who have less than [secondary]66.6%[/secondary] of their [secondary]Health[/secondary].,[primary]维克丝[/primary]及其[primary]仆从[/primary]对[secondary]生命值[/secondary]低于[secondary]66.6%[/secondary]的敌人造成更高[secondary]暴击伤害[/secondary]。,"[primary]Векс[/primary] и ее [primary]приспешник(и)[/primary] наносят повышенный [secondary]критический урон[/secondary] врагам, у которых менее [secondary]66,6%[/secondary] [secondary]здоровья[/secondary].","[primary]Vex[/primary] verursacht samt [primary]Gefährten[/primary] erhöhten [secondary]kritischen Trefferschaden[/secondary] bei Feinden mit weniger als [secondary]66,6%[/secondary] ihrer [secondary]Gesundheit[/secondary].",passive,252,315,378,441,504,254:Progress_DS_Branch_Domination_02:Branch - Row 2 - 1,red,Here Comes Trouble,麻烦来了,А вот и замес,Jetzt gibt's Rabatz,Progress_DS_Branch_Domination_02,Branch - Row 2 - 1,SkillDef_DS_P_TheReaping,ToolTip_DS_P_TheReaping,infernal_sum_1.png,/Game/uiresources/_shared/assets/ico_ui_art_passives/Siren/ico_passive_siren_the_reaping.ico_passive_siren_the_reaping
254,Char_DarkSiren,Vex,Infusion,灌注,Сплав,,"When [primary]Vex[/primary] uses a [secondary]Repkit[/secondary], she and her [primary]Minion(s)[/primary] gain [secondary]Bonus Damage[/secondary] with [secondary]Guns[/secondary] and [secondary]Melee Damage[/secondary] for a [secondary]Duration[/secondary].[newline][newline]The [secondary]Bonus Damage's Elemental Type[/secondary] is based on [primary]Vex's[/primary] current [primary]Attunement[/primary].",当[primary]维克丝[/primary]使用[secondary]修复套件[/secondary]时，她及其[primary]仆从[/primary]会在[secondary]一段时间[/secondary]内获得[secondary]枪械[/secondary]和[secondary]近战伤害[/secondary]的[secondary]加成伤害[/secondary]。[newline][newline][secondary]加成伤害元素类型[/secondary]将根据[primary]维克丝[/primary]当前[primary]调和[/primary]而定。,При использовании [secondary]ремкомплекта[/secondary] [primary]Векс[/primary] и ее [primary]приспешник(и)[/primary] в течение [secondary]времени действия[/secondary] наносят [secondary]дополнительный урон[/secondary] от [secondary]стрельбы[/secondary] и [secondary]в ближнем бою[/secondary].[newline][newline][secondary]Тип стихии дополнительного урона[/secondary] зависит от текущей [secondary]гармоничности[/secondary] [primary]Векс[/primary].,"Wenn [primary]Vex[/primary] ein [secondary]Reparaturkit[/secondary] benutzt, erhält sie samt [primary]Gefährten[/primary] [secondary]vorübergehend[/secondary] [secondary]Bonusschaden[/secondary] bei [secondary]Schusswaffen[/secondary] und [secondary]Nahkampfschaden[/secondary].[newline][newline]Der [secondary]Bonusschaden-Elementartyp[/secondary] basiert auf [primary]Vex'[/primary] aktueller [primary]Einstimmung[/primary]. ",passive,261,324,387,450,513,254:Progress_DS_Branch_Domination_03:Branch - Row 2 - 3,red,Here Comes Trouble,麻烦来了,А вот и замес,Jetzt gibt's Rabatz,Progress_DS_Branch_Domination_03,Branch - Row 2 - 3,SkillDef_DS_P_RunicMedicine,ToolTip_DS_P_RunicMedicine,infusion_1.png,/Game/uiresources/_shared/assets/ico_ui_art_passives/Siren/ico_passive_siren_runic_medicine.ico_passive_siren_runic_medicine
254,Char_DarkSiren,Vex,Keen Fiends,敏锐恶魔,Жадные демоны,Eifrige Monster,[primary]Minion Damage[/primary] gains [secondary]Critical Hit Chance[/secondary] against any part of enemies.,[primary]仆从伤害[/primary]获得针对敌人任意部位的[secondary]暴击率[/secondary]。,[primary]Урон от приспешников[/primary] может быть [secondary]критическим[/secondary] в любую часть тела врага.,[primary]Gefährtenschaden[/primary] erhält eine [secondary]kritische Trefferchance[/secondary] gegen alle Teile von Feinden.,passive,251,314,377,440,503,254:Progress_DS_Branch_Domination_02:Branch - Row 1 - 3,red,Here Comes Trouble,麻烦来了,А вот и замес,Jetzt gibt's Rabatz,Progress_DS_Branch_Domination_02,Branch - Row 1 - 3,SkillDef_DS_P_KeenFiends,ToolTip_DS_P_KeenFiends,keen_fiends_1.png,/Game/uiresources/_shared/assets/ico_ui_art_passives/Siren/ico_passive_siren_keen_fiends.ico_passive_siren_keen_fiends
254,Char_DarkSiren,Vex,Keen Mind,敏锐思维,Острый ум,Scharfer Verstand,[primary]Vex's[/primary] [secondary]Skill Damage[/secondary] gains [secondary]Critical Hit Chance[/secondary] against any part of enemies.,[primary]维克丝[/primary]的[secondary]技能伤害[/secondary]获得针对敌人任意部位的[secondary]暴击率[/secondary]。,[secondary]Урон от навыков[/secondary] [primary]Векс[/primary] может быть [secondary]критическим[/secondary] при попадании в любую часть тела врага.,[primary]Vex'[/primary] [secondary]Skill-Schaden[/secondary] erhält eine [secondary]kritische Trefferchance[/secondary] gegen alle Teile von Feinden.,passive,230,293,356,419,482,254:Progress_DS_Branch_Death_02:Branch - Row 1 - 3,green,Vexcalation,愤怒升级,Векскалация,Vexkalation,Progress_DS_Branch_Death_02,Branch - Row 1 - 3,SkillDef_DS_P_VorpalMind,ToolTip_DS_P_VorpalMind,keen_mind_1.png,/Game/uiresources/_shared/assets/ico_ui_art_passives/Siren/ico_passive_siren_keen_mind.ico_passive_siren_keen_mind
254,Char_DarkSiren,Vex,Keen Suffering,敏锐痛楚,Невыносимое страдание,Heftiges Leid,[secondary]Status Effect Damage[/secondary] gains a chance to [secondary]Critically Hit[/secondary].,[secondary]状态效果伤害[/secondary]有几率[secondary]暴击[/secondary]。,[secondary]Временной стихийный урон[/secondary] может быть [secondary]критическим[/secondary].,[secondary]Statuseffekt-Schaden[/secondary] erhält eine Chance auf [secondary]kritische Treffer[/secondary].,passive,266,329,392,455,518,254:Progress_DS_Branch_Duplicate_01:Branch - Row 2 - 1,blue,The Fourth Seal,第四封印,Четвертая печать,Das Vierte Siegel,Progress_DS_Branch_Duplicate_01,Branch - Row 2 - 1,SkillDef_DS_P_CriticalSuffering,ToolTip_DS_P_CriticalSuffering,keen_suffering_1.png,/Game/uiresources/_shared/assets/ico_ui_art_passives/Siren/ico_passive_siren_critical_suffering.ico_passive_siren_critical_suffering
254,Char_DarkSiren,Vex,Leeching Attunement,吸血调和,Гармоничность оттока,Aussaugende Einstimmung,"[primary]Attunement Skill.[/primary]While [primary]Vex[/primary] is [primary]Attuned[/primary] to [nowrap][kinetic_icon][kinetic]Kinetic[/kinetic][/nowrap], she gains [secondary]Lifesteal[/secondary] and increased [secondary]Reload Speed[/secondary].[newline][newline]These effects persist for a [secondary]Duration[/secondary] after [primary]Attunement[/primary] is switched.",[primary]调和技能[/primary]。当[primary]维克丝[/primary][primary]调和[/primary]至[nowrap][kinetic_icon][kinetic]动能[/kinetic][/nowrap]时，其将获得[secondary]吸血[/secondary]并提升[secondary]装填速度[/secondary]。[newline][newline]切换[primary]调和[/primary]后此效果会持续[secondary]一段时间[/secondary]。,"[primary]Навык гармоничности.[/primary] Когда [primary]Векс[/primary] [primary]настраивается[/primary] на [nowrap][kinetic_icon][kinetic]кинетику[/kinetic][/nowrap], она получает [secondary]кражу здоровья[/secondary] и повышенную [secondary]скорость перезарядки[/secondary].[newline][newline]Эффекты сохраняются в течение [secondary]времени действия[/secondary] после смены [primary]гармоничности[/primary].","[primary]Einstimmungs-Skill.[/primary]Während [primary]Vex[/primary] auf [nowrap][kinetic_icon][kinetic]Kinetik[/kinetic][/nowrap] [primary]eingestimmt[/primary] ist, erhält sie [secondary]Lebensraub[/secondary] und erhöhte [secondary]Nachladegeschwindigkeit[/secondary].[newline][newline]Diese Effekte dauern [secondary]vorübergehend[/secondary] nach dem Wechsel der [primary]Einstimmung[/primary] an.",passive,204,172,140,108,76,254:Progress_DS_Trunk_Death:Trunk - Row 1 - 3,green,Vexcalation,愤怒升级,Векскалация,Vexkalation,Progress_DS_Trunk_Death,Trunk - Row 1 - 3,,ToolTip_DS_P_DrainingAttunement,leeching_attunement_1.png,/Game/uiresources/_shared/assets/ico_ui_art_passives/Siren/ico_passive_siren_draining_attunement.ico_passive_siren_draining_attunement
254,Char_DarkSiren,Vex,Material Components,材料成分,Материальные компоненты,Materialkomponenten,[primary]Vex[/primary] gains increased [nowrap][kinetic_icon][kinetic]Kinetic[/kinetic][/nowrap][kinetic] Damage[/kinetic] and [nowrap][kinetic_icon][kinetic]Kinetic[/kinetic][/nowrap][kinetic]Status Effect Damage[/kinetic].,提升[primary]维克丝[/primary]的[nowrap][kinetic_icon][kinetic]动能[/kinetic][/nowrap][kinetic]伤害[/kinetic]和[nowrap][kinetic_icon][kinetic]动能[/kinetic][/nowrap][kinetic]状态效果伤害[/kinetic]。,[primary]Векс[/primary] наносит повышенный [nowrap][kinetic_icon][kinetic]кинетический[/kinetic][/nowrap][kinetic] урон[/kinetic] и [nowrap][kinetic_icon][kinetic]кинетический[/kinetic][/nowrap][kinetic] временной стихийный урон[/kinetic].,[primary]Vex[/primary] erhält erhöhten [nowrap][kinetic_icon][kinetic]Kinetikschaden[/kinetic][/nowrap] und [nowrap][kinetic_icon][kinetic]Kinetik[/kinetic][/nowrap]-[kinetic]Statuseffekt-Schaden[/kinetic].,passive,50,49,48,47,46,254:Progress_DS_Trunk_Death:Trunk - Row 3 - 3,green,Vexcalation,愤怒升级,Векскалация,Vexkalation,Progress_DS_Trunk_Death,Trunk - Row 3 - 3,,ToolTip_DS_P_KineticInfluence,material_components_1.png,/Game/uiresources/_shared/assets/ico_ui_art_passives/Siren/ico_passive_siren_kinetic_influence.ico_passive_siren_kinetic_influence
254,Char_DarkSiren,Vex,Mortal Terror,致命恐惧,Смертный ужас,Todesangst,Chance to [secondary]Activate Kill Skills[/secondary] when [secondary]Critically Hitting[/secondary] enemies.,[secondary]暴击[/secondary]敌人时有几率[secondary]发动杀戮技能[/secondary]。,Шанс [secondary]активации навыков убийства[/secondary] при [secondary]критическом попадании[/secondary] по врагу.,"Chance, [secondary]Kill-Skills[/secondary] durch [secondary]kritische Treffer[/secondary] auf Feinde zu aktivieren.",passive,232,295,358,421,484,254:Progress_DS_Branch_Death_02:Branch - Row 2 - 2,green,Vexcalation,愤怒升级,Векскалация,Vexkalation,Progress_DS_Branch_Death_02,Branch - Row 2 - 2,SkillDef_DS_P_Extra,ToolTip_DS_P_Extra,mortal_terror_1.png,/Game/uiresources/_shared/assets/ico_ui_art_passives/Siren/ico_passive_siren_extra.ico_passive_siren_extra
254,Char_DarkSiren,Vex,Mourning,哀悼,Траур,Trauer,[primary]Vex's[/primary] [secondary]Kill Skills[/secondary] gain increased [secondary]Effectiveness[/secondary].,提升[primary]维克丝[/primary][secondary]杀戮技能[/secondary]的[secondary]效率[/secondary]。,[secondary]Эффективность[/secondary] [secondary]навыка убийства[/secondary] [primary]Векс[/primary] увеличена.,[primary]Vex'[/primary] [secondary]Kill-Skills[/secondary] erhalten erhöhte [secondary]Effektivität[/secondary].,passive,209,177,145,113,81,254:Progress_DS_Trunk_Domination:Trunk - Row 3 - 1,red,Here Comes Trouble,麻烦来了,А вот и замес,Jetzt gibt's Rabatz,Progress_DS_Trunk_Domination,Trunk - Row 3 - 1,,ToolTip_DS_P_PhaseHarvest,mourning_1.png,/Game/uiresources/_shared/assets/ico_ui_art_passives/Siren/ico_passive_siren_phase_harvest.ico_passive_siren_phase_harvest
254,Char_DarkSiren,Vex,Necrosis,死灵术,Некроз,Nekrose,[primary]Vex[/primary] gains increased [nowrap][corrosive_icon][corrosive]Corrosive[/corrosive][/nowrap][corrosive]Damage[/corrosive] and [nowrap][corrosive_icon][corrosive]Corrosive[/corrosive][/nowrap][corrosive]Status Effect Damage[/corrosive].,提升[primary]维克丝[/primary]的[nowrap][corrosive_icon][corrosive]腐蚀[/corrosive][/nowrap][corrosive]伤害[/corrosive]和[nowrap][corrosive_icon][corrosive]腐蚀[/corrosive][/nowrap][corrosive]状态效果伤害[/corrosive]。,[primary]Векс[/primary] наносит повышенный [nowrap][corrosive_icon][corrosive]урон[/corrosive][/nowrap][corrosive] от коррозии[/corrosive] и [nowrap][corrosive_icon][corrosive]временной[/corrosive][/nowrap][corrosive] стихийный урон от коррозии[/corrosive].,[primary]Vex[/primary] erhält erhöhten [nowrap][corrosive_icon][corrosive]Korrosionsschaden[/corrosive][/nowrap] und [nowrap][corrosive_icon][corrosive]Korrosions[/corrosive][/nowrap]-[corrosive]Statuseffekt-Schaden[/corrosive].,passive,269,332,395,458,521,254:Progress_DS_Branch_Duplicate_01:Branch - Row 3 - 1,blue,The Fourth Seal,第四封印,Четвертая печать,Das Vierte Siegel,Progress_DS_Branch_Duplicate_01,Branch - Row 3 - 1,SkillDef_DS_P_CorrodingInfluence,ToolTip_DS_P_CorrodingInfluence,necrosis_1.png,/Game/uiresources/_shared/assets/ico_ui_art_passives/Siren/ico_passive_siren_corroding_influence.ico_passive_siren_corroding_influence
254,Char_DarkSiren,Vex,Obedient Fiends,顺从恶魔,Послушные демоны,Gehorsame Monster,[primary]Vex[/primary] gains increased [primary]Minion Damage[/primary].[newline][newline][primary]Minion Skills[/primary] and [primary]Command Skills[/primary] gain further increased [secondary]Damage[/secondary].,提升[primary]维克丝[/primary]的[primary]仆从伤害[/primary]。[newline][newline]同时进一步提升[primary]仆从技能[/primary]和[primary]命令技能[/primary]的[secondary]伤害[/secondary]。,[primary]Приспешники[/primary] [primary]Векс[/primary] наносят повышенный урон.[newline][newline][primary]Навыки приспешников[/primary] и [primary]навыки приказа[/primary] также наносят повышенный [secondary]урон[/secondary].,[primary]Vex[/primary] erhält erhöhten [primary]Gefährtenschaden[/primary].[newline][newline][primary]Gefährten-Skills[/primary] und [primary]Kommando-Skills[/primary] erhalten noch höheren [secondary]Schaden[/secondary].,passive,279,342,405,468,531,254:Progress_DS_Branch_Duplicate_03:Branch - Row 1 - 3,blue,The Fourth Seal,第四封印,Четвертая печать,Das Vierte Siegel,Progress_DS_Branch_Duplicate_03,Branch - Row 1 - 3,SkillDef_DS_P_CommandingAttunement,ToolTip_DS_P_CommandingAttunement,obedient_fiends_1.png,/Game/uiresources/_shared/assets/ico_ui_art_passives/Siren/ico_passive_siren_commanding_influence.ico_passive_siren_commanding_influence
254,Char_DarkSiren,Vex,Overheal,超能治疗,Суперлечение,Überheilung,"While [primary]Vex[/primary] has [secondary]Overshield[/secondary], she and her [primary]Minion(s)[/primary] gain [secondary]Health Regeneration[/secondary].",当[primary]维克丝[/primary]拥有[secondary]超强护盾[/secondary]时，自身及其[primary]仆从[/primary]获得[secondary]生命值恢复[/secondary]。,"Когда [primary]Векс[/primary] использует [secondary]суперщит[/secondary], ее здоровье и здоровье ее [primary]приспешника(ов)[/primary] [secondary]восстанавливается[/secondary].","Während [primary]Vex[/primary] [secondary]Überschild[/secondary] hat, erhält sie samt [primary]Gefährten[/primary] [secondary]Gesundheitsregeneration[/secondary].",passive,208,176,144,112,80,254:Progress_DS_Trunk_Domination:Trunk - Row 3 - 3,red,Here Comes Trouble,麻烦来了,А вот и замес,Jetzt gibt's Rabatz,Progress_DS_Trunk_Domination,Trunk - Row 3 - 3,,ToolTip_DS_P_Overseer,overheal_1.png,/Game/uiresources/_shared/assets/ico_ui_art_passives/Siren/ico_passive_siren_overseer.ico_passive_siren_overseer
254,Char_DarkSiren,Vex,Overprotective,极致保护,Гиперопека,Überfürsorglich,[secondary]Kill Skill.[/secondary] [primary]Vex[/primary] and her [primary]Minion(s)[/primary] gain [secondary]Overshield[/secondary].[newline][newline][flavor]My bebes![/flavor],[secondary]杀戮技能。[/secondary][primary]维克丝[/primary]及其[primary]仆从[/primary]获得[secondary]超强护盾[/secondary]。[newline][newline][flavor]我的宝贝们！[/flavor],[secondary]Навык убийства.[/secondary] [primary]Векс[/primary] и ее [primary]приспешник(и)[/primary] получают [secondary]суперщит[/secondary].[newline][newline][flavor]Детишечки мои![/flavor],[secondary]Kill-Skill.[/secondary] [secondary]Überschild[/secondary] für [primary]Vex[/primary] samt [primary]Gefährten[/primary].[newline][newline][flavor]Meine Babys![/flavor],passive,211,179,147,115,83,254:Progress_DS_Trunk_Domination:Trunk - Row 2 - 3,red,Here Comes Trouble,麻烦来了,А вот и замес,Jetzt gibt's Rabatz,Progress_DS_Trunk_Domination,Trunk - Row 2 - 3,,ToolTip_DS_P_Overprotective,overprotective_1.png,/Game/uiresources/_shared/assets/ico_ui_art_passives/Siren/ico_passive_siren_overprotective.ico_passive_siren_overprotective
254,Char_DarkSiren,Vex,Overspirited,亢奋爆发,Повышенная духовность,Übergeistert,[secondary]Kill Skill.[/secondary] Killing an enemy with [secondary]Ordnance Damage[/secondary] or an [secondary]Action Skill[/secondary] will spawn an [primary]Explosive Remnant[/primary] that deals [nowrap][cryo_icon][cryo]Cryo[/cryo][/nowrap][cryo]Minion Ordnance Damage[/cryo] to nearby enemies. [primary]Explosive Remnant[/primary] gains increased [secondary]Damage[/secondary] based on [secondary]Overkill Damage[/secondary].,[secondary]杀戮技能。[/secondary]使用[secondary]炮械伤害[/secondary]或[secondary]主动技能[/secondary]击杀敌人将生成[primary]爆炸骸灵[/primary]，对附近敌人造成[nowrap][cryo_icon][cryo]冰冻[/cryo][/nowrap][cryo]仆从炮械伤害[/cryo]。[primary]爆炸骸灵[/primary]会根据[secondary]超杀伤害[/secondary]造成更高[secondary]伤害[/secondary]。,"[secondary]Навык убийства[/secondary]. При убийстве врага с помощью [secondary]урона от снарядов[/secondary] или [secondary]активного навыка[/secondary] появляется [primary]взрывной отзвук[/primary], который наносит [nowrap][cryo_icon][cryo]урон[/cryo][/nowrap][cryo] от ледяных снарядов приспешников[/cryo] врагам поблизости. [primary]Взрывной отзвук[/primary] наносит повышенный [secondary]урон[/secondary], равный части урона от [secondary]массовых убийств[/secondary].","[secondary]Kill-Skill.[/secondary] Einen Feind mit [secondary]Kampfmittel-Schaden[/secondary] oder einem [secondary]Action-Skill[/secondary] auszuschalten, spawnt ein [primary]explosives Überbleibsel[/primary], das bei Feinden in der Nähe [nowrap][cryo_icon][cryo]Kryo[/cryo][/nowrap]-[cryo]Gefährten-Kampfmittel-Schaden[/cryo] verursacht. [primary]Explosives Überbleibsel[/primary] erhält erhöhten [secondary]Schaden[/secondary] basierend auf dem [secondary]Overkill[/secondary]-Schaden.",passive,245,308,371,434,497,254:Progress_DS_Branch_Domination_01:Branch - Row 2 - 1,red,Here Comes Trouble,麻烦来了,А вот и замес,Jetzt gibt's Rabatz,Progress_DS_Branch_Domination_01,Branch - Row 2 - 1,SkillDef_DS_P_Overspirited,ToolTip_DS_P_Overspirited,overspirited_1.png,/Game/uiresources/_shared/assets/ico_ui_art_passives/Siren/ico_passive_siren_shard_remnant.ico_passive_siren_shard_remnant
254,Char_DarkSiren,Vex,Phase Pocket,相位口袋,Фазовый сгусток,Phasentasche,[primary]Vex[/primary] gains increased [secondary]Magazine Size[/secondary] and [secondary]Gun Switch Speed[/secondary].[newline][newline][secondary]Double[/secondary] this effect when an [secondary]Action Skill[/secondary] is active.,提升[primary]维克丝[/primary]的[secondary]弹匣容量[/secondary]和[secondary]枪械切换速度[/secondary]。[newline][newline]发动[secondary]主动技能[/secondary]时，此效果[secondary]加倍[/secondary]。,"Увеличена [secondary]емкость магазина[/secondary] и [secondary]скорость смены пушек[/secondary] [primary]Векс[/primary].[newline][newline]Когда запущен [secondary]активный навык[/secondary], этот эффект [secondary]удваивается[/secondary].","[primary]Vex[/primary] erhält erhöhte [secondary]Magazingröße[/secondary] und [secondary]Schusswaffenwechsel-Geschwindigkeit[/secondary].[newline][newline]Dieser Effekt wird [secondary]verdoppelt[/secondary], wenn ein [secondary]Action-Skill[/secondary] aktiv ist.",passive,231,294,357,420,483,254:Progress_DS_Branch_Death_02:Branch - Row 2 - 1,green,Vexcalation,愤怒升级,Векскалация,Vexkalation,Progress_DS_Branch_Death_02,Branch - Row 2 - 1,SkillDef_DS_P_PhasePocket,ToolTip_DS_P_PhasePocket,phase_pocket_1.png,/Game/uiresources/_shared/assets/ico_ui_art_passives/Siren/ico_passive_siren_phase_pocket.ico_passive_siren_phase_pocket
254,Char_DarkSiren,Vex,Pincushion,针垫,Игольница,Nadelkissen,[primary]Haruspex[/primary] now throws [primary] 5 Phase Daggers[/primary] from [secondary]both hands[/secondary] in a [secondary]fan pattern[/secondary]. The [primary]Phase Daggers[/primary] deal [secondary]Reduced Damage[/secondary] and killing an enemy now [secondary]only refunds[/secondary] 33% of [primary]Haruspex's[/primary] [secondary]Cooldown[/secondary].,[primary]占卜僧人[/primary]现在会用[secondary]双手[/secondary]以[secondary]扇形[/secondary]范围投掷[primary]5把相位匕首[/primary]。[primary]相位匕首[/primary]造成的[secondary]伤害降低[/secondary]，击杀敌人时[secondary]仅返还[/secondary]33%的[primary]占卜僧人[/primary][secondary]冷却时间[/secondary]。,"[primary]Гаруспик[/primary] теперь может бросать [primary]5 фазовых клинков[/primary] [secondary]конусом[/secondary] с [secondary]двух рук[/secondary].[primary]Фазовые клинки[/primary] наносят [secondary]пониженный урон[/secondary], а убийство врага теперь [secondary]восстанавливает[/secondary] 33% [secondary]времени восстановления[/secondary] [primary]""Гаруспика""[/primary].","[primary]Haruspex[/primary] wirft jetzt [primary]5 Phasendolche[/primary] mit [secondary]beiden Händen[/secondary] in einem [secondary]Fächermuster[/secondary]. Die [primary]Phasendolche[/primary] bewirken [secondary]reduzierten Schaden[/secondary] und einen Feind zu töten, [secondary]erstattet[/secondary] jetzt nur 33% der [secondary]Abklingzeit[/secondary] von [primary]Haruspex[/primary].",passive,277,340,403,466,529,254:Progress_DS_Branch_Duplicate_02:Branch - Row 3 - 3,blue,The Fourth Seal,第四封印,Четвертая печать,Das Vierte Siegel,Progress_DS_Branch_Duplicate_02,Branch - Row 3 - 3,SkillDef_DS_P_PhaseDagger,ToolTip_DS_P_Volley,pincushion_1.png,/Game/uiresources/_shared/assets/ico_ui_art_passives/Siren/ico_passive_siren_volley.ico_passive_siren_volley
254,Char_DarkSiren,Vex,Portents of Suffering,苦难预兆,Предвестники страдания,Omen des Leids,[primary]Vex[/primary] and her [primary]Minion(s)[/primary] gain increased [secondary]Status Effect Damage[/secondary].,提升[primary]维克丝[/primary]及其[primary]仆从[/primary]的[secondary]状态效果伤害[/secondary]。,[primary]Векс[/primary] и ее [primary]приспешник(и)[/primary] наносят повышенный [secondary]временной стихийный урон[/secondary].,Erhöhter [secondary]Statuseffekt-Schaden[/secondary] für [primary]Vex[/primary] samt [primary]Gefährten[/primary].,passive,189,157,125,93,61,254:Progress_DS_Trunk_Duplicate:Trunk - Row 2 - 3,blue,The Fourth Seal,第四封印,Четвертая печать,Das Vierte Siegel,Progress_DS_Trunk_Duplicate,Trunk - Row 2 - 3,,ToolTip_DS_P_GrimSuffering,portents_of_suffering_1.png,/Game/uiresources/_shared/assets/ico_ui_art_passives/Siren/ico_passive_siren_grim_suffering.ico_passive_siren_grim_suffering
254,Char_DarkSiren,Vex,Prismatic Ichor,光棱灵液,Призматический ихор,Prisma-Wundsekret,"When [primary]Vex[/primary] or her [primary]Minion(s)[/primary] apply a [secondary]Status Effect[/secondary], apply another random [secondary]Elemental Status Effect[/secondary].",当[primary]维克丝[/primary]或其[primary]仆从[/primary]施加[secondary]状态效果[/secondary]时，会施加另一个随机[secondary]元素状态效果[/secondary]。,"Когда [primary]Векс[/primary] или ее [primary]приспешник(и)[/primary] накладывают [secondary]временной стихийный эффект[/secondary], есть шанс наложения другого случайного [secondary]временного стихийного эффекта[/secondary].","Wenn [primary]Vex[/primary] oder ihr(e) [primary]Gefährte(n)[/primary] einen [secondary]Statuseffekt[/secondary] anwenden, wird ein weiterer zufälliger [secondary]Elementar-Statuseffekt[/secondary] angewendet.",passive,265,328,391,454,517,254:Progress_DS_Branch_Duplicate_01:Branch - Row 1 - 3,blue,The Fourth Seal,第四封印,Четвертая печать,Das Vierte Siegel,Progress_DS_Branch_Duplicate_01,Branch - Row 1 - 3,SkillDef_DS_P_PrismaticPoisons,ToolTip_DS_P_PrismaticPoisons,prismatic_ichor_1.png,/Game/uiresources/_shared/assets/ico_ui_art_passives/Siren/ico_passive_siren_prismatic_poisons.ico_passive_siren_prismatic_poisons
254,Char_DarkSiren,Vex,Prismatic Weaponry,光棱武器,Призматическое оружие,Prisma-Waffen,[primary]Vex[/primary] and her [primary]Specters[/primary] deal [secondary]Bonus Damage[/secondary] with [secondary]Gun Critical Hits[/secondary].[newline][newline]The [secondary]Bonus Damage[/secondary] is a random [secondary]Elemental Type[/secondary] that changes on [secondary]Reload[/secondary]. [secondary]Bonus Damage[/secondary] is further increased for each active [primary]Attunement Skill[/primary].,[primary]维克丝[/primary]及其[primary]幽灵[/primary]的[secondary]枪械暴击[/secondary]会造成[secondary]加成伤害[/secondary]。[newline][newline][secondary]加成伤害[/secondary]为随机[secondary]元素类型[/secondary]，会在[secondary]装填[/secondary]时改变。每有一个活跃[primary]调和技能[/primary]，将进一步提升[secondary]加成伤害[/secondary]。,"[primary]Векс[/primary] и ее [primary]призраки[/primary] наносят [secondary]дополнительный урон[/secondary] [secondary]критическими попаданиями при стрельбе[/secondary].[newline][newline][secondary]Дополнительный урон[/secondary] имеет случайный [secondary]тип стихии[/secondary], который меняется при [secondary]перезарядке[/secondary]. [secondary]Дополнительный урон[/secondary] увеличивается за каждый активный [primary]навык гармоничности[/primary].","[primary]Vex[/primary] und ihre [primary]Phantome[/primary] verursachen [secondary]Bonusschaden[/secondary] mit [secondary]kritischen Schusswaffen-Treffern[/secondary].[newline][newline]Der [secondary]Bonusschaden[/secondary] ist ein zufälliger [secondary]Elementartyp[/secondary], der sich beim [secondary]Nachladen[/secondary] ändert. Für jeden aktiven [primary]Einstimmungs-Skill[/primary] wird der [secondary]Bonusschaden[/secondary]nochmals erhöht.",passive,278,341,404,467,530,254:Progress_DS_Branch_Duplicate_03:Branch - Row 1 - 1,blue,The Fourth Seal,第四封印,Четвертая печать,Das Vierte Siegel,Progress_DS_Branch_Duplicate_03,Branch - Row 1 - 1,SkillDef_DS_P_CorrodingArmaments,ToolTip_DS_P_CorrodingArmaments,prismatic_weaponry_1.png,/Game/uiresources/_shared/assets/ico_ui_art_passives/Siren/ico_passive_siren_prismatic_armaments.ico_passive_siren_prismatic_armaments
254,Char_DarkSiren,Vex,Radiant Attunement,辐射调和,Гармоничность излучения,Strahlende Einstimmung,"[primary]Attunement Skill.[/primary]While [primary]Vex[/primary] is [primary]Attuned[/primary] to [nowrap][radiation_icon][radiation]Radiation[/radiation][/nowrap], she gains increased [secondary]Splash Damage[/secondary] and [secondary]Maximum Shield Capacity[/secondary].[newline][newline]These effects persist for a [secondary]Duration[/secondary] after [primary]Attunement[/primary] is switched.",[primary]调和技能。[/primary]当[primary]维克丝[/primary][primary]调和[/primary]至[nowrap][radiation_icon][radiation]辐射[/radiation][/nowrap]时，提升其[secondary]溅射伤害[/secondary]和[secondary]最大护盾容量[/secondary]。[newline][newline]切换[primary]调和[/primary]后此效果会持续[secondary]一段时间[/secondary]。,"[primary]Навык гармоничности.[/primary] Когда [primary]Векс[/primary] [primary]настраивается[/primary] на [nowrap][radiation_icon][radiation]радиацию[/radiation][/nowrap], увеличивается ее [secondary]урон в радиусе[/secondary] и [secondary]максимальная емкость щита[/secondary].[newline][newline]Эффекты сохраняются в течение [secondary]времени действия[/secondary] после смены [primary]гармоничности[/primary].","[primary]Einstimmungs-Skill.[/primary]Während [primary]Vex[/primary] auf [nowrap][radiation_icon][radiation]Strahlung[/radiation][/nowrap] [primary]eingestimmt[/primary] ist, erhält sie erhöhten [secondary]indirekten Schaden[/secondary] und [secondary]maximale Schildkapazität[/secondary].[newline][newline]Die Effekte dauern [secondary]vorübergehend[/secondary] nach dem Wechsel der [primary]Einstimmung[/primary] an.",passive,222,285,348,411,474,254:Progress_DS_Branch_Death_01:Branch - Row 1 - 1,green,Vexcalation,愤怒升级,Векскалация,Vexkalation,Progress_DS_Branch_Death_01,Branch - Row 1 - 1,SkillDef_DS_P_RadiatingAttunement,ToolTip_DS_P_RadiatingAttunement,radiant_attunement_1.png,/Game/uiresources/_shared/assets/ico_ui_art_passives/Siren/ico_passive_siren_radiating_attunement.ico_passive_siren_radiating_attunement
254,Char_DarkSiren,Vex,Reawakening,再次觉醒,Новое пробуждение,Wiedererwachen,"Whenever [primary]Vex[/primary] or her [primary]Minion(s)[/primary] [secondary]Critically Hit[/secondary], there is a chance to restore [secondary]Action Skill Cooldown[/secondary].",当[primary]维克丝[/primary]或其[primary]仆从[/primary][secondary]暴击[/secondary]时，有几率恢复[secondary]主动技能冷却时间[/secondary]。,"Каждый раз, когда [primary]Векс[/primary] или ее [primary]приспешник(и)[/primary] производят [secondary]критическое попадание[/secondary], есть шанс [secondary]восстановления времени действия активного навыка[/secondary].",Bei einem [secondary]kritischen Treffer[/secondary] durch [primary]Vex[/primary] oder ihre(n) [primary]Gefährten[/primary] besteht die Chance [secondary]Action-Skill-Abklingzeit[/secondary] wiederherzustellen.,passive,254,317,380,443,506,254:Progress_DS_Branch_Domination_02:Branch - Row 2 - 3,red,Here Comes Trouble,麻烦来了,А вот и замес,Jetzt gibt's Rabatz,Progress_DS_Branch_Domination_02,Branch - Row 2 - 3,SkillDef_DS_P_PreservingEssence,ToolTip_DS_P_PreservingEssence,reawakening_1.png,/Game/uiresources/_shared/assets/ico_ui_art_passives/Siren/ico_passive_siren_keen_preservation.ico_passive_siren_keen_preservation
254,Char_DarkSiren,Vex,Recurrence,复发,Цикличность,Wiederkehr,"Whenever [primary]Vex[/primary] deals [secondary]Gun Damage[/secondary] or [secondary]Melee Damage[/secondary], gain a Stack of [primary]Recurrence[/primary], which increases her and her [primary]Minions'[/primary] [secondary]Gun Damage[/secondary] and [secondary]Melee Damage[/secondary]. [newline][newline]Stacks of [primary]Recurrence[/primary] are lost if a new Stack has not been gained for a [secondary]Duration[/secondary].",当[primary]维克丝[/primary]造成[secondary]枪械伤害[/secondary]或[secondary]近战伤害[/secondary]时，会获得一层[primary]复发[/primary]，提升她及其[primary]仆从的[/primary][secondary]枪械伤害[/secondary]和[secondary]近战伤害[/secondary]。[newline][newline]如[secondary]一段时间[/secondary]内未获得新的叠加，则会失去[primary]复发[/primary]叠加层数。,"Каждый раз, когда [primary]Векс[/primary] наносит [secondary]урон от стрельбы[/secondary] или [secondary]урон в ближнем бою[/secondary], она получает заряд [primary]""Цикличности""[/primary], который увеличивает ей и ее [primary]приспешникам[/primary] [secondary]урон от стрельбы[/secondary] и [secondary]урон в ближнем бою[/secondary]. [newline][newline]Если в течение [secondary]времени действия[/secondary] не получать новый заряд, заряды [primary]""Цикличности""[/primary] пропадают.","Immer wenn [primary]Vex[/primary] [secondary]Schusswaffen-Schaden[/secondary] oder [secondary]Nahkampfschaden[/secondary] verursacht, erhältst du einen Stapel [primary]Wiederkehr[/primary], der ihren [secondary]Schusswaffen-Schaden[/secondary] und [secondary]Nahkampfschaden[/secondary] sowie den ihrer [primary]Gefährten[/primary] erhöht. [newline][newline][primary]Wiederkehr[/primary]-Stapel gehen verloren, wenn [secondary]vorübergehend[/secondary] kein neuer Stapel erhalten wurde.",passive,272,335,398,461,524,254:Progress_DS_Branch_Duplicate_02:Branch - Row 1 - 3,blue,The Fourth Seal,第四封印,Четвертая печать,Das Vierte Siegel,Progress_DS_Branch_Duplicate_02,Branch - Row 1 - 3,SkillDef_DS_P_Tameshigiri,ToolTip_DS_P_Tameshigiri,recurrence_1.png,/Game/uiresources/_shared/assets/ico_ui_art_passives/Siren/ico_passive_siren_tameshigiri.ico_passive_siren_tameshigiri
254,Char_DarkSiren,Vex,Restorative Tonic,恢复补品,Освежающий тоник,Heilendes Tonikum,"When [primary]Vex[/primary] uses a [secondary]Repkit[/secondary], she gains [secondary]Shield Restoration[/secondary] over time for a [secondary]Duration[/secondary].",[primary]维克丝[/primary]使用[secondary]修复套件[/secondary]时，其在[secondary]一段时间[/secondary]内会获得持续[secondary]护盾恢复[/secondary]。,При использовании [secondary]ремкомплекта[/secondary] [secondary]восстановление щита[/secondary] [primary]Векс[/primary] [secondary]временно[/secondary] и постепенно повышается.,"Wenn [primary]Vex[/primary] ein [secondary]Reparaturkit[/secondary] benutzt, erhält sie [secondary]vorübergehend[/secondary] allmähliche [secondary]Schildwiederherstellung[/secondary].",passive,225,288,351,414,477,254:Progress_DS_Branch_Death_01:Branch - Row 2 - 2,green,Vexcalation,愤怒升级,Векскалация,Vexkalation,Progress_DS_Branch_Death_01,Branch - Row 2 - 2,SkillDef_DS_P_RefreshingWaters,ToolTip_DS_P_RefreshingWaters,restorative_tonic_1.png,/Game/uiresources/_shared/assets/ico_ui_art_passives/Siren/ico_passive_siren_refreshing_waters.ico_passive_siren_refreshing_waters
254,Char_DarkSiren,Vex,Reverburnations,回响灼烧,Отголоски жара,Nachbrand,[secondary]Melee Damage[/secondary] dealt by [primary]Vex[/primary] or her [primary]Minion(s)[/primary] has a chance to deal [nowrap][fire_icon][fire]Incendiary[/fire][/nowrap][fire] Melee Damage[/fire].,[primary]维克丝[/primary]或其[primary]仆从[/primary]造成的[secondary]近战伤害[/secondary]有几率造成[nowrap][fire_icon][fire]燃烧[/fire][/nowrap][fire]近战伤害[/fire]。,"[secondary]Урон в ближнем бою[/secondary], нанесенный [primary]Векс[/primary] или ее [primary]приспешником(ами)[/primary], имеет шанс стать [nowrap][fire_icon][fire]уроном[/fire][/nowrap][fire] в ближнем бою от огня[/fire].","Durch [primary]Vex[/primary] oder ihre(n) [primary]Gefährte(n)[/primary] verursachter [secondary]Nahkampfschaden[/secondary] hat eine Chance, [nowrap][fire_icon][fire]Brand[/fire][/nowrap]-[fire]Nahkampfschaden[/fire] zu verursachen.",passive,273,336,399,462,525,254:Progress_DS_Branch_Duplicate_02:Branch - Row 2 - 1,blue,The Fourth Seal,第四封印,Четвертая печать,Das Vierte Siegel,Progress_DS_Branch_Duplicate_02,Branch - Row 2 - 1,SkillDef_DS_P_Reverberations,ToolTip_DS_P_Reverberations,reverburnations_1.png,/Game/uiresources/_shared/assets/ico_ui_art_passives/Siren/ico_passive_siren_reverburnations.ico_passive_siren_reverburnations
254,Char_DarkSiren,Vex,Sanguine Fiends,血腥恶魔,Кровавые демоны,Blutmonster,[secondary]Kill Skill.[/secondary] [primary]Vex[/primary] and her [primary]Minion(s)[/primary] restore [secondary]Health[/secondary].,[secondary]杀戮技能。[/secondary][primary]维克丝[/primary]及其[primary]仆从[/primary]恢复[secondary]生命值[/secondary]。,[secondary]Навык убийства.[/secondary] [primary]Векс[/primary] и ее [primary]приспешник(и)[/primary] восстанавливают [secondary]здоровье[/secondary].,[secondary]Kill-Skill.[/secondary] [primary]Vex[/primary] stellt samt [primary]Gefährten[/primary] [secondary]Gesundheit[/secondary] wieder her.,passive,194,162,130,98,66,254:Progress_DS_Trunk_Duplicate:Trunk - Row 1 - 1,blue,The Fourth Seal,第四封印,Четвертая печать,Das Vierte Siegel,Progress_DS_Trunk_Duplicate,Trunk - Row 1 - 1,,ToolTip_DS_P_SanguineBrood,sanguine_fiends_1.png,/Game/uiresources/_shared/assets/ico_ui_art_passives/Siren/ico_passive_siren_sanguine_brood.ico_passive_siren_sanguine_brood
254,Char_DarkSiren,Vex,Shiver,颤抖,Озноб,Zittern,[primary]Vex[/primary] gains increased [nowrap][cryo_icon][cryo]Cryo[/cryo][/nowrap][cryo] Damage[/cryo] and [cryo]Cryo Status Effect Damage[/cryo].,提升[primary]维克丝[/primary]的[nowrap][cryo_icon][cryo]冰冻[/cryo][/nowrap][cryo]伤害[/cryo]和[cryo]冰冻状态效果伤害[/cryo]。,[primary]Векс[/primary] наносит повышенный [cryo][nowrap][cryo_icon]урон[/nowrap] от холода и временной стихийный урон от холода[/cryo].,[primary]Vex[/primary] erhält erhöhten [nowrap][cryo_icon][cryo]Kryo[/cryo][/nowrap]-[cryo]Schaden[/cryo] und [cryo_icon][cryo]Kryo-Statuseffekt-Schaden[/cryo].,passive,248,311,374,437,500,254:Progress_DS_Branch_Domination_01:Branch - Row 3 - 1,red,Here Comes Trouble,麻烦来了,А вот и замес,Jetzt gibt's Rabatz,Progress_DS_Branch_Domination_01,Branch - Row 3 - 1,SkillDef_DS_P_CryonicInfluence,ToolTip_DS_P_CryonicInfluence,shiver_1.png,/Game/uiresources/_shared/assets/ico_ui_art_passives/Siren/ico_passive_siren_cryonic_influence.ico_passive_siren_cryonic_influence
254,Char_DarkSiren,Vex,Shocking Attunement,电击调和,Шоковая гармоничность,Schockierende Einstimmung,"[primary]Attunement Skill.[/primary]While [primary]Vex[/primary] is [primary]Attuned[/primary] to [nowrap][shock_icon][shock]Shock[/shock][/nowrap], she gains increased [secondary]Movement Speed[/secondary] and [secondary]Gun Damage[/secondary] while moving.[newline][newline]Effects persist for a [secondary]Duration[/secondary] after [primary]Attunement[/primary] is switched.",[primary]调和技能。[/primary]当[primary]维克丝[/primary][primary]调和[/primary]至[nowrap][shock_icon][shock]电击[/shock][/nowrap]时，将提升其移动时的[secondary]移动速度[/secondary]和[secondary]枪械伤害[/secondary]。[newline][newline]切换[primary]调和[/primary]后效果会持续[secondary]一段时间[/secondary]。,"[primary]Навык гармоничности.[/primary] Когда [primary]Векс[/primary] [primary]настраивается[/primary] на [nowrap][shock_icon][shock]стихию шока[/shock][/nowrap], увеличивается ее [secondary]скорость перемещения[/secondary] и [secondary]урон от стрельбы[/secondary] в движении.[newline][newline]Эффект сохраняется в течение [secondary]времени действия[/secondary] после смены [primary]гармоничности[/primary].","[primary]Einstimmungs-Skill.[/primary]Während [primary]Vex[/primary] auf [nowrap][shock_icon][shock]Schock[/shock][/nowrap] [primary]eingestimmt[/primary] ist, erhält sie während der Fortbewegung erhöhte [secondary]Bewegungsgeschwindigkeit[/secondary] und [secondary]Schusswaffen-Schaden[/secondary].[newline][newline]Die Effekte dauern [secondary]vorübergehend[/secondary] nach dem Wechsel der [primary]Einstimmung[/primary] an.",passive,257,320,383,446,509,254:Progress_DS_Branch_Domination_03:Branch - Row 1 - 1,red,Here Comes Trouble,麻烦来了,А вот и замес,Jetzt gibt's Rabatz,Progress_DS_Branch_Domination_03,Branch - Row 1 - 1,SkillDef_DS_P_ShockingAttunement,ToolTip_DS_P_ShockingAttunement,shocking_attunement_1.png,/Game/uiresources/_shared/assets/ico_ui_art_passives/Siren/ico_passive_siren_shocking_attunement.ico_passive_siren_shocking_attunement
254,Char_DarkSiren,Vex,Shot To Go!,一击即中！,Хлопнем на дорожку,Abschussbereit!,"When [primary]Vex[/primary] swaps her current [secondary]Gun[/secondary], her new [secondary]Gun[/secondary] has its [secondary]Ammo[/secondary] partially [secondary]Refilled[/secondary].[newline][newline][flavor]""R-E-L-O-AYYOHH-D!""[/flavor]","当[primary]维克丝[/primary]切换当前[secondary]枪械[/secondary]时，会[secondary]补充[/secondary]其新[secondary]枪械[/secondary]的部分[secondary]弹药[/secondary]。[newline][newline][flavor]""装填万岁！""[/flavor]","Когда [primary]Векс[/primary] меняет [secondary]пушки[/secondary], запас [secondary]боеприпасов[/secondary] нового [secondary]оружия[/secondary] уже частично [secondary]восполнен[/secondary]. [newline][newline][flavor]""ПЕР-РЕЗАР-РЯДКА!""[/flavor]","Wenn [primary]Vex[/primary] ihre aktuelle [secondary]Waffe[/secondary] wechselt, wird die [secondary]Munition[/secondary] ihrer neuen [secondary]Schusswaffe[/secondary] teilweise [secondary]wiederaufgefüllt[/secondary].[newline][newline][flavor]""Nachladen war gestern!""[/flavor]",passive,268,331,394,457,520,254:Progress_DS_Branch_Duplicate_01:Branch - Row 2 - 3,blue,The Fourth Seal,第四封印,Четвертая печать,Das Vierte Siegel,Progress_DS_Branch_Duplicate_01,Branch - Row 2 - 3,SkillDef_DS_P_HotSwap,ToolTip_DS_P_HotSwap,shot_to_go!_1.png,/Game/uiresources/_shared/assets/ico_ui_art_passives/Siren/ico_passive_siren_hot_to_go.ico_passive_siren_hot_to_go
254,Char_DarkSiren,Vex,Spirit Bomb,灵魂炸弹,Бомба духа,Geistbombe,"[primary]Reapers[/primary] gain [secondary]Maximum Health Capacity[/secondary] and will release a [primary]Spirit Bomb Remnant[/primary] when they die, dealing [primary]Minion Damage[/primary] of their [secondary]Elemental Type[/secondary] to nearby enemies.",[primary]死神[/primary]获得[secondary]最大生命值容量[/secondary]，并在死亡时释放[primary]灵魂炸弹骸灵[/primary]，对附近敌人造成与自身[secondary]元素类型[/secondary]相同的[primary]仆从伤害[/primary]。,"[primary]Жнецы[/primary] получают [secondary]максимальный уровень здоровья[/secondary] и после смерти выпускают [primary]призрачную бомбу-отзвук[/primary], нанося [primary]урон приспешников[/primary] своего [secondary]типа стихии[/secondary] врагам поблизости.","[primary]Schnitter[/primary] erhalten [secondary]maximale Gesundheit[/secondary] und setzen bei ihrem Tod ein [primary]Geistbombe-Überbleibsel[/primary] frei, das Feinden in der Nähe [primary]Gefährtenschaden[/primary] ihres [secondary]Elementartyps[/secondary] zufügt.",passive,280,343,406,469,532,254:Progress_DS_Branch_Duplicate_03:Branch - Row 2 - 1,blue,The Fourth Seal,第四封印,Четвертая печать,Das Vierte Siegel,Progress_DS_Branch_Duplicate_03,Branch - Row 2 - 1,SkillDef_DS_P_SpiritBomb,ToolTip_DS_P_SpiritBomb,spirit_bomb_1.png,/Game/uiresources/_shared/assets/ico_ui_art_passives/Siren/ico_passive_siren_spirit_bomb.ico_passive_siren_spirit_bomb
254,Char_DarkSiren,Vex,Stormblessed,风暴祝福,Благословение бури,Vom Sturm gesegnet,[primary]Vex[/primary] gains increased [nowrap][shock_icon][shock]Shock[/shock][/nowrap][shock]Damage[/shock] and [nowrap][shock_icon][shock]Shock[/shock][/nowrap][shock]Status Effect Damage[/shock].,提升[primary]维克丝[/primary]的[nowrap][shock_icon][shock]电击[/shock][/nowrap][shock]伤害[/shock]和[nowrap][shock_icon][shock]电击[/shock][/nowrap][shock]状态效果伤害[/shock]。,[primary]Векс[/primary] наносит повышенный [nowrap][shock_icon][shock]шоковый[/shock][/nowrap][shock] урон[/shock] и [nowrap][shock_icon][shock]шоковый[/shock][/nowrap][shock] временной стихийный урон[/shock].,[primary]Vex[/primary] erhält erhöhten [nowrap][shock_icon][shock]Schockschaden[/shock][/nowrap] und [nowrap][shock_icon][shock]Schock[/shock][/nowrap]-[shock]Statuseffekt-Schaden[/shock].,passive,262,325,388,451,514,254:Progress_DS_Branch_Domination_03:Branch - Row 3 - 1,red,Here Comes Trouble,麻烦来了,А вот и замес,Jetzt gibt's Rabatz,Progress_DS_Branch_Domination_03,Branch - Row 3 - 1,SkillDef_DS_P_ShockingInfluence,ToolTip_DS_P_ShockingInfluence,stormblessed_1.png,/Game/uiresources/_shared/assets/ico_ui_art_passives/Siren/ico_passive_siren_shocking_influence.ico_passive_siren_shocking_influence
254,Char_DarkSiren,Vex,Strike Me Down,向我开炮,Срази меня наповал,Strecke mich nieder,"Whenever [primary]Vex[/primary] would enter [secondary]Fight For Your Life[/secondary], she immediately gets a [secondary]Second Wind[/secondary], becomes [secondary]Invisible[/secondary] for a [secondary]Duration[/secondary], and causes a [primary]Phase Explosion[/primary].",当[primary]维克丝[/primary]进入[secondary]殊死一搏[/secondary]时会立即获得[secondary]卷土重来[/secondary]并在[secondary]一段时间[/secondary]内[secondary]隐身[/secondary]，同时制造[primary]相位爆炸[/primary]。,"Каждый раз, когда [primary]Векс[/primary] входит в [secondary]режим борьбы за жизнь[/secondary], она немедленно получает [secondary]""Второе дыхание""[/secondary], на [secondary]время действия[/secondary] становится [secondary]невидимой[/secondary] и вызывает [primary]фазовый взрыв[/primary].","Wenn [primary]Vex[/primary] in [secondary]Kämpfe um dein Leben[/secondary] eintritt, erhält sie sofort [secondary]neue Stärke[/secondary], wird [secondary]vorübergehend[/secondary] [secondary]unsichtbar[/secondary] und verursacht eine [primary]Phasenexplosion[/primary].",passive,235,298,361,424,487,254:Progress_DS_Branch_Death_02:Branch - Row 3 - 3,green,Vexcalation,愤怒升级,Векскалация,Vexkalation,Progress_DS_Branch_Death_02,Branch - Row 3 - 3,SkillDef_DS_P_SpiritedAway,ToolTip_DS_P_SpiritedAway,strike_me_down_1.png,/Game/uiresources/_shared/assets/ico_ui_art_passives/Siren/ico_passive_siren_spirited_away.ico_passive_siren_spirited_away
254,Char_DarkSiren,Vex,Tail Whip,神鞭之尾,Хлесткий хвост,Schwanzpeitsche,"[primary]Trouble[/primary] gains the ability to [secondary]Tail Whip[/secondary], dealing [secondary]Damage[/secondary] in an area over [secondary]2 Hits[/secondary].",[primary]麻烦[/primary]获得[secondary]神鞭之尾[/secondary]能力，通过[secondary]2次攻击[/secondary]造成范围[secondary]伤害[/secondary]。,[primary]Гемор[/primary] получает способность [secondary]хлестать хвостом[/secondary] и наносить [secondary]урон по площади[/secondary] за [secondary]2 удара[/secondary].,"[primary]Rabatzi[/primary] erhält die Fähigkeit [secondary]Schwanzpeitsche[/secondary], die über [secondary]2 Treffer[/secondary] [secondary]Schaden[/secondary] in einem Bereich verursacht.",passive,255,318,381,444,507,254:Progress_DS_Branch_Domination_02:Branch - Row 3 - 1,red,Here Comes Trouble,麻烦来了,А вот и замес,Jetzt gibt's Rabatz,Progress_DS_Branch_Domination_02,Branch - Row 3 - 1,SkillDef_DarkSiren_ActionSkill_PhaseFamiliar,ToolTip_DS_P_TailWhip,tail_whip_1.png,/Game/uiresources/_shared/assets/ico_ui_art_passives/Siren/ico_passive_siren_tail_whip.ico_passive_siren_tail_whip
254,Char_DarkSiren,Vex,Target Prescience,目标预判,Предвидение цели,Zielvoraussicht,"[primary]Vex's[/primary] [secondary]Gun Damage[/secondary] gains [secondary]Critical Hit Chance[/secondary] against any part of enemies. [newline][newline][flavor]""Secher Nbiw.""[/flavor]","[primary]维克丝的[/primary][secondary]枪械伤害[/secondary]获得针对敌人任意部位的[secondary]暴击率[/secondary]。[newline][newline][flavor]""黄金之路。""[/flavor]","При нанесении [secondary]урона от стрельбы[/secondary] [primary]Векс[/primary] получает шанс [secondary]критического попадания[/secondary] в цель - любую часть врага. [newline][newline][flavor]""Секер Нбиу"".[/flavor]","[primary]Vex'[/primary] [secondary]Schusswaffen-Schaden[/secondary] erhält eine [secondary]kritische Trefferchance[/secondary] auf jeden Teil ihrer Feinde. [newline][newline][flavor]""Secher Nbiw.""[/flavor]",passive,198,166,134,102,70,254:Progress_DS_Trunk_Death:Trunk - Row 3 - 5,green,Vexcalation,愤怒升级,Векскалация,Vexkalation,Progress_DS_Trunk_Death,Trunk - Row 3 - 5,,ToolTip_DS_P_TargetPrescience,target_prescience_1.png,/Game/uiresources/_shared/assets/ico_ui_art_passives/Siren/ico_passive_siren_target_prescience.ico_passive_siren_target_prescience
254,Char_DarkSiren,Vex,Volatile Essence,易爆精髓,Изменчивая сущность,Instabile Essenz,[primary]Vex[/primary] gains increased [secondary]Splash Damage[/secondary].[newline][newline][secondary]Double[/secondary] this effect when an [secondary]Action Skill[/secondary] is active.,提升[primary]维克丝[/primary]的[secondary]溅射伤害[/secondary]。[newline][newline]发动[secondary]主动技能[/secondary]时，此效果[secondary]加倍[/secondary]。,[primary]Векс[/primary] получает повышенный показатель [secondary]урона по площади[/secondary].[newline][newline]Эффект [secondary]удваивается[/secondary] при использовании [secondary]активного навыка[/secondary].,"[primary]Vex[/primary] erhält erhöhten [secondary]indirekten Schaden[/secondary].[newline][newline]Dieser Effekt wird [secondary]verdoppelt[/secondary], wenn ein [secondary]Action-Skill[/secondary] aktiv ist.",passive,45,44,43,42,41,254:Progress_DS_Trunk_Death:Trunk - Row 1 - 2,green,Vexcalation,愤怒升级,Векскалация,Vexkalation,Progress_DS_Trunk_Death,Trunk - Row 1 - 2,,ToolTip_DS_P_VolatileEssence,volatile_essence_1.png,/Game/uiresources/_shared/assets/ico_ui_art_passives/Siren/ico_passive_siren_volatile_essence.ico_passive_siren_volatile_essence
254,Char_DarkSiren,Vex,Vorpal Fiends,致命恶魔,Стрижающие демоны,Tödliche Monster,[primary]Vex[/primary] and her [primary]Minion(s)[/primary] gain [secondary]Critical Hit Damage[/secondary].,[primary]维克丝[/primary]及其[primary]仆从[/primary]获得[secondary]暴击伤害[/secondary]。,[primary]Векс[/primary] и ее [primary]приспешник(и)[/primary] наносят [secondary]критический урон[/secondary].,Erhöhter [secondary]kritischer Trefferschaden[/secondary] für [primary]Vex[/primary] samt [primary]Gefährten[/primary].,passive,206,174,142,110,78,254:Progress_DS_Trunk_Domination:Trunk - Row 3 - 5,red,Here Comes Trouble,麻烦来了,А вот и замес,Jetzt gibt's Rabatz,Progress_DS_Trunk_Domination,Trunk - Row 3 - 5,,ToolTip_DS_P_VorpalFiends,vorpal_fiends_1.png,/Game/uiresources/_shared/assets/ico_ui_art_passives/Siren/ico_passive_siren_vorpal_fiends.ico_passive_siren_vorpal_fiends
254,Char_DarkSiren,Vex,Yowl and Bay,嚎叫与咆哮,Вой и лай,Gejaule und Gebell,[primary]Vex's[/primary] [primary]Minion(s)[/primary] gain increased [secondary]Maximum Health Capacity[/secondary].[newline][newline][primary]Vex[/primary] gains increased [secondary]Gun Damage[/secondary] for a [secondary]Duration[/secondary] after [primary]Commanding Trouble[/primary].,提升[primary]维克丝[/primary][primary]仆从[/primary]的[secondary]最大生命值容量[/secondary]。[newline][newline][primary]维克丝[/primary]在[primary]命令麻烦[/primary]后的[secondary]一段时间[/secondary]内获得更高[secondary]枪械伤害[/secondary]。,У [primary]приспешника(ов)[/primary] [primary]Векс[/primary] повышается [secondary]максимальный уровень здоровья[/secondary].[newline][newline][primary]Векс[/primary] в течение [secondary]некоторого времени[/secondary] после [primary]приказа Гемору[/primary] наносит повышенный [secondary]урон от стрельбы[/secondary].,"Erhöhte [secondary]maximale Gesundheitskapazität[/secondary] für [primary]Vex'[/primary] [primary]Gefährten[/primary].[newline][newline][primary]Vex[/primary] erhält [secondary]vorübergehend[/secondary] erhöhten [secondary]Schusswaffen-Schaden[/secondary], nachdem sie ein [primary]Kommando an Rabatzi[/primary] erteilt hat.",passive,210,178,146,114,82,254:Progress_DS_Trunk_Domination:Trunk - Row 2 - 5,red,Here Comes Trouble,麻烦来了,А вот и замес,Jetzt gibt's Rabatz,Progress_DS_Trunk_Domination,Trunk - Row 2 - 5,,ToolTip_DS_P_Summoner,yowl_and_bay_1.png,/Game/uiresources/_shared/assets/ico_ui_art_passives/Siren/ico_passive_siren_ranger.ico_passive_siren_ranger
254,Char_DarkSiren,Vex,Conjunction,结合,Сопряжение,Vereinigung,[primary]Vex[/primary] gains increased [secondary]Gun Damage[/secondary] the more [secondary]full[/secondary] her [secondary]Shield[/secondary] and gains [secondary]Damage Reduction[/secondary] the less [secondary]full[/secondary] her [secondary]Health[/secondary].,[primary]维克丝[/primary]的[secondary]护盾值[/secondary]越[secondary]高[/secondary]，获得的[secondary]枪械伤害[/secondary]越高；其[secondary]生命值[/secondary]越[secondary]少[/secondary]，获得的[secondary]伤害减免[/secondary]越多。,"Чем [secondary]выше заряд[/secondary] [secondary]щитов[/secondary] [primary]Векс[/primary], тем выше ее [secondary]урон от стрельбы[/secondary], но чем [secondary]меньше[/secondary] у нее [secondary]здоровья[/secondary], тем сильнее [secondary]уменьшение урона[/secondary].","[primary]Vex[/primary] erhält erhöhten [secondary]Schusswaffen-Schaden[/secondary], je [secondary]voller[/secondary] ihr [secondary]Schild[/secondary] ist, und mehr [secondary]Schadensdeduktion[/secondary], je [secondary]geringer[/secondary] ihre [secondary]Gesundheit[/secondary] ist.",passive,223,286,349,412,475,254:Progress_DS_Branch_Death_01:Branch - Row 1 - 3,green,Vexcalation,愤怒升级,Векскалация,Vexkalation,Progress_DS_Branch_Death_01,Branch - Row 1 - 3,SkillDef_DS_P_VorpalSpirits,ToolTip_DS_P_VorpalSpirits,conjunction_1.png,/Game/uiresources/_shared/assets/ico_ui_art_passives/Siren/ico_passive_siren_duality.ico_passive_siren_duality
254,Char_DarkSiren,Vex,Sacrificial Essence,献祭精髓,Жертвенная сущность,Opferessenz,"[secondary]Kill Skill.[/secondary] [primary]Vex[/primary] and her [primary]Minion(s)[/primary] gain increased [secondary]Damage Dealt[/secondary], but [primary]Vex[/primary] also gains increased [secondary]Damage Taken[/secondary] for a [secondary]Duration[/secondary].[newline][newline]Stacks are lost when [primary]Vex[/primary] enters [secondary]Fight For Your Life[/secondary].",[secondary]杀戮技能。在[secondary]一段时间[/secondary]内[/secondary]提升[primary]维克丝[/primary]及其[primary]仆从[/primary][secondary]造成的伤害[/secondary]，但同时也会提升[primary]维克丝[/primary][secondary]受到的伤害[/secondary]。[newline][newline]当[primary]维克丝[/primary]进入[secondary]殊死一搏[/secondary]时将失去叠加。,"[secondary]Навык убийства.[/secondary] [secondary]Наносимый урон[/secondary] [primary]Векс[/primary] и ее [primary]приспешника(ов)[/primary] увеличен, но [primary]Векс[/primary] в течение [secondary]времени действия[/secondary] также [secondary]получает больше урона[/secondary].[newline][newline]Когда [primary]Векс[/primary] входит в [secondary]режим борьбы за жизнь[/secondary], заряды теряются.","[secondary]Kill-Skill.[/secondary] [primary]Vex[/primary] erhält samt [primary]Gefährten[/primary] erhöhten [secondary]verursachten Schaden[/secondary], aber [primary]Vex[/primary] erhält zudem [secondary]vorübergehend[/secondary] erhöhten [secondary]erlittenen Schaden[/secondary].[newline][newline]Stapel gehen verloren, wenn [primary]Vex[/primary] in [secondary]Kämpfe um dein Leben[/secondary] eintritt.",passive,253,316,379,442,505,254:Progress_DS_Branch_Domination_02:Branch - Row 2 - 2,red,Here Comes Trouble,麻烦来了,А вот и замес,Jetzt gibt's Rabatz,Progress_DS_Branch_Domination_02,Branch - Row 2 - 2,SkillDef_DS_P_GraveSacrifice,ToolTip_DS_P_GraveSacrifice,sacrificial_essence_1.png,/Game/uiresources/_shared/assets/ico_ui_art_passives/Siren/ico_passive_siren_sacrificial_essence.ico_passive_siren_sacrificial_essence
404,Char_RoboDealer,C4sh,Fast Hands,快手,Быстрые руки,Schnelle Hände,[primary]C4SH[/primary] gains increased [secondary]Reload Speed[/secondary].[newline][newline] [nowrap][frtn_icon][rd_color]Fortune[/rd_color][/nowrap] [rd_color]Stacks[/rd_color] gain increased [nowrap][wfll_icon][rd_color]Windfall[/rd_color][/nowrap] [rd_color]Chance[/rd_color].,提升[primary]老钱[/primary]的[secondary]装填速度[/secondary]。[newline][newline]提升[nowrap][frtn_icon][rd_color]时来运转[/rd_color][/nowrap][rd_color]叠加[/rd_color]的[nowrap][wfll_icon][rd_color]意外之财[/rd_color][/nowrap][rd_color]几率[/rd_color]。,"[secondary]Скорость перезарядки[/secondary] [primary]Н@ла[/primary] повышается.[newline][newline] У [rd_color]зарядов[/rd_color] [nowrap][frtn_icon][rd_color]удачи[/rd_color][/nowrap] повышается [rd_color]шанс[/rd_color] активации [nowrap][wfll_icon][rd_color]""Везухи""[/rd_color][/nowrap].",[primary]C4SH[/primary] erhält eine erhöhte [secondary]Nachladegeschwindigkeit[/secondary].[newline][newline] [nowrap][frtn_icon][rd_color]Glückssträhne[/rd_color][/nowrap]-[rd_color]Stapel[/rd_color] erhalten eine erhöhte [nowrap][wfll_icon][rd_color]Glücksfall[/rd_color][/nowrap]-[rd_color]Chance[/rd_color].,passive,194,162,130,98,66,404:Progress_robo_trunk_sleightOfHand:Trunk - Row 1 - 1,blue,Luck of the Draw,抽签好运,Слепое везение,Glückssache,Progress_robo_trunk_sleightOfHand,Trunk - Row 1 - 1,,tooltip_robo_passive_01_TableFLip,fast_hands_5.png,/Game/DLC/Cowbell/uiresources/skill_icons/passives/c4sh_passive_blue_01.c4sh_passive_blue_01
404,Char_RoboDealer,C4sh,Insurance,保险,СТРАХОВЩИК,,"[primary]C4SH[/primary] gains increased [secondary]Shield Capacity[/secondary], [secondary]Shield Recharge Rate[/secondary], and improved [secondary]Shield Recharge Delay[/secondary].[newline][newline] Whenever [primary]C4SH's[/primary] [secondary]Shield[/secondary] fully recharges, he gains a [secondary]Stack[/secondary] of [nowrap][frtn_icon][rd_color]Fortune[/rd_color][/nowrap].",提升[primary]老钱[/primary]的[secondary]护盾容量[/secondary]、[secondary]护盾充能速率[/secondary]，并改善[secondary]护盾充能延迟[/secondary]。[newline][newline]当[primary]老钱[/primary]的[secondary]护盾[/secondary]完全充能时，其会获得一[secondary]层[/secondary][nowrap][frtn_icon][rd_color]时来运转[/rd_color][/nowrap]。,"У [primary]Н@ла[/primary] повышается [secondary]емкость щита[/secondary] и [secondary]скорость подзарядки щита[/secondary] и уменьшается [secondary]задержка подзарядки щита[/secondary].[newline][newline] Каждый раз, когда [secondary]щит[/secondary] [primary]Н@ла[/primary] полностью заряжается, он получает [secondary]заряд[/secondary] [nowrap][frtn_icon][rd_color]удачи[/rd_color][/nowrap].","[primary]C4SH[/primary] erhält erhöhte [secondary]Schildkapazität[/secondary], [secondary]Schild-Ladegeschwindigkeit[/secondary] sowie verbesserte [secondary]Schild-Ladeverzögerung[/secondary].[newline][newline] Immer wenn [primary]C4SHs[/primary] [secondary]Schild[/secondary] voll aufgeladen ist, erhält er einen [nowrap][frtn_icon][rd_color]Glückssträhne[/rd_color][/nowrap]-[secondary]Stapel[/secondary].",passive,193,161,129,97,65,404:Progress_robo_trunk_sleightOfHand:Trunk - Row 1 - 2,blue,Luck of the Draw,抽签好运,Слепое везение,Glückssache,Progress_robo_trunk_sleightOfHand,Trunk - Row 1 - 2,,tooltip_robo_passive_02_HeroCall,insurance_5.png,/Game/DLC/Cowbell/uiresources/skill_icons/passives/c4sh_passive_blue_02.c4sh_passive_blue_02
404,Char_RoboDealer,C4sh,Splash the Pot,溅锅水,Разбрасывание фишек,Den Pot sprengen,[primary]C4SH[/primary] gains increased [secondary]Ordnance Damage[/secondary]. This bonus is [secondary]doubled[/secondary] while [nowrap][wfll_icon][rd_color]Windfall[/rd_color][/nowrap] is active.,提升[primary]老钱[/primary]的[secondary]炮械伤害[/secondary]。发动[nowrap][wfll_icon][rd_color]意外之财[/rd_color][/nowrap]时，此加成效果[secondary]加倍[/secondary]。,"[secondary]Урон от снарядов[/secondary] [primary]Н@ла[/primary] повышен. Пока активна [nowrap][wfll_icon][rd_color]""Везуха""[/rd_color][/nowrap], этот бонус [secondary]удваивается[/secondary].","[primary]C4SH[/primary] erhält erhöhten [secondary]Kampfmittel-Schaden[/secondary]. Dieser Bonus wird [secondary]verdoppelt[/secondary], wenn [nowrap][wfll_icon][rd_color]Glücksfall[/rd_color][/nowrap] aktiv ist.",passive,192,160,128,96,64,404:Progress_robo_trunk_sleightOfHand:Trunk - Row 1 - 4,blue,Luck of the Draw,抽签好运,Слепое везение,Glückssache,Progress_robo_trunk_sleightOfHand,Trunk - Row 1 - 4,,tooltip_robo_passive_03_Steam,splash_the_pot_5.png,/Game/DLC/Cowbell/uiresources/skill_icons/passives/c4sh_passive_blue_04.c4sh_passive_blue_04
404,Char_RoboDealer,C4sh,Alchemy,炼金术,Алхимия,Alchemie,[primary]C4SH[/primary] gains increased [secondary]Elemental Effect Chance[/secondary].[newline][newline] Whenever [primary]C4SH[/primary] applies an [secondary]Elemental Effect[/secondary] he gains a [secondary]Stack[/secondary] of [nowrap][frtn_icon][rd_color]Fortune[/rd_color][/nowrap].,提升[primary]老钱[/primary]的[secondary]元素效果率[/secondary]。[newline][newline]当[primary]老钱[/primary]施加[secondary]元素效果[/secondary]时，其会获得一[secondary]层[/secondary][nowrap][frtn_icon][rd_color]时来运转[/rd_color][/nowrap]。,"[primary]Н@л[/primary] получает повышенный [secondary]шанс стихийного урона[/secondary].[newline][newline] Каждый раз, когда [primary]Н@л[/primary] накладывает [secondary]стихийный эффект[/secondary], он получает [secondary]заряд[/secondary] [nowrap][frtn_icon][rd_color]удачи[/rd_color][/nowrap].","[primary]C4SH[/primary] erhält eine erhöhte [secondary]Elementareffekt-Chance[/secondary].[newline][newline] Immer wenn [primary]C4SH[/primary] einen [secondary]Elementareffekt[/secondary] anwendet, erhält er einen [nowrap][frtn_icon][rd_color]Glückssträhne[/rd_color][/nowrap]-[secondary]Stapel[/secondary].",passive,191,159,127,95,63,404:Progress_robo_trunk_sleightOfHand:Trunk - Row 1 - 5,blue,Luck of the Draw,抽签好运,Слепое везение,Glückssache,Progress_robo_trunk_sleightOfHand,Trunk - Row 1 - 5,,tooltip_robo_passive_04_alchemy,alchemy_5.png,/Game/DLC/Cowbell/uiresources/skill_icons/passives/c4sh_passive_blue_05.c4sh_passive_blue_05
404,Char_RoboDealer,C4sh,Go for Broke,孤注一掷,Все на карту,Aufs Ganze,"Whenever [primary]C4SH[/primary] would gain a [nowrap][frtn_icon][rd_color]Fortune Stack[/rd_color][/nowrap], he gains a [secondary]Chance[/secondary] to gain [secondary]additional Stacks[/secondary].",当[primary]老钱[/primary]获得一层[nowrap][frtn_icon][rd_color]时来运转叠加[/rd_color][/nowrap]时，其有[secondary]几率[/secondary]获得[secondary]额外叠加[/secondary]。,"Каждый раз, когда [primary]Н@л[/primary] получает [nowrap][frtn_icon][rd_color]заряд удачи[/rd_color][/nowrap], у него есть [secondary]шанс[/secondary] получить [secondary]дополнительные заряды[/secondary].","Immer wenn [primary]C4SH[/primary] einen [nowrap][frtn_icon][rd_color]Glückssträhne-Stapel[/rd_color][/nowrap] erhält, erhält er die [secondary]Chance[/secondary] auf [secondary]zusätzliche Stapel[/secondary].",passive,190,158,126,94,62,404:Progress_robo_trunk_sleightOfHand:Trunk - Row 2 - 1,blue,Luck of the Draw,抽签好运,Слепое везение,Glückssache,Progress_robo_trunk_sleightOfHand,Trunk - Row 2 - 1,,tooltip_robo_passive_24_ReadTheSigns,go_for_broke_5.png,/Game/DLC/Cowbell/uiresources/skill_icons/passives/c4sh_passive_blue_23.c4sh_passive_blue_23
404,Char_RoboDealer,C4sh,Sounds of Rain,雨声滴滴,Звуки дождя,Regenprasseln,"[nowrap][frtn_icon][rd_color]Fortune[/rd_color][/nowrap] [rd_color]Skill.[/rd_color] [primary]C4SH[/primary] gains a [secondary]Chance[/secondary] to [secondary]Critically Hit[/secondary] with [secondary]Guns[/secondary], [secondary]Action Skills[/secondary], and [secondary]Ordnance[/secondary]. The more[nowrap][frtn_icon][rd_color]Fortune[/rd_color][/nowrap] [rd_color]Stacks[/rd_color] he has, the greater the [secondary]Chance[/secondary].",[nowrap][frtn_icon][rd_color]时来运转[/rd_color][/nowrap][rd_color]技能[/rd_color]。[primary]老钱[/primary]的[secondary]枪械[/secondary]、[secondary]主动技能[/secondary]和[secondary]炮械[/secondary]有[secondary]几率[/secondary]造成[secondary]暴击[/secondary]。老钱拥有的[nowrap][frtn_icon][rd_color]时来运转[/rd_color][/nowrap][rd_color]层数[/rd_color]越多，[secondary]几率[/secondary]越高。,"[rd_color]Навык[/rd_color] [nowrap][frtn_icon][rd_color]удачи[/rd_color][/nowrap]. [primary]Н@л[/primary] получает [secondary]шанс[/secondary] на [secondary]критическое попадание[/secondary] при [secondary]стрельбе[/secondary], использовании [secondary]активных навыков[/secondary] и [secondary]снарядов[/secondary]. Чем больше у него [rd_color]зарядов[/rd_color] [nowrap][frtn_icon][rd_color]удачи[/rd_color][/nowrap], тем выше [secondary]шанс[/secondary].","[nowrap][frtn_icon][rd_color]Glückssträhne[/rd_color][/nowrap]-[rd_color]Skill.[/rd_color] [primary]C4SH[/primary] erhält eine [secondary]Chance[/secondary] auf [secondary]kritische Treffer[/secondary] mit [secondary]Schusswaffen[/secondary], [secondary]Action-Skills[/secondary] und [secondary]Kampfmitteln[/secondary]. Je mehr [nowrap][frtn_icon][rd_color]Glückssträhne[/rd_color][/nowrap]-[rd_color]Stapel[/rd_color] er hat, desto größer ist die [secondary]Chance[/secondary].",passive,189,157,125,93,61,404:Progress_robo_trunk_sleightOfHand:Trunk - Row 2 - 3,blue,Luck of the Draw,抽签好运,Слепое везение,Glückssache,Progress_robo_trunk_sleightOfHand,Trunk - Row 2 - 3,,tooltip_robo_passive_06_SoundsOfRain,sounds_of_rain_5.png,/Game/DLC/Cowbell/uiresources/skill_icons/passives/c4sh_passive_blue_07.c4sh_passive_blue_07
404,Char_RoboDealer,C4sh,Trick-Taker,抽牌,На взятки,Trumpfhand,"[nowrap][frtn_icon][rd_color]Fortune[/rd_color][/nowrap] [rd_color]Skill.[/rd_color] [primary]C4SH[/primary] gains increased [nowrap][elemental_icon][secondary]Elemental[/secondary][/nowrap] [secondary]Damage[/secondary]. The more [nowrap][frtn_icon][rd_color]Fortune[/rd_color][/nowrap] [rd_color]Stacks[/rd_color] he has, the greater the bonus.",[nowrap][frtn_icon][rd_color]时来运转[/rd_color][/nowrap][rd_color]技能[/rd_color]。提升[primary]老钱[/primary]的[nowrap][elemental_icon][secondary]元素[/secondary][/nowrap][secondary]伤害[/secondary]。其拥有的[nowrap][frtn_icon][rd_color]时来运转[/rd_color][/nowrap][rd_color]层数[/rd_color]越多，加成效果越大。,"[rd_color]Навык[/rd_color] [nowrap][frtn_icon][rd_color]удачи[/rd_color][/nowrap]. [nowrap][elemental_icon][secondary]Стихийный[/secondary][/nowrap] [secondary]урон[/secondary] [primary]Н@ла[/primary] повышается. Чем больше у [primary]Н@ла[/primary] [rd_color]зарядов[/rd_color] [nowrap][frtn_icon][rd_color]удачи[/rd_color][/nowrap], тем выше бонус.","[nowrap][frtn_icon][rd_color][markup]Glückssträhne-Skill.[/markup][/rd_color][/nowrap] [primary]C4SH[/primary] erhält erhöhten [nowrap][elemental_icon][secondary]Elementarschaden[/secondary][/nowrap]. Je mehr [nowrap][frtn_icon][rd_color][markup]Glückssträhne-Stapel[/markup][/rd_color][/nowrap] er hat, desto größer der Bonus.",passive,188,156,124,92,60,404:Progress_robo_trunk_sleightOfHand:Trunk - Row 2 - 5,blue,Luck of the Draw,抽签好运,Слепое везение,Glückssache,Progress_robo_trunk_sleightOfHand,Trunk - Row 2 - 5,,tooltip_robo_passive_07_TrickTaker,tricktaker_5.png,/Game/DLC/Cowbell/uiresources/skill_icons/passives/c4sh_passive_blue_08.c4sh_passive_blue_08
404,Char_RoboDealer,C4sh,Late Scratch,意外退赛,Снятие со старта,Besser spät als nie,"Whenever [primary]C4SH[/primary] attempts to enter [nowrap][wfll_icon][rd_color]Windfall[/rd_color][/nowrap] and fails, he gains a [secondary]Stack[/secondary] of [nowrap][frtn_icon][rd_color]Fortune[/rd_color][/nowrap].",当[primary]老钱[/primary]尝试进入[nowrap][wfll_icon][rd_color]意外之财[/rd_color][/nowrap]状态并失败时，其会获得一[secondary]层[/secondary][nowrap][frtn_icon][rd_color]时来运转[/rd_color][/nowrap]。,"Каждый раз, когда [primary]Н@л[/primary] пытается войти в режим [nowrap][wfll_icon][rd_color]""Везухи""[/rd_color][/nowrap] и ему это не удается, он получает [secondary]заряд[/secondary] [nowrap][frtn_icon][rd_color]удачи[/rd_color][/nowrap].","Immer wenn [primary]C4SH[/primary] beim Auslösen von [nowrap][wfll_icon][rd_color]Glücksfall[/rd_color][/nowrap] scheitert, erhält er einen [nowrap][frtn_icon][rd_color]Glückssträhne[/rd_color][/nowrap]-[secondary]Stapel[/secondary].",passive,187,155,123,91,59,404:Progress_robo_trunk_sleightOfHand:Trunk - Row 3 - 2,blue,Luck of the Draw,抽签好运,Слепое везение,Glückssache,Progress_robo_trunk_sleightOfHand,Trunk - Row 3 - 2,,tooltip_robo_passive_09_LateScratch,late_scratch_5.png,/Game/DLC/Cowbell/uiresources/skill_icons/passives/c4sh_passive_blue_10.c4sh_passive_blue_10
404,Char_RoboDealer,C4sh,Devil's Tines,恶魔之齿,Дьявольские зубцы,Teufelszinken,[primary]C4SH[/primary] gains an additional [secondary]Augment Slot[/secondary].,[primary]老钱[/primary]获得额外[secondary]强化栏位[/secondary]。,[primary]Н@л[/primary] получает дополнительную [secondary]ячейку усиления[/secondary].,[primary]C4SH[/primary] erhält einen zusätzlichen [secondary]Erweiterungsslot[/secondary].,passive,186,154,122,90,58,404:Progress_robo_trunk_sleightOfHand:Trunk - Row 3 - 3,blue,Luck of the Draw,抽签好运,Слепое везение,Glückssache,Progress_robo_trunk_sleightOfHand,Trunk - Row 3 - 3,,tooltip_robo_passive_10_devilsTines_SoH,devils_tines_b_5.png,/Game/DLC/Cowbell/uiresources/skill_icons/passives/c4sh_passive_blue_11.c4sh_passive_blue_11
404,Char_RoboDealer,C4sh,Double-Down,双倍下注,Удвоение ставки,Verdoppeln,"[nowrap][frtn_icon][rd_color]Fortune[/rd_color][/nowrap] [rd_color]Skill.[/rd_color] [primary]C4SH[/primary] gains a [secondary]Chance[/secondary] to deal [secondary]Double Ordnance Damage[/secondary]. The more [nowrap][frtn_icon][rd_color]Fortune[/rd_color][/nowrap] [rd_color]Stacks[/rd_color] he has, the greater the [secondary]Chance[/secondary].",[nowrap][frtn_icon][rd_color]时来运转[/rd_color][/nowrap][rd_color]技能[/rd_color]。[primary]老钱[/primary]有[secondary]几率[/secondary]造成[secondary]双倍炮械伤害[/secondary]。老钱拥有的[nowrap][frtn_icon][rd_color]时来运转[/rd_color][/nowrap][rd_color]层数[/rd_color]越多，[secondary]几率[/secondary]越高。,"[rd_color]Навык[/rd_color] [nowrap][frtn_icon][rd_color]удачи[/rd_color][/nowrap]. [primary]Н@л[/primary] получает [secondary]шанс[/secondary] нанести [secondary]двойной урон от снарядов[/secondary]. Чем больше у него [rd_color]зарядов[/rd_color] [nowrap][frtn_icon][rd_color]удачи[/rd_color][/nowrap], тем выше [secondary]шанс[/secondary].","[nowrap][frtn_icon][rd_color]Glückssträhne[/rd_color][/nowrap]-[rd_color]Skill.[/rd_color] [primary]C4SH[/primary] erhält eine zweite [secondary]Chance[/secondary], [secondary]doppelten Kampfmittel-Schaden[/secondary] zu bewirken. Je mehr [nowrap][frtn_icon][rd_color]Glückssträhne[/rd_color][/nowrap]-[rd_color]Stapel[/rd_color] er hat, desto größer ist die [secondary]Chance[/secondary].",passive,30,29,28,27,26,404:Progress_robo_trunk_sleightOfHand:Trunk - Row 3 - 4,blue,Luck of the Draw,抽签好运,Слепое везение,Glückssache,Progress_robo_trunk_sleightOfHand,Trunk - Row 3 - 4,,tooltip_robo_passive_11_DoubleDown,doubledown_5.png,/Game/DLC/Cowbell/uiresources/skill_icons/passives/c4sh_passive_blue_12.c4sh_passive_blue_12
404,Char_RoboDealer,C4sh,Wretched Shadows,可悲身影,Злобные тени,Elende Schatten,"[secondary]Melee Override.[/secondary] Throw a [primary]Grasping Tentacle Card[/primary] that attaches to an area on impact. For a [secondary]Duration[/secondary], it constantly [secondary]Slows[/secondary] and deals [nowrap][kinetic_icon][kinetic]Kinetic[/kinetic][/nowrap] [kinetic]Lifesteal Damage[/kinetic] based on [primary]C4SH's[/primary] [nowrap][frtn_icon][rd_color]Fortune[/rd_color][/nowrap] [rd_color]Stacks[/rd_color].",[secondary]近战替换[/secondary]。扔出一张[primary]抓握触手卡牌[/primary]，在撞击时附着在区域内。在[secondary]一段时间[/secondary]内，其会根据[primary]老钱的[/primary][nowrap][frtn_icon][rd_color]时来运转[/rd_color][/nowrap][rd_color]层数[/rd_color]持续施加[secondary]缓慢[/secondary]并造成[nowrap][kinetic_icon][kinetic]动能[/kinetic][/nowrap][kinetic]吸血伤害[/kinetic]。,"[secondary]Навык ближнего боя.[/secondary] Бросает [primary]карту ""Цепкое щупальце""[/primary], и при попадании щупальце прикрепляется к области. В течение [secondary]времени действия[/secondary] оно постоянно [secondary]замедляет[/secondary] врагов и наносит [nowrap][kinetic_icon][kinetic]кинетический[/kinetic][/nowrap] [kinetic]урон кражей здоровья[/kinetic], в зависимости от количества [rd_color]зарядов[/rd_color] [nowrap][frtn_icon][rd_color]удачи[/rd_color][/nowrap] [primary]Н@ла[/primary].","[secondary]Nahkampf-Override.[/secondary] Wirft eine [primary]Zupackende-Tentakel-Karte[/primary], die beim Aufprall an einem Bereich anhaftet. [secondary]Vorübergehend[/secondary] [secondary]verlangsamt[/secondary] sie [secondary]Feinde[/secondary] konstant und fügt ihnen [nowrap][kinetic_icon][kinetic]kinetischen[/kinetic][/nowrap] [kinetic]Lebensraub-Schaden[/kinetic] basierend auf der Anzahl von [primary]C4SHs[/primary] [nowrap][frtn_icon][rd_color]Glückssträhne[/rd_color][/nowrap]-[secondary]Stapeln[/secondary] zu.",passive,185,153,121,89,57,404:Progress_robo_trunk_sleightOfHand:Trunk - Row 3 - 5,blue,Luck of the Draw,抽签好运,Слепое везение,Glückssache,Progress_robo_trunk_sleightOfHand,Trunk - Row 3 - 5,,tooltip_robo_passive_12_wretchedShadows,wretched_shadows_5.png,/Game/DLC/Cowbell/uiresources/skill_icons/passives/c4sh_passive_blue_13.c4sh_passive_blue_13
404,Char_RoboDealer,C4sh,High Roller,豪赌之王,Отчаянный игрок,Glücksspieler,"[primary]C4SH[/primary] gains increased [secondary]Gun Damage[/secondary]. The more [secondary]Action Skill Cooldown[/secondary] he has, the greater the bonus.",提升[primary]老钱[/primary]的[secondary]枪械伤害[/secondary]。其的[secondary]主动技能冷却时间[/secondary]越多，加成越大。,"[secondary]Урон от стрельбы[/secondary] [primary]Н@ла[/primary] повышается. Чем больше у него [secondary]время восстановления активного навыка[/secondary], тем выше бонус.","[primary]C4SH[/primary] erhält erhöhten [secondary]Schusswaffen-Schaden[/secondary]. Je mehr [secondary]Action-Skill-Abklinggeschwindigkeit[/secondary] er hat, desto größer der Bonus.",passive,265,328,391,454,517,404:Progress_robo_branch_sleightOfHand_1:Branch - Row 1 - 1,blue,Luck of the Draw,抽签好运,Слепое везение,Glückssache,Progress_robo_branch_sleightOfHand_1,Branch - Row 1 - 1,,tooltip_robo_passive_13_HighRoller,high_roller_5.png,/Game/DLC/Cowbell/uiresources/skill_icons/passives/c4sh_passive_blue_20.c4sh_passive_blue_20
404,Char_RoboDealer,C4sh,Take the Pot,碰运气,Срываем банк,Her mit dem Pott,"[nowrap][frtn_icon][rd_color]Fortune[/rd_color][/nowrap] [rd_color]Skill.[/rd_color] Whenever [primary]C4SH[/primary] activates his [secondary]Action Skill[/secondary], restore a portion of his [secondary]Health[/secondary]. Excess [secondary]healing[/secondary] is added to his [secondary]Shields[/secondary] and [secondary]Overshield[/secondary]. The more [nowrap][frtn_icon][rd_color]Fortune[/rd_color][/nowrap] [rd_color]Stacks[/rd_color] [primary]C4SH[/primary] has, the greater the bonus.",[nowrap][frtn_icon][rd_color]时来运转[/rd_color][/nowrap][rd_color]技能[/rd_color]。当[primary]老钱[/primary]发动[secondary]主动技能[/secondary]时，恢复其一部分[secondary]生命值[/secondary]。多余[secondary]治疗[/secondary]将添加至[secondary]护盾[/secondary]和[secondary]超强护盾[/secondary]中。[primary]老钱[/primary]拥有的[nowrap][frtn_icon][rd_color]时来运转[/rd_color][/nowrap][rd_color]层数[/rd_color]越多，加成效果越大。,"[rd_color]Навык[/rd_color] [nowrap][frtn_icon][rd_color]удачи[/rd_color][/nowrap]. Каждый раз, когда [primary]Н@л[/primary] задействует [secondary]активный навык[/secondary], он восстанавливает часть [secondary]здоровья[/secondary]. Излишки [secondary]здоровья[/secondary] добавляются к его [secondary]щитам[/secondary] и [secondary]суперщиту[/secondary]. Чем больше у [primary]Н@ла[/primary] [rd_color]зарядов[/rd_color] [nowrap][frtn_icon][rd_color]удачи[/rd_color][/nowrap], тем выше бонус.","[nowrap][frtn_icon][rd_color][markup]Glückssträhne-Skill.[/markup][/rd_color][/nowrap] Immer wenn [primary]C4SH[/primary] seinen [secondary]Action-Skill[/secondary] aktiviert, wird ein Teil seiner [secondary]Gesundheit[/secondary] wiederhergestellt. Überschüssige [secondary]Heilung[/secondary] wird seinen [secondary]Schilden[/secondary] und seinem [secondary]Überschild[/secondary] hinzugefügt. Je mehr [nowrap][frtn_icon][rd_color][markup]Glückssträhne-Stapel[/markup][/rd_color][/nowrap] er hat, desto größer der Bonus.",passive,266,329,392,455,518,404:Progress_robo_branch_sleightOfHand_1:Branch - Row 1 - 3,blue,Luck of the Draw,抽签好运,Слепое везение,Glückssache,Progress_robo_branch_sleightOfHand_1,Branch - Row 1 - 3,,tooltip_robo_passive_14_TakeThePot,take_the_pot_5.png,/Game/DLC/Cowbell/uiresources/skill_icons/passives/c4sh_passive_blue_15.c4sh_passive_blue_15
404,Char_RoboDealer,C4sh,Stack the Deck,送牌,Смена расклада,Kartentrick,"[nowrap][frtn_icon][rd_color]Fortune[/rd_color][/nowrap] [rd_color]Skill.[/rd_color] Whenever [primary]C4SH[/primary] readies an [secondary]Action Skill[/secondary], he gains increased [secondary]Skill Damage[/secondary], [secondary]Fire Rate[/secondary], and [secondary]Reload Speed[/secondary]. The more [nowrap][frtn_icon][rd_color]Fortune[/rd_color][/nowrap] [rd_color]Stacks[/rd_color] [primary]C4SH[/primary] has, the greater the bonus.",[nowrap][frtn_icon][rd_color]时来运转[/rd_color][/nowrap][rd_color]技能[/rd_color]。当[primary]老钱[/primary]的[secondary]主动技能[/secondary]就绪时，将提升其[secondary]技能伤害[/secondary]、[secondary]射速[/secondary]和[secondary]装填速度[/secondary]。[primary]老钱[/primary]拥有的[nowrap][frtn_icon][rd_color]时来运转[/rd_color][/nowrap][rd_color]层数[/rd_color]越多，加成效果越大。,"[rd_color]Навык[/rd_color] [nowrap][frtn_icon][rd_color]удачи[/rd_color][/nowrap]. Каждый раз, когда [primary]Н@л[/primary] подготавливает [secondary]активный навык[/secondary], его [secondary]урон от навыков[/secondary], [secondary]скорострельность[/secondary] и [secondary]скорость перезарядки[/secondary] повышаются. Чем больше у [primary]Н@ла[/primary] [rd_color]зарядов[/rd_color] [nowrap][frtn_icon][rd_color]удачи[/rd_color][/nowrap], тем выше бонус.","[nowrap][frtn_icon][rd_color][markup]Glückssträhne-Skill.[/markup][/rd_color][/nowrap] Immer wenn [primary]C4SH[/primary] einen [secondary]Action-Skill[/secondary] vorbereitet, erhält er höheren [secondary]Skill-Schaden[/secondary] sowie eine erhöhte [secondary]Feuerrate[/secondary] und [secondary]Nachladegeschwindigkeit[/secondary]. Je mehr [nowrap][frtn_icon][rd_color][markup]Glückssträhne-Stapel[/markup][/rd_color][/nowrap] [primary]C4SH[/primary] hat, desto größer der Bonus.",passive,267,330,393,456,519,404:Progress_robo_branch_sleightOfHand_1:Branch - Row 2 - 1,blue,Luck of the Draw,抽签好运,Слепое везение,Glückssache,Progress_robo_branch_sleightOfHand_1,Branch - Row 2 - 1,,tooltip_robo_passive_15_StackTheDeck,stack_the_deck_5.png,/Game/DLC/Cowbell/uiresources/skill_icons/passives/c4sh_passive_blue_16.c4sh_passive_blue_16
404,Char_RoboDealer,C4sh,Legerdemain,巧妙花招,Надувательство,Taschenspielertrick,"[primary]C4SH[/primary] gains increased [secondary]Reload Speed[/secondary]. The lower his [secondary]Gun's Mag Size[/secondary], the greater the bonus.",提升[primary]老钱[/primary]的[secondary]装填速度[/secondary]。其[secondary]枪械弹匣容量[/secondary]越小，加成效果越大。,"[secondary]Скорость перезарядки[/secondary] [primary]Н@ла[/primary] повышается. Чем меньше емкость [secondary]магазина его пушки[/secondary], тем выше бонус.","[primary]C4SH[/primary] erhält eine verbesserte [secondary]Nachladegeschwindigkeit[/secondary]. Je kleiner sein [secondary]Schusswaffen-Magazin[/secondary], desto größer der Bonus.",passive,268,331,394,457,520,404:Progress_robo_branch_sleightOfHand_1:Branch - Row 2 - 2,blue,Luck of the Draw,抽签好运,Слепое везение,Glückssache,Progress_robo_branch_sleightOfHand_1,Branch - Row 2 - 2,,tooltip_robo_passive_16_Legerdemain,legerdemain_5.png,/Game/DLC/Cowbell/uiresources/skill_icons/passives/c4sh_passive_blue_17.c4sh_passive_blue_17
404,Char_RoboDealer,C4sh,Vigorish,活力满满,Энергичненькость,Gewinnanteil,"[nowrap][frtn_icon][rd_color]Fortune[/rd_color][/nowrap] [rd_color]Skill.[/rd_color] Whenever [primary]C4SH[/primary] deals [secondary]Damage[/secondary] with an [secondary]Action Skill[/secondary], his [secondary]Guns[/secondary] deal [nowrap][elemental_icon][secondary]Bonus[/secondary][/nowrap] [secondary]Elemental Damage[/secondary] of that type. The more [nowrap][frtn_icon][rd_color]Fortune[/rd_color][/nowrap] [rd_color]Stacks[/rd_color] [primary]C4SH[/primary] has, the greater the bonus.",[nowrap][frtn_icon][rd_color]时来运转[/rd_color][/nowrap][rd_color]技能[/rd_color]。当[primary]老钱[/primary]的[secondary]主动技能[/secondary]造成[secondary]伤害[/secondary]时，其[secondary]枪械[/secondary]会造成与技能类型相同的[nowrap][elemental_icon][secondary]加成[/secondary][/nowrap][secondary]元素伤害[/secondary]。[primary]老钱[/primary]拥有的[nowrap][frtn_icon][rd_color]时来运转[/rd_color][/nowrap][rd_color]层数[/rd_color]越多，加成效果越大。,"[rd_color]Навык[/rd_color] [nowrap][frtn_icon][rd_color]удачи[/rd_color][/nowrap]. Каждый раз, когда [primary]Н@л[/primary] наносит [secondary]урон[/secondary] своим [secondary]активным навыком[/secondary], его [secondary]пушки[/secondary] наносят [nowrap][elemental_icon][secondary]дополнительный[/secondary][/nowrap] [secondary]стихийный урон[/secondary] того же типа. Чем больше у [primary]Н@ла[/primary] [rd_color]зарядов[/rd_color] [nowrap][frtn_icon][rd_color]удачи[/rd_color][/nowrap], тем выше бонус.","[nowrap][frtn_icon][rd_color]Glückssträhne[/rd_color][/nowrap]-[rd_color]Skill.[/rd_color] Immer wenn [primary]C4SH[/primary] [secondary]Schaden[/secondary] mit einem [secondary]Action-Skill[/secondary] verursacht, bewirken seine [secondary]Schusswaffen[/secondary] [nowrap][elemental_icon][secondary]Bonus[/secondary][/nowrap]-[secondary]Elementarschaden[/secondary] desselben Typs. Je mehr [nowrap][frtn_icon][rd_color]Glückssträhne[/rd_color][/nowrap]-[rd_color]Stapel[/rd_color] [primary]C4SH[/primary] hat, destro größer der Bonus.",passive,269,332,395,458,521,404:Progress_robo_branch_sleightOfHand_1:Branch - Row 2 - 3,blue,Luck of the Draw,抽签好运,Слепое везение,Glückssache,Progress_robo_branch_sleightOfHand_1,Branch - Row 2 - 3,,tooltip_robo_passive_17_Fortuity,vigorish_5.png,/Game/DLC/Cowbell/uiresources/skill_icons/passives/c4sh_passive_blue_18.c4sh_passive_blue_18
404,Char_RoboDealer,C4sh,Dealer's Bluff,庄家把戏,Блеф крупье,Geber-Bluff,"Whenever [primary]C4SH[/primary] gains a [secondary]Stack[/secondary] of [nowrap][frtn_icon][rd_color]Fortune[/rd_color][/nowrap], restore his [secondary]Action Skill Cooldown[/secondary].",当[primary]老钱[/primary]获得一[secondary]层[/secondary][nowrap][frtn_icon][rd_color]时来运转[/rd_color][/nowrap]时，恢复其[secondary]主动技能冷却时间[/secondary]。,"Каждый раз, когда [primary]Н@л[/primary] получает [secondary]заряд[/secondary] [nowrap][frtn_icon][rd_color]удачи[/rd_color][/nowrap], сокращается [secondary]время восстановления его активного навыка[/secondary].","Immer wenn [primary]C4SH[/primary] einen [nowrap][frtn_icon][rd_color]Glückssträhne[/rd_color][/nowrap]-[secondary]Stapel[/secondary] erhält, wird seine [secondary]Action-Skill-Abklingzeit[/secondary] wiederhergestellt.",passive,270,333,396,459,522,404:Progress_robo_branch_sleightOfHand_1:Branch - Row 3 - 1,blue,Luck of the Draw,抽签好运,Слепое везение,Glückssache,Progress_robo_branch_sleightOfHand_1,Branch - Row 3 - 1,,tooltip_robo_passive_18_DealersBluff,dealers_bluff_5.png,/Game/DLC/Cowbell/uiresources/skill_icons/passives/c4sh_passive_blue_19.c4sh_passive_blue_19
404,Char_RoboDealer,C4sh,Ace in the Hole,手中王牌,Туз в рукаве,Ass im Ärmel,"[primary]C4SH[/primary] gains increased [secondary]Gun Damage[/secondary] for every [secondary]Stack[/secondary] of [nowrap][frtn_icon][rd_color]Fortune[/rd_color][/nowrap]. While [nowrap][wfll_icon][rd_color]Windfall[/rd_color][/nowrap] is active, gain increased [secondary]Gun Damage[/secondary] as if [primary]C4SH[/primary] has [secondary]Max Stacks[/secondary] of [nowrap][frtn_icon][rd_color]Fortune[/rd_color][/nowrap].",[primary]老钱[/primary]每拥有[secondary]一层[/secondary][nowrap][frtn_icon][rd_color]时来运转[/rd_color][/nowrap]，都将提升[secondary]枪械伤害[/secondary]。如发动[nowrap][wfll_icon][rd_color]意外之财[/rd_color][/nowrap]发动，则按照[primary]老钱[/primary]拥有[nowrap][frtn_icon][rd_color]时来运转[/rd_color][/nowrap][secondary]最大层数[/secondary]时的效果提升[secondary]枪械伤害[/secondary]。,"За каждый [secondary]заряд[/secondary] [nowrap][frtn_icon][rd_color]удачи[/rd_color][/nowrap] [primary]Н@ла[/primary] увеличивается [secondary]урон от стрельбы[/secondary]. Пока активна [nowrap][wfll_icon][rd_color]""Везуха""[/rd_color][/nowrap], [secondary]урон от стрельбы[/secondary] [primary]Н@ла[/primary] повышается, будто у [primary]Н@ла[/primary] [secondary]максимальный запас[/secondary] [nowrap][frtn_icon][rd_color]удачи[/rd_color][/nowrap].","[primary]C4SH[/primary] erhält erhöhten [secondary]Schusswaffen-Schaden[/secondary] für jeden [nowrap][frtn_icon][rd_color][markup]Glückssträhne-Stapel[/markup][/rd_color][/nowrap]. Während [nowrap][wfll_icon][rd_color]Glücksfall[/rd_color][/nowrap] aktiv ist, erhält [primary]C4SH[/primary] erhöhten [secondary]Schusswaffen-Schaden[/secondary], als hätte er die [secondary]maximale Anzahl[/secondary] an [nowrap][frtn_icon][rd_color]Glückssträhne[/rd_color][/nowrap]-[secondary]Stapeln[/secondary].",passive,272,335,398,461,524,404:Progress_robo_branch_sleightOfHand_2:Branch - Row 1 - 1,blue,Luck of the Draw,抽签好运,Слепое везение,Glückssache,Progress_robo_branch_sleightOfHand_2,Branch - Row 1 - 1,,tooltip_robo_passive_19_AceInTheHole,ace_in_the_hole_5.png,/Game/DLC/Cowbell/uiresources/skill_icons/passives/c4sh_passive_blue_21.c4sh_passive_blue_21
404,Char_RoboDealer,C4sh,Around the Corner,近在咫尺,Не сегодня завтра,Um die Ecke,[nowrap][frtn_icon][rd_color]Fortune[/rd_color][/nowrap] [rd_color]Skill.[/rd_color] [primary]C4SH[/primary] gains increased [secondary]Action Skill Cooldown Rate[/secondary] for every [secondary]Stack[/secondary] of [nowrap][frtn_icon][rd_color]Fortune[/rd_color][/nowrap].,[nowrap][frtn_icon][rd_color]时来运转[/rd_color][/nowrap][rd_color]技能[/rd_color]。[primary]老钱[/primary]每拥有一[secondary]层[/secondary][nowrap][frtn_icon][rd_color]时来运转[/rd_color][/nowrap]，都将提升其[secondary]主动几率冷却速率[/secondary]。,[rd_color]Навык[/rd_color] [nowrap][frtn_icon][rd_color]удачи[/rd_color][/nowrap]. За каждый [secondary]заряд[/secondary] [nowrap][frtn_icon][rd_color]удачи[/rd_color][/nowrap] [secondary]скорость восстановления активного навыка[/secondary] [primary]Н@ла[/primary] увеличивается.,[nowrap][frtn_icon][rd_color][markup]Glückssträhne-Skill.[/markup][/rd_color][/nowrap] [primary]C4SH[/primary] erhält eine erhöhte [secondary]Action-Skill-Abklinggeschwindigkeit[/secondary] für jeden [nowrap][frtn_icon][rd_color][markup]Glückssträhne-Stapel[/markup][/rd_color].[/nowrap],passive,273,336,399,462,525,404:Progress_robo_branch_sleightOfHand_2:Branch - Row 1 - 3,blue,Luck of the Draw,抽签好运,Слепое везение,Glückssache,Progress_robo_branch_sleightOfHand_2,Branch - Row 1 - 3,,tooltip_robo_passive_20_AroundTheCorner,around_the_corner_5.png,/Game/DLC/Cowbell/uiresources/skill_icons/passives/c4sh_passive_blue_22.c4sh_passive_blue_22
404,Char_RoboDealer,C4sh,House Edge,庄家优势,Маржа заведения,Hausvorteil,"Whenever [primary]C4SH[/primary] enters [nowrap][wfll_icon][rd_color]Windfall[/rd_color][/nowrap], he only consumes [secondary]half[/secondary] his [nowrap][frtn_icon][rd_color]Fortune[/rd_color][/nowrap] [rd_color]Stacks[/rd_color].",当[primary]老钱[/primary]进入[nowrap][wfll_icon][rd_color]意外之财[/rd_color][/nowrap]状态时，其只会消耗[secondary]一半[/secondary][nowrap][frtn_icon][rd_color]时来运转[/rd_color][/nowrap][rd_color]层数[/rd_color]。,"Каждый раз, когда [primary]Н@л[/primary] входит в режим [nowrap][wfll_icon][rd_color]""Везухи""[/rd_color][/nowrap], он тратит только [secondary]половину[/secondary] своих [rd_color]зарядов[/rd_color] [nowrap][frtn_icon][rd_color]удачи[/rd_color][/nowrap].","Immer wenn [primary]C4SH[/primary] [nowrap][wfll_icon][rd_color]Glücksfall[/rd_color][/nowrap] auslöst, verbraucht er nur die [secondary]Hälfte[/secondary] seiner [nowrap][frtn_icon][rd_color]Glückssträhne[/rd_color][/nowrap]-[rd_color]Stapel[/rd_color].",passive,275,338,401,464,527,404:Progress_robo_branch_sleightOfHand_2:Branch - Row 2 - 2,blue,Luck of the Draw,抽签好运,Слепое везение,Glückssache,Progress_robo_branch_sleightOfHand_2,Branch - Row 2 - 2,,tooltip_robo_passive_22_TheHouse,house_edge_5.png,/Game/DLC/Cowbell/uiresources/skill_icons/passives/c4sh_passive_blue_24.c4sh_passive_blue_24
404,Char_RoboDealer,C4sh,C4SH Game,老钱游戏,Игра за Н@л,C4SH-Game,All [nowrap][frtn_icon][rd_color]Fortune Skills[/rd_color][/nowrap] act as if [primary]C4SH[/primary] has a [secondary]minimum[/secondary] number of [nowrap][frtn_icon][rd_color]Fortune[/rd_color][/nowrap] [rd_color]Stacks[/rd_color].,全部[nowrap][frtn_icon][rd_color]时来运转技能[/rd_color][/nowrap]都将具有[primary]老钱[/primary]拥有[secondary]最小[/secondary][nowrap][frtn_icon][rd_color]时来运转[/rd_color][/nowrap][rd_color]层数[/rd_color]时的效果。,"Все [nowrap][frtn_icon][rd_color]навыки удачи[/rd_color][/nowrap] действуют так, будто бы у [primary]Н@ла[/primary] [secondary]минимальное[/secondary] количество [rd_color]зарядов[/rd_color] [nowrap][frtn_icon][rd_color]удачи[/rd_color][/nowrap].","Alle [nowrap][frtn_icon][rd_color]Glückssträhne-Skills[/rd_color][/nowrap] funktionieren, als hätte [primary]C4SH[/primary] eine [secondary]Mindestanzahl[/secondary] an [nowrap][frtn_icon][rd_color]Glückssträhne[/rd_color][/nowrap]-[rd_color]Stapeln[/rd_color].",passive,276,339,402,465,528,404:Progress_robo_branch_sleightOfHand_2:Branch - Row 2 - 3,blue,Luck of the Draw,抽签好运,Слепое везение,Glückssache,Progress_robo_branch_sleightOfHand_2,Branch - Row 2 - 3,,tooltip_robo_passive_21_C4SHGame,c4sh_game_5.png,/Game/DLC/Cowbell/uiresources/skill_icons/passives/c4sh_passive_blue_27.c4sh_passive_blue_27
404,Char_RoboDealer,C4sh,No Limit,毫无限制,Безлимит,Kein Limit,[primary]C4SH[/primary] gains increased [nowrap][frtn_icon][rd_color]Max[/rd_color] [rd_color]Fortune Stacks[/rd_color][/nowrap].[newline][newline] [nowrap][frtn_icon][rd_color]Fortune[/rd_color][/nowrap] [rd_color]Stacks[/rd_color] have [secondary]decreased Chances[/secondary] to enter [nowrap][wfll_icon][rd_color]Windfall[/rd_color][/nowrap].,提升[primary]老钱[/primary]的[nowrap][frtn_icon][rd_color]最大[/rd_color][rd_color]时来运转层数[/rd_color][/nowrap]。[newline][newline][nowrap][frtn_icon][rd_color]时来运转[/rd_color][/nowrap][rd_color]叠加[/rd_color]进入[nowrap][wfll_icon][rd_color]意外之财[/rd_color][/nowrap]状态的[secondary]几率降低[/secondary]。,"[nowrap][frtn_icon][rd_color]Максимум[/rd_color] [rd_color]зарядов удачи[/rd_color][/nowrap] [primary]Н@ла[/primary] повышается.[newline][newline] [rd_color]Заряды[/rd_color] [nowrap][frtn_icon][rd_color]удачи[/rd_color][/nowrap] имеют [secondary]пониженный шанс[/secondary] на вход в режим [nowrap][wfll_icon][rd_color]""Везухи""[/rd_color][/nowrap].","[primary]C4SH[/primary] erhält erhöhte [nowrap][frtn_icon][rd_color]maximale[/rd_color] [rd_color]Glückssträhne-Stapel[/rd_color][/nowrap].[newline][newline] [nowrap][frtn_icon][rd_color]Glückssträhne[/rd_color][/nowrap]-[rd_color]Stapel[/rd_color] haben eine [secondary]geringere Chance[/secondary], [nowrap][wfll_icon][rd_color]Glücksfall[/rd_color][/nowrap] auszulösen.",passive,277,340,403,466,529,404:Progress_robo_branch_sleightOfHand_2:Branch - Row 3 - 1,blue,Luck of the Draw,抽签好运,Слепое везение,Glückssache,Progress_robo_branch_sleightOfHand_2,Branch - Row 3 - 1,,tooltip_robo_passive_23_RiskyBusiness,no_limit_5.png,/Game/DLC/Cowbell/uiresources/skill_icons/passives/c4sh_passive_blue_26.c4sh_passive_blue_26
404,Char_RoboDealer,C4sh,Ante Up,加大赌注,Раскошеливаемся,Hoch gepokert,"[nowrap][frtn_icon][rd_color]Fortune[/rd_color][/nowrap] [rd_color]Skill.[/rd_color] [primary]C4SH[/primary] gains increased [secondary]Gun Damage[/secondary] and [secondary]Skill Damage[/secondary]. The more full his [secondary]Gun's Mag[/secondary] is and the more [nowrap][frtn_icon][rd_color]Fortune Stacks[/rd_color][/nowrap] he has, the greater the [secondary]Bonus[/secondary].",[nowrap][frtn_icon][rd_color]时来运转[/rd_color][/nowrap][rd_color]技能。[/rd_color]提升[primary]老钱[/primary]的[secondary]枪械伤害[/secondary]和[secondary]技能伤害[/secondary]。其[secondary]枪械弹匣[/secondary]弹药越多且拥有的[nowrap][frtn_icon][rd_color]时来运转叠加[/rd_color][/nowrap]越多，则[secondary]加成[/secondary]效果越大。,"[nowrap][rd_color]Навык[/rd_color][/nowrap] [frtn_icon][rd_color]удачи[/rd_color]. [secondary]Урон от стрельбы[/secondary] и [secondary]урон от навыков[/secondary] [primary]Н@ла[/primary] повышается. Чем более заполнен [secondary]магазин оружия[/secondary] [primary]Н@ла[/primary] и чем больше у него [nowrap][frtn_icon][rd_color]зарядов удачи[/rd_color][/nowrap], тем выше [secondary]бонус[/secondary].","[nowrap][frtn_icon][rd_color]Glückssträhne[/rd_color][/nowrap][rd_color]-Skill.[/rd_color] [primary]C4SH[/primary] erhält erhöhten [secondary]Schusswaffen-[/secondary] und [secondary]Skill-Schaden[/secondary]. Je voller sein [secondary]Schusswaffen-Magazin[/secondary] ist und je mehr [nowrap][frtn_icon][rd_color]Glückssträhne-Stapel[/rd_color][/nowrap] er hat, desto größer der [secondary]Bonus[/secondary].",passive,278,341,404,467,530,404:Progress_robo_branch_sleightOfHand_2:Branch - Row 3 - 3,blue,Luck of the Draw,抽签好运,Слепое везение,Glückssache,Progress_robo_branch_sleightOfHand_2,Branch - Row 3 - 3,,tooltip_robo_passive_05_ante,ante_up_5.png,/Game/DLC/Cowbell/uiresources/skill_icons/passives/c4sh_passive_green_01.c4sh_passive_green_01
404,Char_RoboDealer,C4sh,Kill Button,杀戮按钮,Кнопка выкл,Kill-Knopf,"[nowrap][frtn_icon][rd_color]Fortune[/rd_color][/nowrap] [rd_color]Skill.[/rd_color] [primary]C4SH[/primary] gains increased [secondary]Ordnance Damage[/secondary]. The more [nowrap][frtn_icon][rd_color]Fortune[/rd_color][/nowrap] [rd_color]Stacks[/rd_color] [primary]C4SH[/primary] has, the greater the bonus.",[nowrap][frtn_icon][rd_color]时来运转[/rd_color][/nowrap][rd_color]技能[/rd_color]。提升[primary]老钱[/primary]的[secondary]炮械伤害[/secondary]。[primary]老钱[/primary]拥有的[nowrap][frtn_icon][rd_color]时来运转[/rd_color][/nowrap][rd_color]层数[/rd_color]越多，加成效果越大。,"[rd_color]Навык[/rd_color] [nowrap][frtn_icon][rd_color]удачи[/rd_color][/nowrap]. [secondary]Урон от снарядов[/secondary] [primary]Н@ла[/primary] повышается. Чем больше у [primary]Н@ла[/primary] [rd_color]зарядов[/rd_color] [nowrap][frtn_icon][rd_color]удачи[/rd_color][/nowrap], тем выше бонус.","[nowrap][frtn_icon][rd_color][markup]Glückssträhne-Skill.[/markup][/rd_color][/nowrap] [primary]C4SH[/primary] erhält erhöhten [secondary]Kampfmittel-Schaden[/secondary]. Je mehr [nowrap][frtn_icon][rd_color][markup]Glückssträhne-Stapel[/markup][/rd_color][/nowrap] er hat, desto größer der Bonus.",passive,279,342,405,468,531,404:Progress_robo_branch_sleightOfHand_3:Branch - Row 1 - 1,blue,Luck of the Draw,抽签好运,Слепое везение,Glückssache,Progress_robo_branch_sleightOfHand_3,Branch - Row 1 - 1,,tooltip_robo_passive_25_TheTurn,kill_button_5.png,/Game/DLC/Cowbell/uiresources/skill_icons/passives/c4sh_passive_blue_28.c4sh_passive_blue_28
404,Char_RoboDealer,C4sh,Payout,派彩,Выплата,Ausschüttung,[primary]C4SH's[/primary] [nowrap][frtn_icon][rd_color]Fortune Skills[/rd_color][/nowrap] gain increased bonuses.,提升[primary]老钱[/primary]的[nowrap][frtn_icon][rd_color]时来运转技能[/rd_color][/nowrap]加成。,[nowrap][frtn_icon][rd_color]Навыки удачи[/rd_color][/nowrap] [primary]Н@ла[/primary] получают повышенные бонусы.,[primary]C4SHs[/primary] [nowrap][frtn_icon][rd_color]Glückssträhne-Skills[/rd_color][/nowrap] erhalten erhöhte Boni.,passive,280,343,406,469,532,404:Progress_robo_branch_sleightOfHand_3:Branch - Row 1 - 3,blue,Luck of the Draw,抽签好运,Слепое везение,Glückssache,Progress_robo_branch_sleightOfHand_3,Branch - Row 1 - 3,,tooltip_robo_passive_26_Payout,payout_5.png,/Game/DLC/Cowbell/uiresources/skill_icons/passives/c4sh_passive_blue_29.c4sh_passive_blue_29
404,Char_RoboDealer,C4sh,Boom or Bust,要么暴富，要么破产,Подъем или спад,Hopp oder top,"Whenever [primary]C4SH[/primary] enters [nowrap][wfll_icon][rd_color]Windfall[/rd_color][/nowrap], spawn a [secondary]free Grenade[/secondary] on nearby [secondary]enemies[/secondary] equal to the [nowrap][frtn_icon][rd_color]Fortune[/rd_color][/nowrap] [rd_color]Stacks[/rd_color] he had.",当[primary]老钱[/primary]进入[nowrap][wfll_icon][rd_color]意外之财[/rd_color][/nowrap]状态时，会在附近[secondary]敌人[/secondary]身上生成一枚[secondary]免费手雷[/secondary]。受影响的敌人数量与其拥有的[nowrap][frtn_icon][rd_color]时来运转[/rd_color][/nowrap][rd_color]层数[/rd_color]相等。,"Каждый раз, когда [primary]Н@л[/primary] входит в режим [nowrap][wfll_icon][rd_color]""Везухи""[/rd_color][/nowrap], на [secondary]врагах[/secondary] поблизости появляется [secondary]бесплатная граната[/secondary], соответствующая количеству [rd_color]зарядов[/rd_color] [nowrap][frtn_icon][rd_color]удачи[/rd_color][/nowrap].","Immer wenn [primary]C4SH[/primary] [nowrap][wfll_icon][rd_color]Glücksfall[/rd_color][/nowrap] auslöst, werden [secondary]kostenlose Granaten[/secondary] in Höhe der Anzahl seiner [nowrap][frtn_icon][rd_color]Glückssträhne[/rd_color][/nowrap]-[rd_color]Stapel[/rd_color] gegen [secondary]Feinde[/secondary] in der Nähe gespawnt.",passive,281,344,407,470,533,404:Progress_robo_branch_sleightOfHand_3:Branch - Row 2 - 1,blue,Luck of the Draw,抽签好运,Слепое везение,Glückssache,Progress_robo_branch_sleightOfHand_3,Branch - Row 2 - 1,,tooltip_robo_passive_27_BoomOrBus,boom_or_bust_5.png,/Game/DLC/Cowbell/uiresources/skill_icons/passives/c4sh_passive_blue_30.c4sh_passive_blue_30
404,Char_RoboDealer,C4sh,Tender Hearts,温柔之心,Мягкосердечность,Sanfte Herzen,"[primary]C4SH[/primary] gains increased [secondary]Critical Hit Damage[/secondary].[newline][newline] [nowrap][wfll_icon][rd_color]Windfall[/rd_color][/nowrap] [rd_color]Skill.[/rd_color] While [nowrap][wfll_icon][rd_color]Windfall[/rd_color][/nowrap] is active, [primary]C4SH[/primary] gains a [secondary]Chance[/secondary] to [secondary]Critically Hit[/secondary] with [secondary]Action Skills[/secondary].",提升[primary]老钱[/primary]的[secondary]暴击伤害[/secondary]。[newline][newline][nowrap][wfll_icon][rd_color]意外之财[/rd_color][/nowrap][rd_color]技能[/rd_color]。发动[nowrap][wfll_icon][rd_color]意外之财[/rd_color][/nowrap]时，[primary]老钱[/primary]的[secondary]主动技能[/secondary]有[secondary]几率[/secondary]造成[secondary]暴击[/secondary]。,"[secondary]Критический урон[/secondary] [primary]Н@ла[/primary] повышается.[newline][newline] [rd_color]Навык[/rd_color] [nowrap][wfll_icon][rd_color]везухи[/rd_color][/nowrap]. Пока активна [nowrap][wfll_icon][rd_color]""Везуха""[/rd_color][/nowrap], [primary]Н@л[/primary] получает [secondary]шанс[/secondary] нанести [secondary]критический урон[/secondary] [secondary]активными навыками[/secondary].","[primary]C4SH[/primary] erhält erhöhten [secondary]kritischen Trefferschaden[/secondary].[newline][newline] [nowrap][wfll_icon][rd_color][markup]Glücksfall-Skill.[/markup][/rd_color][/nowrap] Wenn [nowrap][wfll_icon][rd_color]Glücksfall[/rd_color][/nowrap] aktiv ist, erhält [primary]C4SH[/primary] die [secondary]Chance[/secondary] auf [secondary]kritische Treffer[/secondary] mit [secondary]Action-Skills[/secondary].",passive,282,345,408,471,534,404:Progress_robo_branch_sleightOfHand_3:Branch - Row 2 - 2,blue,Luck of the Draw,抽签好运,Слепое везение,Glückssache,Progress_robo_branch_sleightOfHand_3,Branch - Row 2 - 2,,tooltip_robo_passive_28_HeartOfTheCards,tender_hearts_5.png,/Game/DLC/Cowbell/uiresources/skill_icons/passives/c4sh_passive_blue_31.c4sh_passive_blue_31
404,Char_RoboDealer,C4sh,Card Sharp,千王之王,Шулер,Starke Karte,[primary]Sleight of Hand[/primary] does not consume [secondary]Charges[/secondary] for a few [secondary]seconds[/secondary] after activating it if [nowrap][wfll_icon][rd_color]Windfall[/rd_color][/nowrap] is active.,如[nowrap][wfll_icon][rd_color]意外之财[/rd_color][/nowrap]处于发动状态，[primary]手上功夫[/primary]在发动后的几[secondary]秒钟[/secondary]内不会消耗[secondary]能量点[/secondary]。,"Если активна [nowrap][wfll_icon][rd_color]""Везуха""[/rd_color][/nowrap], то в течение нескольких [secondary]секунд[/secondary] после активации [primary]""Ловкость рук""[/primary] не тратит [secondary]заряды[/secondary].","[primary]Fingerfertigkeit[/primary] verbraucht nach Aktivierung einige [secondary]Sekunden[/secondary] lang keine [secondary]Ladungen[/secondary], wenn [nowrap][wfll_icon][rd_color]Glücksfall[/rd_color][/nowrap] aktiv ist.",passive,283,346,409,472,535,404:Progress_robo_branch_sleightOfHand_3:Branch - Row 2 - 3,blue,Luck of the Draw,抽签好运,Слепое везение,Glückssache,Progress_robo_branch_sleightOfHand_3,Branch - Row 2 - 3,,tooltip_robo_passive_29_RunningLuck,card_sharp_5.png,/Game/DLC/Cowbell/uiresources/skill_icons/passives/c4sh_passive_blue_32.c4sh_passive_blue_32
404,Char_RoboDealer,C4sh,Hot Streak,连战连胜,Вереница побед,Guter Lauf,"Whenever [primary]C4SH[/primary] gains a [secondary]Stack[/secondary] of [nowrap][frtn_icon][rd_color]Fortune[/rd_color][/nowrap], the next time he damages an [secondary]enemy[/secondary] with a [secondary]Gun[/secondary] or [secondary]Action Skill[/secondary] it automatically [secondary]Critically Hits[/secondary]. This shot deals increased [secondary]Critical Hit Damage[/secondary].",当[primary]老钱[/primary]获得一[secondary]层[/secondary][nowrap][frtn_icon][rd_color]时来运转[/rd_color][/nowrap]时，下次用[secondary]枪械[/secondary]或[secondary]主动技能[/secondary]对[secondary]敌人[/secondary]造成伤害时会自动[secondary]暴击[/secondary]。本次射击造成的[secondary]暴击伤害[/secondary]将提升。,"Каждый раз, когда [primary]Н@л[/primary] получает [secondary]заряд[/secondary] [nowrap][frtn_icon][rd_color]удачи[/rd_color][/nowrap], в следующий раз, когда он наносит [secondary]врагу[/secondary] урон из [secondary]пушки[/secondary] или с помощью [secondary]активного навыка[/secondary], он автоматически становится [secondary]критическим[/secondary]. Этот выстрел наносит повышенный [secondary]критический урон[/secondary].","Immer wenn [primary]C4SH[/primary] einen [nowrap][frtn_icon][rd_color]Glückssträhne[/rd_color][/nowrap]-[secondary]Stapel[/secondary] erhält, fügt er einem [secondary]Feind[/secondary] beim nächsten Angriff mit einer [secondary]Schusswaffe[/secondary] oder einem [secondary]Action-Skill[/secondary] automatisch [secondary]kritische Treffer[/secondary] zu. Dieser Angriff verursacht erhöhten [secondary]kritischen Trefferschaden[/secondary].",passive,284,347,410,473,536,404:Progress_robo_branch_sleightOfHand_3:Branch - Row 3 - 1,blue,Luck of the Draw,抽签好运,Слепое везение,Glückssache,Progress_robo_branch_sleightOfHand_3,Branch - Row 3 - 1,,tooltip_robo_passive_30_HotStreak,hot_streak_5.png,/Game/DLC/Cowbell/uiresources/skill_icons/passives/c4sh_passive_blue_33.c4sh_passive_blue_33
404,Char_RoboDealer,C4sh,Luck Be a Robot,运气是机器人,Удача - это робот,Auf Glück programmiert,"[nowrap][frtn_icon][rd_color]Fortune[/rd_color][/nowrap] [rd_color]Skill.[/rd_color] [primary]C4SH[/primary] gains increased [secondary]Action Skill Cooldown Rate[/secondary]. The more [nowrap][frtn_icon][rd_color]Fortune[/rd_color][/nowrap] [rd_color]Stacks[/rd_color] he has, the greater the bonus.",[nowrap][frtn_icon][rd_color]时来运转[/rd_color][/nowrap][rd_color]技能[/rd_color]。提升[primary]老钱[/primary]的[secondary]主动技能冷却速率[/secondary]。老钱拥有的[nowrap][frtn_icon][rd_color]时来运转[/rd_color][/nowrap]层数越多，加成效果越大。,"[rd_color]Навык[/rd_color] [nowrap][frtn_icon][rd_color]удачи[/rd_color][/nowrap]. [secondary]Скорость восстановления активного навыка[/secondary] [primary]Н@ла[/primary] повышается. Чем больше у [primary]Н@ла[/primary] [rd_color]зарядов[/rd_color] [nowrap][frtn_icon][rd_color]удачи[/rd_color][/nowrap], тем выше бонус.","[nowrap][frtn_icon][rd_color]Glückssträhne[/rd_color][/nowrap]-[rd_color]Skill.[/rd_color] [primary]C4SH[/primary] erhält eine erhöhte [secondary]Action-Skill-Abklinggeschwindigkeit[/secondary]. Je mehr [nowrap][frtn_icon][rd_color]Glückssträhne[/rd_color][/nowrap]-[rd_color]Stapel[/rd_color] er hat, desto größer der Bonus.",passive,205,173,141,109,77,404:Progress_robo_trunk_cleromancy:Trunk - Row 1 - 1,green,Roll the Bones,骨注一掷,Бросить кости,Die Würfel rollen lassen,Progress_robo_trunk_cleromancy,Trunk - Row 1 - 1,,tooltip_robo_passive_58_LucksARobot,luck_be_a_robot_5.png,/Game/DLC/Cowbell/uiresources/skill_icons/passives/c4sh_passive_blue_06.c4sh_passive_blue_06
404,Char_RoboDealer,C4sh,Sweet Roll,甜卷面包,Весело и вкусно,Großer Wurf,"[primary]C4SH[/primary] gains increased [secondary]Max Health[/secondary]. Whenever he spawns a [primary]Bone Totem[/primary], [secondary]restore[/secondary] a portion if his [secondary]Max Health[/secondary]. Excess [secondary]Health[/secondary] is added as [secondary]Overshield[/secondary].",提升[primary]老钱[/primary]的[secondary]最大生命值[/secondary]。当其生成[primary]骸骨图腾[/primary]时，则[secondary]恢复[/secondary]一部分[secondary]最大生命值[/secondary]。多余[secondary]生命值[/secondary]将转换为[secondary]超强护盾[/secondary]。,"[secondary]Максимальный уровень здоровья[/secondary] [primary]Н@ла[/primary] повышается. Каждый раз, когда он создает [primary]костяной тотем[/primary], [secondary]восстанавливается[/secondary] часть его [secondary]максимального уровня здоровья[/secondary]. Излишки [secondary]здоровья[/secondary] добавляются в качестве [secondary]суперщита[/secondary].","[primary]C4SH[/primary] erhält erhöhte [secondary]maximale Gesundheit[/secondary]. Immer wenn er ein [primary]Knochen-Totem[/primary] spawnt, wird ein Teil seiner [secondary]maximalen Gesundheit[/secondary] [secondary]wiederhergestellt[/secondary]. Überschüssige [secondary]Gesundheit[/secondary] wird zum [secondary]Überschild[/secondary] hinzugefügt.",passive,204,172,140,108,76,404:Progress_robo_trunk_cleromancy:Trunk - Row 1 - 3,green,Roll the Bones,骨注一掷,Бросить кости,Die Würfel rollen lassen,Progress_robo_trunk_cleromancy,Trunk - Row 1 - 3,,tooltip_robo_passive_59_AllForOne,sweet_roll_5.png,/Game/DLC/Cowbell/uiresources/skill_icons/passives/c4sh_passive_green_03.c4sh_passive_green_03
404,Char_RoboDealer,C4sh,Charm Bracelet,魔法手链,Браслет с амулетами,Glücksarmband,[primary]C4SH[/primary] gains increased [secondary]Skill Damage[/secondary]. [primary]C4SH[/primary] gains further increased [secondary]Skill Damage[/secondary] for every active [primary]Bone Totem[/primary].,提升[primary]老钱[/primary]的[secondary]技能伤害[/secondary]。每拥有一个活跃[primary]骸骨图腾[/primary]，都将进一步提升[primary]老钱[/primary]的[secondary]技能伤害[/secondary]。,[secondary]Урон от навыков[/secondary] [primary]Н@ла[/primary] повышается. За каждый активный [primary]костяной тотем[/primary] [secondary]урон от навыков[/secondary] [primary]Н@ла[/primary] повышается еще больше.,[primary]C4SH[/primary] erhält erhöhten [secondary]Skill-Schaden[/secondary]. [primary]C4SH[/primary] erhält zusätzlich erhöhten [secondary]Skill-Schaden[/secondary] für jedes aktivierte [primary]Knochen-Totem[/primary].,passive,202,170,138,106,74,404:Progress_robo_trunk_cleromancy:Trunk - Row 1 - 5,green,Roll the Bones,骨注一掷,Бросить кости,Die Würfel rollen lassen,Progress_robo_trunk_cleromancy,Trunk - Row 1 - 5,,tooltip_robo_passive_60_LuckyCharm,charm_bracelet_5.png,/Game/DLC/Cowbell/uiresources/skill_icons/passives/c4sh_passive_green_05.c4sh_passive_green_05
404,Char_RoboDealer,C4sh,O Fortuna,命运女神,О Фортуна,,"[nowrap][frtn_icon][rd_color]Fortune[/rd_color][/nowrap] [rd_color]Stacks[/rd_color] gain increased [nowrap][wfll_icon][rd_color]Windfall[/rd_color][/nowrap] [rd_color]Chance[/rd_color].[newline][newline] [nowrap][frtn_icon][rd_color]Fortune[/rd_color][/nowrap] [rd_color]Skill.[/rd_color] [primary]C4SH[/primary] gains increased [secondary]Elemental Effect Chance[/secondary] and [secondary]Elemental Effect Damage[/secondary]. The more [nowrap][frtn_icon][rd_color]Fortune[/rd_color][/nowrap] [rd_color]Stacks[/rd_color] [primary]C4SH[/primary] has, the greater the bonus.",[nowrap][frtn_icon][rd_color]提升时来运转[/rd_color][/nowrap][rd_color]叠加[/rd_color]的[nowrap][wfll_icon][rd_color]意外之财[/rd_color][/nowrap][rd_color]几率[/rd_color]。[newline][newline][nowrap][frtn_icon][rd_color]时来运转[/rd_color][/nowrap][rd_color]技能[/rd_color]。提升[primary]老钱[/primary]的[secondary]元素效果率[/secondary]和[secondary]元素效果伤害[/secondary]。[primary]老钱[/primary]拥有的[nowrap][frtn_icon][rd_color]时来运转[/rd_color][/nowrap][rd_color]层数[/rd_color]越多，加成效果越大。,"[rd_color]Заряды[/rd_color] [nowrap][frtn_icon][rd_color]удачи[/rd_color][/nowrap] дают повышенный [rd_color]шанс[/rd_color] [nowrap][wfll_icon][rd_color]""Везухи""[/rd_color][/nowrap].[newline][newline][rd_color]Навык[/rd_color] [nowrap][frtn_icon][rd_color]удачи[/rd_color][/nowrap]. [secondary]Шанс стихийного урона[/secondary] и [secondary]урона от стихийного эффекта[/secondary] [primary]Н@ла[/primary] повышается. Чем больше у [primary]Н@ла[/primary] [rd_color]зарядов[/rd_color] [nowrap][frtn_icon][rd_color]удачи[/rd_color][/nowrap], тем выше бонус.","[nowrap][frtn_icon][rd_color]Glückssträhne[/rd_color][/nowrap]-[rd_color]Stapel[/rd_color] erhalten eine erhöhte [nowrap][wfll_icon][rd_color]Glücksfall[/rd_color][/nowrap]-[rd_color]Chance[/rd_color].[newline][newline] [nowrap][frtn_icon][rd_color]Glückssträhne[/rd_color][/nowrap]-[rd_color]Skill.[/rd_color] [primary]C4SH[/primary] erhält eine erhöhte [secondary]Elementareffekt-Chance[/secondary] und erhöhten [secondary]Elementareffekt-Schaden[/secondary]. Je mehr [nowrap][frtn_icon][rd_color]Glückssträhne[/rd_color][/nowrap]-[rd_color]Stapel[/rd_color] [primary]C4SH[/primary] hat, desto größer der Bonus.",passive,201,169,137,105,73,404:Progress_robo_trunk_cleromancy:Trunk - Row 2 - 1,green,Roll the Bones,骨注一掷,Бросить кости,Die Würfel rollen lassen,Progress_robo_trunk_cleromancy,Trunk - Row 2 - 1,,tooltip_robo_passive_61_TheLuckyOne,o_fortuna_5.png,/Game/DLC/Cowbell/uiresources/skill_icons/passives/c4sh_passive_green_06.c4sh_passive_green_06
404,Char_RoboDealer,C4sh,Red Moon Rising,赤月高升,Восхождение красной луны,Blutmond,"[nowrap][wfll_icon][rd_color]Windfall[/rd_color][/nowrap] [rd_color]Skill.[/rd_color] While [nowrap][wfll_icon][rd_color]Windfall[/rd_color][/nowrap] is active, [primary]C4SH[/primary] deals [nowrap][fire_icon][fire]Bonus[/fire][/nowrap] [fire]Incendiary Damage[/fire] with his [secondary]Guns[/secondary] and [secondary]Action Skills[/secondary].",[nowrap][wfll_icon][rd_color]意外之财[/rd_color][/nowrap][rd_color]技能[/rd_color]。发动[nowrap][wfll_icon][rd_color]意外之财[/rd_color][/nowrap]时，[primary]老钱[/primary]的[secondary]枪械[/secondary]和[secondary]主动技能[/secondary]会造成[nowrap][fire_icon][fire]加成[/fire][/nowrap][fire]燃烧伤害[/fire]。,"[rd_color]Навык[/rd_color] [nowrap][wfll_icon][rd_color]везухи[/rd_color][/nowrap]. Когда [nowrap][wfll_icon][rd_color]""Везуха""[/rd_color][/nowrap] активна, [primary]Н@л[/primary] наносит [nowrap][fire_icon][fire]дополнительный[/fire][/nowrap] [fire]урон от огня[/fire] своими [secondary]пушками[/secondary] и [secondary]активными навыками[/secondary].","[nowrap][wfll_icon][rd_color][markup]Glücksfall-Skill.[/markup][/rd_color][/nowrap] Wenn [nowrap][wfll_icon][rd_color]Glücksfall[/rd_color][/nowrap] aktiv ist, verursacht [primary]C4SH[/primary] [nowrap][fire_icon][fire][markup]Bonus-Brandschaden[/markup][/fire][/nowrap] mit seinen [secondary]Schusswaffen[/secondary] und [secondary]Action-Skills[/secondary].",passive,200,168,136,104,72,404:Progress_robo_trunk_cleromancy:Trunk - Row 2 - 3,green,Roll the Bones,骨注一掷,Бросить кости,Die Würfel rollen lassen,Progress_robo_trunk_cleromancy,Trunk - Row 2 - 3,,tooltip_robo_passive_62_RedMoonRising,red_moon_rising_5.png,/Game/DLC/Cowbell/uiresources/skill_icons/passives/c4sh_passive_green_07.c4sh_passive_green_07
404,Char_RoboDealer,C4sh,Ready to Roll,掷骰准备,Я готов к броску!,Würfel in der Hand,"[nowrap][wfll_icon][rd_color]Windfall[/rd_color][/nowrap] [rd_color]Skill.[/rd_color] While [nowrap][wfll_icon][rd_color]Windfall[/rd_color][/nowrap] is active, [primary]C4SH[/primary] gains increased [secondary]Action Skill Cooldown Rate[/secondary] and [secondary]Action Skill Duration[/secondary].",[nowrap][wfll_icon][rd_color]意外之财[/rd_color][/nowrap][rd_color]技能[/rd_color]。发动[nowrap][wfll_icon][rd_color]意外之财[/rd_color][/nowrap]时，提升[primary]老钱[/primary]的[secondary]主动技能冷却速率[/secondary]和[secondary]主动技能持续时间[/secondary]。,"[rd_color]Навык[/rd_color] [nowrap][wfll_icon][rd_color]везухи[/rd_color][/nowrap]. Когда [nowrap][wfll_icon][rd_color]""Везуха""[/rd_color][/nowrap] активна, [secondary]скорость восстановления активного навыка[/secondary] и [secondary]длительность активного навыка[/secondary] [primary]Н@ла[/primary] повышаются.","[nowrap][wfll_icon][rd_color][markup]Glücksfall-Skill.[/markup][/rd_color][/nowrap] Wenn [nowrap][wfll_icon][rd_color]Glücksfall[/rd_color][/nowrap] aktiv ist, erhält [primary]C4SH[/primary] eine erhöhte [secondary]Action-Skill-Abklinggeschwindigkeit[/secondary] und [secondary]Action-Skill-Dauer[/secondary].",passive,199,167,135,103,71,404:Progress_robo_trunk_cleromancy:Trunk - Row 2 - 5,green,Roll the Bones,骨注一掷,Бросить кости,Die Würfel rollen lassen,Progress_robo_trunk_cleromancy,Trunk - Row 2 - 5,,tooltip_robo_passive_63_RollingTheDeep,ready_to_roll_5.png,/Game/DLC/Cowbell/uiresources/skill_icons/passives/c4sh_passive_green_08.c4sh_passive_green_08
404,Char_RoboDealer,C4sh,Riding High,乘势而上,На высоте,Hoch hinaus,[nowrap][wfll_icon][rd_color]Windfall[/rd_color][/nowrap] gains increased [secondary]Duration[/secondary].,[nowrap][wfll_icon][rd_color]提升意外之财[/rd_color][/nowrap]的[secondary]持续时间[/secondary]。,"Время действия [nowrap][wfll_icon][rd_color]""Везухи""[/rd_color][/nowrap] [secondary]увеличивается[/secondary].",[nowrap][wfll_icon][rd_color]Glücksfall[/rd_color][/nowrap] erhält eine erhöhte [secondary]Dauer[/secondary].,passive,195,163,131,99,67,404:Progress_robo_trunk_cleromancy:Trunk - Row 3 - 1,green,Roll the Bones,骨注一掷,Бросить кости,Die Würfel rollen lassen,Progress_robo_trunk_cleromancy,Trunk - Row 3 - 1,,tooltip_robo_passive_64_RidingHigh,riding_high_5.png,/Game/DLC/Cowbell/uiresources/skill_icons/passives/c4sh_passive_green_09.c4sh_passive_green_09
404,Char_RoboDealer,C4sh,Bonemeal Ticket,骨粉票券,Талон на пир смерти,Knochenmahl,"[secondary]Kill Skill.[/secondary] Whenever [primary]C4SH[/primary] or one of his [primary]Bone Totems[/primary] kill an [secondary]enemy[/secondary], restore [secondary]Action Skill Duration[/secondary] with diminishing returns and [primary]Bone Totem Health[/primary].",[secondary]杀戮技能[/secondary]。当[primary]老钱[/primary]或其[primary]骸骨图腾[/primary]击杀[secondary]敌人[/secondary]时，恢复[secondary]主动技能持续时间[/secondary]（恢复量会逐渐减少）和[primary]骸骨图腾生命值[/primary]。,"[secondary]Навык убийства[/secondary]. Каждый раз, когда [primary]Н@л[/primary] или один из его [primary]костяных тотемов[/primary] убивает [secondary]врага[/secondary], [secondary]время действия активного навыка[/secondary] продлевается (эффект постепенно ослабевает), а [primary]здоровье костяного тотема[/primary] восстанавливается.","[secondary]Kill-Skill.[/secondary] Immer wenn [primary]C4SH[/primary] oder eines seiner [primary]Knochen-Totems[/primary] einen [secondary]Feind[/secondary] tötet, wird die [secondary]Action-Skill-Dauer[/secondary] mit rückläufiger Wirksamkeit und auch die [primary]Knochen-Totem-Gesundheit[/primary] wiederhergestellt.",passive,196,164,132,100,68,404:Progress_robo_trunk_cleromancy:Trunk - Row 3 - 2,green,Roll the Bones,骨注一掷,Бросить кости,Die Würfel rollen lassen,Progress_robo_trunk_cleromancy,Trunk - Row 3 - 2,,tooltip_robo_passive_65_GravePact,bonemeal_ticket_5.png,/Game/DLC/Cowbell/uiresources/skill_icons/passives/c4sh_passive_green_10.c4sh_passive_green_10
404,Char_RoboDealer,C4sh,Devil's Tines,恶魔之齿,Дьявольские зубцы,Teufelszinken,[primary]C4SH[/primary] gains an additional [secondary]Augment Slot[/secondary].,[primary]老钱[/primary]获得额外[secondary]强化栏位[/secondary]。,[primary]Н@л[/primary] получает дополнительную [secondary]ячейку усиления[/secondary].,[primary]C4SH[/primary] erhält einen zusätzlichen [secondary]Erweiterungsslot[/secondary].,passive,50,49,48,47,46,404:Progress_robo_trunk_cleromancy:Trunk - Row 3 - 3,green,Roll the Bones,骨注一掷,Бросить кости,Die Würfel rollen lassen,Progress_robo_trunk_cleromancy,Trunk - Row 3 - 3,,tooltip_robo_passive_10_devilsTines_CL,devils_tines_g_5.png,/Game/DLC/Cowbell/uiresources/skill_icons/passives/c4sh_passive_blue_11.c4sh_passive_blue_11
404,Char_RoboDealer,C4sh,Before She Knows You're Dead,赶在她知道你死掉之前,"Пока она не узнала, что ты труп",Es ist ein Totem entsprungen,[primary]C4SH[/primary] gains increased [secondary]Movement Speed[/secondary] for every active [primary]Bone Totem[/primary].[newline][newline] [primary]C4SH[/primary] deals increased [secondary]Skill Damage[/secondary] based on how quickly he's moving.,[primary]老钱[/primary]每拥有一个活跃[primary]骸骨图腾[/primary]，都将提升自身[secondary]移动速度[/secondary]。[newline][newline][primary]老钱[/primary]会根据自身移动速度提升造成的[secondary]技能伤害[/secondary]。,"За каждый активный [primary]костяной тотем[/primary] [secondary]скорость перемещения[/secondary] [primary]Н@ла[/primary] повышается.[newline][newline] [secondary]Урон от навыков[/secondary] [primary]Н@ла[/primary] повышается в зависимости от того, как быстро он движется.","[primary]C4SH[/primary] erhält erhöhte [secondary]Bewegungsgeschwindigkeit[/secondary] für jedes aktivierte [primary]Knochen-Totem[/primary].[newline][newline] [primary]C4SH[/primary] verursacht erhöhten [secondary]Skill-Schaden[/secondary] basierend auf der Geschwindigkeit, mit der er sich fortbewegt.",passive,197,165,133,101,69,404:Progress_robo_trunk_cleromancy:Trunk - Row 3 - 4,green,Roll the Bones,骨注一掷,Бросить кости,Die Würfel rollen lassen,Progress_robo_trunk_cleromancy,Trunk - Row 3 - 4,,tooltip_robo_passive_75_DoubleTime,before_she_knows_youre_dead_5.png,/Game/DLC/Cowbell/uiresources/skill_icons/passives/c4sh_passive_green_12.c4sh_passive_green_12
404,Char_RoboDealer,C4sh,Luckless,坏运气,Бедолага,Glücklos,"Whenever [primary]C4SH[/primary] activates an [secondary]Action Skill[/secondary], [secondary]enemies[/secondary] near him and his [primary]Bone Totems[/primary] become [primary]Jinxed[/primary].[newline][newline] [primary]Jinxed[/primary] [secondary]enemies[/secondary] take increased [secondary]Damage[/secondary] from all [secondary]sources[/secondary] and deal decreased [secondary]Damage[/secondary].",当[primary]老钱[/primary]发动[secondary]主动技能[/secondary]时，他及其[primary]骸骨图腾[/primary]附近的[secondary]敌人[/secondary]会被[primary]诅咒[/primary]。[newline][newline]被[primary]诅咒[/primary]的[secondary]敌人[/secondary]受到的所有[secondary]类型[/secondary][secondary]伤害[/secondary]将提升，而造成的[secondary]伤害[/secondary]降低。,"Каждый раз, когда [primary]Н@л[/primary] задействует [secondary]активный навык[/secondary], [secondary]враги[/secondary] рядом с ним и его [primary]костяными тотемами[/primary] попадают под действие [primary]сглаза[/primary].[newline][newline] [secondary]Враги[/secondary] под действием [primary]сглаза[/primary] получают повышенный [secondary]урон[/secondary] из всех [secondary]источников[/secondary] и наносят пониженный [secondary]урон[/secondary].","Immer wenn [primary]C4SH[/primary] einen [secondary]Action-Skill[/secondary] aktiviert, werden [secondary]Feinde[/secondary] in seiner Nähe und nahe seiner [primary]Knochen-Totems[/primary] [primary]verhext[/primary].[newline][newline] [primary]Verhexte[/primary] [secondary]Feinde[/secondary] erleiden erhöhten [secondary]Schaden[/secondary] aus allen [secondary]Quellen[/secondary] und verursachen reduzierten [secondary]Schaden[/secondary].",passive,198,166,134,102,70,404:Progress_robo_trunk_cleromancy:Trunk - Row 3 - 5,green,Roll the Bones,骨注一掷,Бросить кости,Die Würfel rollen lassen,Progress_robo_trunk_cleromancy,Trunk - Row 3 - 5,,tooltip_robo_passive_67_Luckless,luckless_5.png,/Game/DLC/Cowbell/uiresources/skill_icons/passives/c4sh_passive_green_13.c4sh_passive_green_13
404,Char_RoboDealer,C4sh,Can't Stop Winning,彻底赢麻,Невозможно перестать выигрывать,Siegertyp,"[primary]C4SH[/primary] gains a [secondary]Chance[/secondary] to [secondary]Critically Hit[/secondary] with [secondary]Guns[/secondary] and [secondary]Action Skills[/secondary].[newline][newline] Whenever [primary]C4SH[/primary] [secondary]Critically Hits[/secondary] an [secondary]enemy[/secondary] with a [secondary]Guns[/secondary] or [secondary]Action Skill[/secondary], he gains a [secondary]Chance[/secondary] to enter [nowrap][wfll_icon][rd_color]Windfall[/rd_color][/nowrap].",[primary]老钱[/primary]的[secondary]枪械[/secondary]和[secondary]主动技能[/secondary]有[secondary]几率[/secondary]造成[secondary]暴击[/secondary]。[newline][newline]当[primary]老钱[/primary]用[secondary]枪械[/secondary]或[secondary]主动技能[/secondary][secondary]暴击[/secondary][secondary]敌人[/secondary]时，其有[secondary]几率[/secondary]进入[nowrap][wfll_icon][rd_color]意外之财[/rd_color][/nowrap]状态。,"[primary]Н@л[/primary] получает [secondary]шанс[/secondary] на [secondary]критическое попадание[/secondary] из [secondary]пушек[/secondary] и с помощью [secondary]активных навыков[/secondary].[newline][newline] Каждый раз, когда [primary]Н@л[/primary] наносит [secondary]врагу[/secondary] [secondary]критический урон[/secondary] от [secondary]стрельбы[/secondary] или [secondary]активного навыка[/secondary], он получает [secondary]шанс[/secondary] войти в режим [nowrap][wfll_icon][rd_color]""Везухи""[/rd_color][/nowrap].","[primary]C4SH[/primary] erhält eine [secondary]Chance[/secondary] auf [secondary]kritische Treffer[/secondary] mit [secondary]Schusswaffen[/secondary] und [secondary]Action-Skills[/secondary].[newline][newline] Immer wenn [primary]C4SH[/primary] mit [secondary]Schusswaffen[/secondary] oder [secondary]Action-Skills[/secondary] einen [secondary]kritischen Treffer[/secondary] bei einem [secondary]Feind[/secondary] landet, erhält er eine [secondary]Chance[/secondary], [nowrap][wfll_icon][rd_color]Glücksfall[/rd_color][/nowrap] auszulösen.",passive,223,286,349,412,475,404:Progress_robo_branch_cleromancy_1:Branch - Row 1 - 1,green,Roll the Bones,骨注一掷,Бросить кости,Die Würfel rollen lassen,Progress_robo_branch_cleromancy_1,Branch - Row 1 - 1,,tooltip_robo_passive_68_CriticalRole,cant_stop_winning_5.png,/Game/DLC/Cowbell/uiresources/skill_icons/passives/c4sh_passive_green_14.c4sh_passive_green_14
404,Char_RoboDealer,C4sh,Turn of Fate,命运转折,Судьбоносный поворот,Wendung des Schicksals,"[nowrap][wfll_icon][rd_color]Windfall[/rd_color][/nowrap] [rd_color]Skill.[/rd_color] While [nowrap][wfll_icon][rd_color]Windfall[/rd_color][/nowrap] is active, [primary]C4SH[/primary] gains [secondary]Lifesteal[/secondary]. If his [secondary]health[/secondary] is full, he gains [secondary]Overshield Steal[/secondary] instead.",[nowrap][wfll_icon][rd_color]意外之财[/rd_color][/nowrap][rd_color]技能[/rd_color]。发动[nowrap][wfll_icon][rd_color]意外之财[/rd_color][/nowrap]时，[primary]老钱[/primary]获得[secondary]吸血[/secondary]。如他的[secondary]生命值[/secondary]全满，则获得[secondary]超强护盾吸取[/secondary]。,"[rd_color]Навык[/rd_color] [nowrap][wfll_icon][rd_color]везухи[/rd_color][/nowrap]. Пока активна [nowrap][wfll_icon][rd_color]""Везуха""[/rd_color][/nowrap], [primary]Н@л[/primary] получает [secondary]""Кражу здоровья""[/secondary]. Если у него полное [secondary]здоровье[/secondary], вместо этого он получает [secondary]""Кражу суперщита""[/secondary].","[nowrap][wfll_icon][rd_color]Glücksfall[/rd_color][/nowrap]-[rd_color]Skill.[/rd_color] Wenn [nowrap][wfll_icon][rd_color]Glücksfall[/rd_color][/nowrap] aktiv ist, erhält [primary]C4SH[/primary] [secondary]Lebensraub[/secondary]. Bei voller [secondary]Gesundheit[/secondary] erhält er stattdessen [secondary]Überschildraub[/secondary].",passive,224,287,350,413,476,404:Progress_robo_branch_cleromancy_1:Branch - Row 1 - 3,green,Roll the Bones,骨注一掷,Бросить кости,Die Würfel rollen lassen,Progress_robo_branch_cleromancy_1,Branch - Row 1 - 3,,tooltip_robo_passive_69_SpinOfFate,turn_of_fate_5.png,/Game/DLC/Cowbell/uiresources/skill_icons/passives/c4sh_passive_green_15.c4sh_passive_green_15
404,Char_RoboDealer,C4sh,High Stakes,高风险,Высокие ставки,Hohe Einsätze,"[nowrap][wfll_icon][rd_color]Windfall[/rd_color][/nowrap] [rd_color]Skill.[/rd_color] While [nowrap][wfll_icon][rd_color]Windfall[/rd_color][/nowrap] is active, [primary]C4SH[/primary] gains increase [secondary]Fire Rate[/secondary], [secondary]Reload Speed[/secondary], and [secondary]Movement Speed[/secondary].",[nowrap][wfll_icon][rd_color]意外之财[/rd_color][/nowrap][rd_color]技能[/rd_color]。发动[nowrap][wfll_icon][rd_color]意外之财[/rd_color][/nowrap]时，提升[primary]老钱[/primary]的[secondary]射速[/secondary]、[secondary]装填速度[/secondary]和[secondary]移动速度[/secondary]。,"[rd_color]Навык[/rd_color] [nowrap][wfll_icon][rd_color]везухи[/rd_color][/nowrap]. Когда [nowrap][wfll_icon][rd_color]""Везуха""[/rd_color][/nowrap] активна, [secondary]скорострельность[/secondary], [secondary]скорость перезарядки[/secondary] и [secondary]скорость перемещения[/secondary] [primary]Н@ла[/primary] повышаются.","[nowrap][wfll_icon][rd_color][markup]Glücksfall-Skill.[/markup][/rd_color][/nowrap] Wenn [nowrap][wfll_icon][rd_color]Glücksfall[/rd_color][/nowrap] aktiv ist, erhöhen sich [primary]C4SHs[/primary] [secondary]Feuerrate[/secondary], [secondary]Nachladegeschwindigkeit[/secondary] und [secondary]Bewegungsgeschwindigkeit[/secondary].",passive,225,288,351,414,477,404:Progress_robo_branch_cleromancy_1:Branch - Row 2 - 1,green,Roll the Bones,骨注一掷,Бросить кости,Die Würfel rollen lassen,Progress_robo_branch_cleromancy_1,Branch - Row 2 - 1,,tooltip_robo_passive_70_HighStakes,high_stakes_5.png,/Game/DLC/Cowbell/uiresources/skill_icons/passives/c4sh_passive_green_16.c4sh_passive_green_16
404,Char_RoboDealer,C4sh,Fortune's Favor,好运的眷顾,Улыбка фортуны,Gunst des Glücks,"[primary]C4SH[/primary] deals increased [secondary]Gun Damage[/secondary] and [secondary]Skill Damage[/secondary]. The more full his [secondary]Health[/secondary] and [secondary]Overshield[/secondary] are, the greater the bonus.",提升[primary]老钱[/primary]造成的[secondary]枪械伤害[/secondary]和[secondary]技能伤害[/secondary]。老钱的[secondary]生命值[/secondary]和[secondary]超强护盾[/secondary]越多，加成越大。,"[secondary]Урон от стрельбы[/secondary] и [secondary]урон от навыков[/secondary] [primary]Н@ла[/primary] повышается. Чем больше у него [secondary]здоровье[/secondary] и [secondary]суперщит[/secondary], тем выше бонус.","[primary]C4SH[/primary] verursacht erhöhten [secondary]Schusswaffen-Schaden[/secondary] und [secondary]Skill-Schaden[/secondary]. Je voller seine [secondary]Gesundheit[/secondary] und sein [secondary]Überschild[/secondary] sind, desto größer der Bonus.",passive,227,290,353,416,479,404:Progress_robo_branch_cleromancy_1:Branch - Row 2 - 3,green,Roll the Bones,骨注一掷,Бросить кости,Die Würfel rollen lassen,Progress_robo_branch_cleromancy_1,Branch - Row 2 - 3,,tooltip_robo_passive_71_FortunesFavor,fortunes_favor_5.png,/Game/DLC/Cowbell/uiresources/skill_icons/passives/c4sh_passive_green_18.c4sh_passive_green_18
404,Char_RoboDealer,C4sh,Let it Ride,任逍遥,На тормозах,Lass es laufen,"Whenever [primary]C4SH[/primary] loses a [nowrap][frtn_icon][rd_color]Fortune[/rd_color][/nowrap] [rd_color]Stack[/rd_color], the next shot from his [secondary]Gun[/secondary] deals increased [secondary]Damage[/secondary].",当[primary]老钱[/primary]失去一[rd_color]层[/rd_color][nowrap][frtn_icon][rd_color]时来运转[/rd_color][/nowrap]叠加时，提升其[secondary]枪械[/secondary]下一次射击造成的[secondary]伤害[/secondary]。,"Каждый раз, когда [primary]Н@л[/primary] теряет [rd_color]заряд[/rd_color] [nowrap][frtn_icon][rd_color]удачи[/rd_color][/nowrap], следующий выстрел из его [secondary]пушки[/secondary] наносит повышенный [secondary]урон[/secondary].","Immer wenn [primary]C4SH[/primary] einen [nowrap][frtn_icon][rd_color]Glückssträhne[/rd_color][/nowrap]-[rd_color]Stapel[/rd_color] verliert, verursacht der nächste Schuss aus seiner [secondary]Schusswaffe[/secondary] erhöhten [secondary]Schaden[/secondary].",passive,228,291,354,417,480,404:Progress_robo_branch_cleromancy_1:Branch - Row 3 - 1,green,Roll the Bones,骨注一掷,Бросить кости,Die Würfel rollen lassen,Progress_robo_branch_cleromancy_1,Branch - Row 3 - 1,,tooltip_robo_passive_72_LetItRide,let_it_ride_5.png,/Game/DLC/Cowbell/uiresources/skill_icons/passives/c4sh_passive_green_19.c4sh_passive_green_19
404,Char_RoboDealer,C4sh,The Wilds,狂野风范,Дикие условия,Zufällig gefährlich,"[nowrap][wfll_icon][rd_color]Windfall[/rd_color][/nowrap] [rd_color]Skill.[/rd_color] While [nowrap][wfll_icon][rd_color]Windfall[/rd_color][/nowrap] is active, [primary]C4SH[/primary] and his [secondary]Companions[/secondary] deal [nowrap][elemental_icon][secondary]Random[/secondary][/nowrap] [secondary]Bonus Elemental Damage[/secondary].",[nowrap][wfll_icon][rd_color]意外之财[/rd_color][/nowrap][rd_color]技能[/rd_color]。发动[nowrap][wfll_icon][rd_color]意外之财[/rd_color][/nowrap]时，[primary]老钱[/primary]及其[secondary]伙伴[/secondary]将造成[nowrap][elemental_icon][secondary]随机[/secondary][/nowrap][secondary]加成元素伤害[/secondary]。,"[rd_color]Навык[/rd_color] [nowrap][wfll_icon][rd_color]везухи[/rd_color][/nowrap]. Пока активна [nowrap][wfll_icon][rd_color]""Везуха""[/rd_color][/nowrap], [primary]Н@л[/primary] и его [secondary]питомцы[/secondary] наносят [nowrap][elemental_icon][secondary]случайный[/secondary][/nowrap] [secondary]дополнительный стихийный урон[/secondary].","[nowrap][wfll_icon][rd_color][markup]Glücksfall-Skill.[/markup][/rd_color][/nowrap] Wenn [nowrap][wfll_icon][rd_color]Glücksfall[/rd_color][/nowrap] aktiv ist, verursachen [primary]C4SH[/primary] und seine [secondary]Gefährten[/secondary] [nowrap][elemental_icon][secondary]zufälligen[/secondary][/nowrap] [secondary]Bonus-Elementarschaden[/secondary].",passive,229,292,355,418,481,404:Progress_robo_branch_cleromancy_1:Branch - Row 3 - 3,green,Roll the Bones,骨注一掷,Бросить кости,Die Würfel rollen lassen,Progress_robo_branch_cleromancy_1,Branch - Row 3 - 3,,tooltip_robo_passive_73_Wild,the_wilds_5.png,/Game/DLC/Cowbell/uiresources/skill_icons/passives/c4sh_passive_green_20.c4sh_passive_green_20
404,Char_RoboDealer,C4sh,Potent Posse,强大团队,Могучая кучка,Starke Truppe,"[nowrap][frtn_icon][rd_color]Fortune[/rd_color][/nowrap] [rd_color]Skill.[/rd_color] [primary]C4SH[/primary] deals increased [secondary]Gun Damage[/secondary] and his [secondary]Companions[/secondary] deal increased [secondary]Damage[/secondary]. The more [nowrap][frtn_icon][rd_color]Fortune[/rd_color][/nowrap] [rd_color]Stacks[/rd_color] [primary]C4SH[/primary] has, the greater the bonus.",[nowrap][frtn_icon][rd_color]时来运转[/rd_color][/nowrap][rd_color]技能[/rd_color]。提升[primary]老钱[/primary]造成的[secondary]枪械伤害[/secondary]及其[secondary]伙伴[/secondary]造成的[secondary]伤害[/secondary]。[primary]老钱[/primary]拥有的[nowrap][frtn_icon][rd_color]时来运转[/rd_color][/nowrap][rd_color]层数[/rd_color]越多，加成效果越大。,"[rd_color]Навык[/rd_color] [nowrap][frtn_icon][rd_color]удачи[/rd_color][/nowrap]. [secondary]Урон от стрельбы[/secondary] [primary]Н@ла[/primary] и [secondary]урон[/secondary], наносимый его [secondary]питомцами,[/secondary] повышаются. Чем больше у [primary]Н@ла[/primary] [rd_color]зарядов[/rd_color] [nowrap][frtn_icon][rd_color]удачи[/rd_color][/nowrap], тем выше бонус.","[nowrap][frtn_icon][rd_color]Glückssträhne[/rd_color][/nowrap]-[rd_color]Skill.[/rd_color] [primary]C4SH[/primary] verursacht erhöhten [secondary]Schusswaffen-Schaden[/secondary] und seine [secondary]Gefährten[/secondary] verursachen erhöhten [secondary]Schaden[/secondary]. Je mehr [nowrap][frtn_icon][rd_color]Glückssträhne[/rd_color][/nowrap]-[rd_color]Stapel[/rd_color] [primary]C4SH[/primary] hat, desto größer der Bonus.",passive,230,293,356,419,482,404:Progress_robo_branch_cleromancy_2:Branch - Row 1 - 1,green,Roll the Bones,骨注一掷,Бросить кости,Die Würfel rollen lassen,Progress_robo_branch_cleromancy_2,Branch - Row 1 - 1,,tooltip_robo_passive_74_PackMentality,potent_posse_5.png,/Game/DLC/Cowbell/uiresources/skill_icons/passives/c4sh_passive_green_21.c4sh_passive_green_21
404,Char_RoboDealer,C4sh,Restless Remains,焦躁遗骸,Беспокойные останки,Ruhelose Überreste,"[nowrap][frtn_icon][rd_color]Fortune[/rd_color][/nowrap] [rd_color]Skill.[/rd_color] Whenever one of [primary]C4SH's Bone Totems[/primary] die, it has a [secondary]Chance[/secondary] to [secondary]Respawn[/secondary]. The more [nowrap][frtn_icon][rd_color]Fortune[/rd_color][/nowrap] [rd_color]Stacks[/rd_color] he has, the greater the [secondary]Chance[/secondary].",[nowrap][frtn_icon][rd_color]时来运转[/rd_color][/nowrap][rd_color]技能。[/rd_color]当[primary]老钱的骸骨图腾[/primary]死亡时，其有[secondary]几率[/secondary][secondary]重生[/secondary]。老钱拥有的[nowrap][frtn_icon][rd_color]时来运转[/rd_color][/nowrap][rd_color]层数[/rd_color]越多，[secondary]几率[/secondary]越大。,"[rd_color]Навык[/rd_color] [nowrap][frtn_icon][rd_color]удачи[/rd_color][/nowrap]. Каждый раз, когда один из [primary]костяных тотемов Н@ла[/primary] погибает, у него есть [secondary]шанс[/secondary] на [secondary]возрождение[/secondary]. Чем больше у него [rd_color]зарядов[/rd_color] [nowrap][frtn_icon][rd_color]удачи[/rd_color][/nowrap], тем выше этот [secondary]шанс[/secondary].","[nowrap][frtn_icon][rd_color][markup]Glückssträhne-Skill.[/markup][/rd_color][/nowrap] Immer wenn eines von [primary]C4SHs Knochen-Totems[/primary] stirbt, hat es eine [secondary]Chance[/secondary] zu [secondary]respawnen[/secondary]. Je mehr [nowrap][frtn_icon][rd_color][markup]Glückssträhne-Stapel[/markup][/rd_color][/nowrap] er hat, desto größer die [secondary]Chance[/secondary].",passive,231,294,357,420,483,404:Progress_robo_branch_cleromancy_2:Branch - Row 1 - 3,green,Roll the Bones,骨注一掷,Бросить кости,Die Würfel rollen lassen,Progress_robo_branch_cleromancy_2,Branch - Row 1 - 3,,tooltip_robo_passive_66_Undying,restless_remains_5.png,/Game/DLC/Cowbell/uiresources/skill_icons/passives/c4sh_passive_green_22.c4sh_passive_green_22
404,Char_RoboDealer,C4sh,Sorcerer,幽暗术士,Колдун,Hexer,"Whenever [primary]C4SH's[/primary] [secondary]Shield[/secondary] breaks, create a [nowrap][fire_icon][fire]Incendiary[/fire][/nowrap] [fire]Nova[/fire] on him, his [primary]Bone Totems[/primary], and nearby [secondary]allies[/secondary].",当[primary]老钱[/primary]的[secondary]护盾[/secondary]破裂时，会在自身、[primary]骸骨图腾[/primary]和附近[secondary]友方[/secondary]身上生成[nowrap][fire_icon][fire]燃烧[/fire][/nowrap][fire]星爆[/fire]。,"Каждый раз, когда [secondary]щит[/secondary] [primary]Н@ла[/primary] ломается, на нем, его [primary]костяных тотемах[/primary] и [secondary]союзниках[/secondary] поблизости появляется [nowrap][fire_icon][fire]огненная[/fire][/nowrap] [fire]волна[/fire].","Immer wenn [primary]C4SHs[/primary] [secondary]Schild[/secondary] bricht, wird eine [nowrap][fire_icon][fire]Brand-Nova[/fire][/nowrap] für ihn, seine [primary]Knochen-Totems[/primary] und [secondary]Verbündeten[/secondary] in der Nähe entfacht.",passive,232,295,358,421,484,404:Progress_robo_branch_cleromancy_2:Branch - Row 2 - 1,green,Roll the Bones,骨注一掷,Бросить кости,Die Würfel rollen lassen,Progress_robo_branch_cleromancy_2,Branch - Row 2 - 1,,tooltip_robo_passive_76_LoadedDice,sorcerer_5.png,/Game/DLC/Cowbell/uiresources/skill_icons/passives/c4sh_passive_green_23.c4sh_passive_green_23
404,Char_RoboDealer,C4sh,Tooth and Nail,全力以赴,Зубами и когтями,Zahn um Zahn,"[primary]C4SH[/primary] and his [secondary]Companions[/secondary] gain increased [secondary]Melee Damage[/secondary].[newline][newline] Whenever [primary]C4SH[/primary] or one of his [secondary]Companions[/secondary] deal [secondary]Melee Damage[/secondary] to an enemy, he gains a [secondary]Chance[/secondary] to [primary]Jinx[/primary] that enemy.",提升[primary]老钱[/primary]及其[secondary]伙伴[/secondary]的[secondary]近战伤害[/secondary]。[newline][newline]当[primary]老钱[/primary]或其[secondary]伙伴[/secondary]对敌人造成[secondary]近战伤害[/secondary]时，其将有[secondary]几率[/secondary]对敌人施加[primary]诅咒[/primary]。,"[secondary]Урон в ближнем бою[/secondary] [primary]Н@ла[/primary] и его [secondary]питомцев[/secondary] повышается.[newline][newline] Каждый раз, когда [primary]Н@л[/primary] или один из его [secondary]питомцев[/secondary] наносят врагу [secondary]урон в ближнем бою[/secondary], он получает [secondary]шанс[/secondary] [primary]сглазить[/primary] этого врага.","[primary]C4SH[/primary] und seine [secondary]Gefährten[/secondary] erhalten erhöhten [secondary]Nahkampfschaden[/secondary].[newline][newline] Immer wenn [primary]C4SH[/primary] oder einer seiner [secondary]Gefährten[/secondary] bei einem Feind [secondary]Nahkampfschaden[/secondary] verursacht, erhält er eine [secondary]Chance[/secondary], diesen Feind zu [primary]verhexen[/primary].",passive,233,296,359,422,485,404:Progress_robo_branch_cleromancy_2:Branch - Row 2 - 2,green,Roll the Bones,骨注一掷,Бросить кости,Die Würfel rollen lassen,Progress_robo_branch_cleromancy_2,Branch - Row 2 - 2,,tooltip_robo_passive_77_ShadowsEmbrace,tooth_and_nail_5.png,/Game/DLC/Cowbell/uiresources/skill_icons/passives/c4sh_passive_green_24.c4sh_passive_green_24
404,Char_RoboDealer,C4sh,Serendipity,机缘巧合,Прозорливость,Glücklicher Zufall,"[secondary]Kill Skill.[/secondary] Whenever [primary]C4SH[/primary] kills an [secondary]enemy[/secondary], create [secondary]Healing Missiles[/secondary] centered on that [secondary]enemy[/secondary] that home in and heal [primary]C4SH[/primary]. [secondary]Spawn[/secondary] additional [secondary]Healing Missiles[/secondary] for every active [primary]Bone Totem[/primary].",[secondary]杀戮技能[/secondary]。当[primary]老钱[/primary]击杀[secondary]敌人[/secondary]时，会在该[secondary]敌人[/secondary]身体中央生成[secondary]治疗导弹[/secondary]，该导弹会追踪[primary]老钱[/primary]并提供治疗。每有一个活跃[primary]骸骨图腾[/primary]，都将[secondary]生成[/secondary]额外[secondary]治疗导弹[/secondary]。,"[secondary]Навык убийства.[/secondary] Каждый раз, когда [primary]Н@л[/primary] убивает [secondary]врага[/secondary], возле этого [secondary]врага[/secondary] создаются [secondary]исцеляющие снаряды[/secondary], которые наводятся на [primary]Н@ла[/primary] и лечат его. За каждый активный [primary]костяной тотем[/primary] [secondary]появляются[/secondary] дополнительные [secondary]исцеляющие снаряды[/secondary].","[secondary]Kill-Skill.[/secondary] Immer wenn [primary]C4SH[/primary] einen [secondary]Feind[/secondary] tötet, werden auf diesen [secondary]Feind[/secondary] ausgerichtete [secondary]Heilraketen[/secondary] erzeugt, die [primary]C4SH[/primary] ansteuern und heilen. Außerdem werden zusätzliche [secondary]Heilraketen[/secondary] für jedes aktivierte [primary]Knochen-Totem[/primary] [secondary]gespawnt[/secondary].",passive,234,297,360,423,486,404:Progress_robo_branch_cleromancy_2:Branch - Row 2 - 3,green,Roll the Bones,骨注一掷,Бросить кости,Die Würfel rollen lassen,Progress_robo_branch_cleromancy_2,Branch - Row 2 - 3,,tooltip_robo_passive_78_Serendipity,serendipity_5.png,/Game/DLC/Cowbell/uiresources/skill_icons/passives/c4sh_passive_green_25.c4sh_passive_green_25
404,Char_RoboDealer,C4sh,Sidekick's Revenge,仆从的复仇,Месть второстепенного героя,Kumpelrache,"Whenever [primary]C4SH[/primary] gains a [nowrap][frtn_icon][rd_color]Fortune Stack[/rd_color][/nowrap], he loses a portion of his [secondary]Health[/secondary] and gains that much [secondary]Overshield[/secondary].[newline][newline]Whenever [primary]C4SH[/primary] loses [secondary]Health[/secondary], he deals increased [secondary]Action Skill Damage[/secondary]. This effect stacks.",当[primary]老钱[/primary]获得[nowrap][frtn_icon][rd_color]一层时来运转[/rd_color][/nowrap]时，其会损失部分[secondary]生命值[/secondary]并获得等量的[secondary]超强护盾[/secondary]。[newline][newline]当[primary]老钱[/primary]损失[secondary]生命值[/secondary]时，提升其造成的[secondary]主动技能伤害[/secondary]。此效果可叠加。,"Каждый раз, когда [primary]Н@л[/primary] получает [nowrap][frtn_icon][rd_color]заряд удачи[/rd_color][/nowrap], он теряет часть [secondary]здоровья[/secondary] и получает столько же [secondary]суперщита[/secondary].[newline][newline] Каждый раз, когда [primary]Н@л[/primary] теряет [secondary]здоровье[/secondary], его [secondary]урон от активного навыка[/secondary] повышается. Этот эффект суммируется.","Immer wenn [primary]C4SH[/primary] einen [nowrap][frtn_icon][rd_color]Glückssträhne-Stapel[/rd_color][/nowrap] erhält, verliert er einen Teil seiner [secondary]Gesundheit[/secondary] und erhält ebenso viel [secondary]Überschild[/secondary].[newline][newline]Wenn [primary]C4SH[/primary] [secondary]Gesundheit[/secondary] verliert, verursacht er erhöhten [secondary]Action-Skill-Schaden[/secondary]. Dieser Effekt ist stapelbar.",passive,235,298,361,424,487,404:Progress_robo_branch_cleromancy_2:Branch - Row 3 - 1,green,Roll the Bones,骨注一掷,Бросить кости,Die Würfel rollen lassen,Progress_robo_branch_cleromancy_2,Branch - Row 3 - 1,,tooltip_robo_passive_79_SidekicksRevenge,sidekicks_revenge_5.png,/Game/DLC/Cowbell/uiresources/skill_icons/passives/c4sh_passive_green_26.c4sh_passive_green_26
404,Char_RoboDealer,C4sh,The Glorious Dead,死得光荣,Хорошие и мертвые,Die glorreichen Toten,"Whenever one of [primary]C4SH's[/primary] [secondary]allies[/secondary] enter [secondary]Fight For Your Life[/secondary] or [primary]Bone Totems[/primary] dies, he deals increased [secondary]Gun Damage[/secondary] and [secondary]Skill Damage[/secondary].",当[primary]老钱的[/primary]一名[secondary]友方[/secondary]进入[secondary]殊死一搏[/secondary]或当[primary]骸骨图腾[/primary]死亡时，提升老钱的[secondary]枪械伤害[/secondary]和[secondary]技能伤害[/secondary]。,"Каждый раз, когда один из [secondary]союзников[/secondary] [primary]Н@ла[/primary] входит в [secondary]режим борьбы за жизнь[/secondary] или погибает [primary]костяной тотем[/primary], его [secondary]урон от стрельбы[/secondary] и [secondary]урон от навыков[/secondary] повышаются.","Immer wenn einer von [primary]C4SHs[/primary] [secondary]Verbündeten[/secondary] [secondary]Kämpfe um dein Leben[/secondary] startet oder ein [primary]Knochen-Totem[/primary] stirbt, verursacht er erhöhten [secondary]Schusswaffen-Schaden[/secondary] und [secondary]Skill-Schaden[/secondary].",passive,236,299,362,425,488,404:Progress_robo_branch_cleromancy_2:Branch - Row 3 - 3,green,Roll the Bones,骨注一掷,Бросить кости,Die Würfel rollen lassen,Progress_robo_branch_cleromancy_2,Branch - Row 3 - 3,,tooltip_robo_passive_80_AlphasCall,the_glorious_dead_5.png,/Game/DLC/Cowbell/uiresources/skill_icons/passives/c4sh_passive_green_27.c4sh_passive_green_27
404,Char_RoboDealer,C4sh,Accursed Bones,诅咒骸骨,Обреченные кости,Verfluchte Würfel,"Whenever [primary]C4SH[/primary] deals [secondary]Action Skill Damage[/secondary] to an [secondary]enemy[/secondary], that [secondary]enemy[/secondary] becomes [primary]Jinxed[/primary]. [primary]Jinxed[/primary] [secondary]enemies[/secondary] take increased [secondary]Damage[/secondary] from all [secondary]sources[/secondary] and deal decreased [secondary]Damage[/secondary].[newline][newline] [primary]C4SH[/primary] gains [secondary]Lifesteal[/secondary] against [primary]Jinxed[/primary] [secondary]enemies[/secondary].",当[primary]老钱[/primary]对[secondary]敌人[/secondary]造成[secondary]主动技能伤害[/secondary]时，该[secondary]敌人[/secondary]会被[primary]诅咒[/primary]。被[primary]诅咒[/primary]的[secondary]敌人[/secondary]受到的所有[secondary]类型[/secondary][secondary]伤害[/secondary]将提升，同时造成的[secondary]伤害[/secondary]降低。[newline][newline][primary]老钱[/primary]对抗被[primary]诅咒[/primary]的[secondary]敌人[/secondary]时获得[secondary]吸血[/secondary]。,"Каждый раз, когда [primary]Н@л[/primary] наносит [secondary]врагу[/secondary] [secondary]урон от активного навыка[/secondary], этот [secondary]враг[/secondary] попадает под действие [primary]сглаза[/primary]. [secondary]Враги[/secondary] под действием [primary]сглаза[/primary] получают повышенный [secondary]урон[/secondary] из всех [secondary]источников[/secondary] и наносят пониженный [secondary]урон[/secondary].[newline][newline] Против [secondary]врагов[/secondary] под действием [primary]сглаза[/primary] [primary]Н@л[/primary] получает [secondary]кражу здоровья[/secondary].","Immer wenn [primary]C4SH[/primary] einem [secondary]Feind[/secondary] [secondary]Action-Skill-Schaden[/secondary] zufügt, wird dieser [secondary]Feind[/secondary] [primary]verhext[/primary]. [primary]Verhexte[/primary] [secondary]Feinde[/secondary] erleiden erhöhten [secondary]Schaden[/secondary] aus allen [secondary]Quellen[/secondary] und verursachen reduzierten [secondary]Schaden[/secondary].[newline][newline] [primary]C4SH[/primary] erhält [secondary]Lebensraub[/secondary] gegen [primary]verhexte[/primary] [secondary]Feinde[/secondary].",passive,237,300,363,426,489,404:Progress_robo_branch_cleromancy_3:Branch - Row 1 - 1,green,Roll the Bones,骨注一掷,Бросить кости,Die Würfel rollen lassen,Progress_robo_branch_cleromancy_3,Branch - Row 1 - 1,,tooltip_robo_passive_81_CursedCall,accursed_bones_5.png,/Game/DLC/Cowbell/uiresources/skill_icons/passives/c4sh_passive_green_28.c4sh_passive_green_28
404,Char_RoboDealer,C4sh,Tormented,无尽折磨,Изможденный,Gequält,[primary]C4SH[/primary] and his [secondary]Companions[/secondary] deal increased [secondary]Critical Hit Damage[/secondary]. This bonus is increased against [primary]Jinxed[/primary] [secondary]enemies[/secondary].,提升[primary]老钱[/primary]及其[secondary]伙伴[/secondary]造成的[secondary]暴击伤害[/secondary]。对抗被[primary]诅咒[/primary][secondary]敌人[/secondary]时将提升此加成。,[primary]Н@л[/primary] и его [secondary]питомцы[/secondary] наносят повышенный [secondary]критический урон[/secondary]. Этот бонус еще выше против [secondary]врагов[/secondary] под действием [primary]сглаза[/primary].,[primary]C4SH[/primary] und seine [secondary]Gefährten[/secondary] verursachen erhöhten [secondary]kritischen Trefferschaden[/secondary]. Dieser Bonus erhöht sich gegen [primary]verhexte[/primary] [secondary]Feinde[/secondary].,passive,238,301,364,427,490,404:Progress_robo_branch_cleromancy_3:Branch - Row 1 - 3,green,Roll the Bones,骨注一掷,Бросить кости,Die Würfel rollen lassen,Progress_robo_branch_cleromancy_3,Branch - Row 1 - 3,,tooltip_robo_passive_82_Haunted,tormented_5.png,/Game/DLC/Cowbell/uiresources/skill_icons/passives/c4sh_passive_green_29.c4sh_passive_green_29
404,Char_RoboDealer,C4sh,Graveyard Shift,墓地轮班,Ночная смена,Friedhofsschicht,[primary]C4SH[/primary] gains increased [secondary]Action Skill Cooldown Rate[/secondary] for every [secondary]enemy[/secondary] he has [primary]Jinxed[/primary].,[primary]老钱[/primary]每[primary]诅咒[/primary]一名[secondary]敌人[/secondary]，都将提升自身[secondary]主动技能冷却速率[/secondary]。,[secondary]Скорость восстановления активного навыка[/secondary] [primary]Н@ла[/primary] повышается за каждого [secondary]врага[/secondary] под действием [primary]сглаза[/primary].,"[primary]C4SH[/primary] erhält für jeden [secondary]Feind[/secondary], den er [primary]verhext[/primary] hat, eine erhöhte [secondary]Action-Skill-Abklinggeschwindigkeit[/secondary].",passive,240,303,366,429,492,404:Progress_robo_branch_cleromancy_3:Branch - Row 2 - 2,green,Roll the Bones,骨注一掷,Бросить кости,Die Würfel rollen lassen,Progress_robo_branch_cleromancy_3,Branch - Row 2 - 2,,tooltip_robo_passive_83_GraveyardShift,graveyard_shift_5.png,/Game/DLC/Cowbell/uiresources/skill_icons/passives/c4sh_passive_green_31.c4sh_passive_green_31
404,Char_RoboDealer,C4sh,Snake Eyes,两点,Две единицы,Schlangenaugen,"Whenever [primary]C4SH[/primary] shoots an [secondary]enemy[/secondary] with a [secondary]Gun[/secondary], fire a [primary]Bone Shard[/primary] at all other [primary]Jinxed[/primary] [secondary]enemies[/secondary]. When [primary]Bone Shards[/primary] damage an [secondary]enemy[/secondary], they create [primary]Bone Splinters[/primary] around them and converge around them, dealing [nowrap][kinetic_icon][kinetic]Kinetic[/kinetic][/nowrap] [kinetic]Damage[/kinetic]. [secondary]Enemies[/secondary] damaged by [primary]Bone Shards[/primary] take increased [secondary]Damage[/secondary] from all [secondary]sources[/secondary].",每当[primary]老钱[/primary]用[secondary]枪械[/secondary]射击[secondary]敌人[/secondary]时，会向所有其他被[primary]诅咒[/primary]的[secondary]敌人[/secondary]发射[primary]骸骨碎片[/primary]。当[primary]骸骨碎片[/primary]对[secondary]敌人[/secondary]造成伤害时，它们会在其周围生成[primary]骸骨裂片[/primary]并聚集在四周，造成[nowrap][kinetic_icon][kinetic]动能[/kinetic][/nowrap][kinetic]伤害[/kinetic]。被[primary]骸骨碎片[/primary]伤害的[secondary]敌人[/secondary]受到的所有[secondary]类型[/secondary][secondary]伤害[/secondary]都将提升。,"Каждый раз, когда [primary]Н@л[/primary] стреляет во [secondary]врага[/secondary] из [secondary]пушки[/secondary], в остальных [secondary]врагов[/secondary] под действием [primary]сглаза[/primary] летит [primary]осколок кости[/primary]. Когда [primary]осколки кости[/primary] наносят урон [secondary]врагу[/secondary], они создают окружающие их [primary]костяные занозы[/primary], наносящие [nowrap][kinetic_icon][kinetic]кинетический[/kinetic][/nowrap] [kinetic]урон[/kinetic]. [secondary]Враги[/secondary], раненные [primary]осколками кости[/primary], получают повышенный [secondary]урон[/secondary] из всех [secondary]источников[/secondary].","Immer wenn [primary]C4SH[/primary] einen [secondary]Feind[/secondary] mit einer [secondary]Schusswaffe[/secondary] trifft, feuert er einen [primary]Knochensplitter[/primary] auf alle anderen [primary]verhexten[/primary] [secondary]Feinde[/secondary] ab. Wenn [primary]Knochensplitter[/primary] einem [secondary]Feind[/secondary] Schaden zufügen, erzeugen sie [primary]Knochenspleiße[/primary], die sich um ihn herum sammeln und [nowrap][kinetic_icon][kinetic][markup]Kinetikschaden[/markup][/kinetic][/nowrap] verursachen. [secondary]Feinde[/secondary], die durch [primary]Knochensplitter[/primary] Schaden erlitten haben, erleiden erhöhten [secondary]Schaden[/secondary] aus allen [secondary]Quellen[/secondary].",passive,242,305,368,431,494,404:Progress_robo_branch_cleromancy_3:Branch - Row 3 - 1,green,Roll the Bones,骨注一掷,Бросить кости,Die Würfel rollen lassen,Progress_robo_branch_cleromancy_3,Branch - Row 3 - 1,,tooltip_robo_passive_84_SnakeEyes,snake_eyes_5.png,/Game/DLC/Cowbell/uiresources/skill_icons/passives/c4sh_passive_green_33.c4sh_passive_green_33
404,Char_RoboDealer,C4sh,Call,呼唤,Колл,Ich geh mit,"Whenever [primary]C4SH[/primary] activates an [secondary]Action Skill[/secondary], he and his [primary]Bone Totems[/primary] automatically [secondary]Critically Hit[/secondary] [primary]Jinxed[/primary] [secondary]enemies[/secondary].",当[primary]老钱[/primary]发动[secondary]主动技能[/secondary]时，他及其[primary]骸骨图腾[/primary]会自动[secondary]暴击[/secondary]被[primary]诅咒[/primary]的[secondary]敌人[/secondary]。,"Каждый раз, когда [primary]Н@л[/primary] задействует [secondary]активный навык[/secondary], он и его [primary]костяные тотемы[/primary] автоматически наносят [secondary]критический урон[/secondary] [secondary]врагам[/secondary] под действием [primary]сглаза[/primary].","Immer wenn [primary]C4SH[/primary] einen [secondary]Action-Skill[/secondary] aktiviert, fügen er und seine [primary]Knochen-Totems[/primary] [primary]verhexten[/primary] [secondary]Feinden[/secondary] automatisch [secondary]kritische Treffer[/secondary] zu.",passive,243,306,369,432,495,404:Progress_robo_branch_cleromancy_3:Branch - Row 3 - 3,green,Roll the Bones,骨注一掷,Бросить кости,Die Würfel rollen lassen,Progress_robo_branch_cleromancy_3,Branch - Row 3 - 3,,tooltip_robo_passive_85_WitchingHour,call_5.png,/Game/DLC/Cowbell/uiresources/skill_icons/passives/c4sh_passive_green_34.c4sh_passive_green_34
404,Char_RoboDealer,C4sh,Unleashed,彻底释放,Освободившийся,Entfesselt,[primary]C4SH[/primary] gains increased [secondary]Fire Rate[/secondary] with [secondary]Guns[/secondary] and [primary]Cross-Fire[/primary].,提升[primary]老钱[/primary][secondary]枪械[/secondary]和[primary]交叉火力[/primary]的[secondary]射速[/secondary]。,"[secondary]Скорострельность[/secondary] [primary]Н@ла[/primary] при [secondary]стрельбе из пушек[/secondary] и в ходе [primary]""Перекрестного огня""[/primary] повышаются.",[primary]C4SH[/primary] erhält eine erhöhte [secondary]Feuerrate[/secondary] für [secondary]Schusswaffen[/secondary] und [primary]Kreuzfeuer[/primary].,passive,216,184,152,120,88,404:Progress_robo_trunk_crossFire:Trunk - Row 1 - 1,red,Chaos Walking,混沌行走,Ходячий хаос,Chaos-Wandeln,Progress_robo_trunk_crossFire,Trunk - Row 1 - 1,,tooltip_robo_passive_31_Unchained,unleashed_5.png,/Game/DLC/Cowbell/uiresources/skill_icons/passives/c4sh_passive_red_01.c4sh_passive_red_01
404,Char_RoboDealer,C4sh,Your Huckleberry,最佳人选,Нужный навык,Poker-Ass,[primary]C4SH[/primary] gains increased [secondary]Critical Hit Damage[/secondary].,提升[primary]老钱[/primary]的[secondary]暴击伤害[/secondary]。,[secondary]Критический урон[/secondary] [primary]Н@ла[/primary] повышается.,[primary]C4SH[/primary] erhält erhöhten [secondary]kritischen Trefferschaden[/secondary].,passive,214,181,149,117,85,404:Progress_robo_trunk_crossFire:Trunk - Row 1 - 3,red,Chaos Walking,混沌行走,Ходячий хаос,Chaos-Wandeln,Progress_robo_trunk_crossFire,Trunk - Row 1 - 3,,tooltip_robo_passive_32_DeathHunt,your_huckleberry_5.png,/Game/DLC/Cowbell/uiresources/skill_icons/passives/c4sh_passive_red_03.c4sh_passive_red_03
404,Char_RoboDealer,C4sh,The Determinator,终结者,Судья,Der Determinator,"[primary]C4SH[/primary] gains [secondary]Health Regeneration[/secondary]. The faster he's moving, the more [secondary]Health Regeneration[/secondary] he gains.",[primary]老钱[/primary]获得[secondary]生命值恢复[/secondary]。老钱的移动速度越快，获得的[secondary]生命值恢复[/secondary]越多。,"[primary]Н@л[/primary] [secondary]восстанавливает здоровье[/secondary]. Чем быстрее он перемещается, тем больше [secondary]здоровья восстанавливается[/secondary].","[primary]C4SH[/primary] erhält [secondary]Gesundheitsregeneration[/secondary]. Je schneller er sich bewegt, desto mehr [secondary]Gesundheitsregeneration[/secondary] erhält er.",passive,25,24,23,22,21,404:Progress_robo_trunk_crossFire:Trunk - Row 1 - 4,red,Chaos Walking,混沌行走,Ходячий хаос,Chaos-Wandeln,Progress_robo_trunk_crossFire,Trunk - Row 1 - 4,,tooltip_robo_passive_33_Determinator,the_determinator_5.png,/Game/DLC/Cowbell/uiresources/skill_icons/passives/c4sh_passive_red_04.c4sh_passive_red_04
404,Char_RoboDealer,C4sh,Hard-Boiled,冷硬作风,Вкрутую,Ausgekocht,"[nowrap][frtn_icon][rd_color]Fortune[/rd_color][/nowrap] [rd_color]Skill.[/rd_color] Whenever [primary]C4SH[/primary] gains a [secondary]Stack[/secondary] of [nowrap][frtn_icon][rd_color]Fortune[/rd_color][/nowrap], he restores his [secondary]Action Skill Duration[/secondary] with diminishing returns.",[nowrap][frtn_icon][rd_color]时来运转[/rd_color][/nowrap][rd_color]技能。[/rd_color]当[primary]老钱[/primary]获得一[secondary]层[/secondary][nowrap][frtn_icon][rd_color]时来运转[/rd_color][/nowrap]时，其将恢复[secondary]主动技能持续时间[/secondary]，但恢复量会逐渐减少。,"[rd_color]Навык[/rd_color] [nowrap][frtn_icon][rd_color]удачи[/rd_color][/nowrap]. Каждый раз, когда [primary]Н@л[/primary] получает [secondary]заряд[/secondary] [nowrap][frtn_icon][rd_color]удачи[/rd_color][/nowrap], он продлевает [secondary]длительность своего активного навыка[/secondary]. Эффект постепенно ослабевает.","[nowrap][frtn_icon][rd_color]Glückssträhne[/rd_color][/nowrap]-[rd_color]Skill.[/rd_color] Immer wenn [primary]C4SH[/primary] einen [nowrap][frtn_icon][rd_color]Glückssträhne[/rd_color][/nowrap]-[secondary]Stapel[/secondary] erhält, stellt er mit rückläufiger Wirksamkeit seine [secondary]Action-Skill-Dauer[/secondary] wieder her.",passive,212,180,148,116,84,404:Progress_robo_trunk_crossFire:Trunk - Row 1 - 5,red,Chaos Walking,混沌行走,Ходячий хаос,Chaos-Wandeln,Progress_robo_trunk_crossFire,Trunk - Row 1 - 5,,tooltip_robo_passive_34_HardBoiled,hardboiled_5.png,/Game/DLC/Cowbell/uiresources/skill_icons/passives/c4sh_passive_red_05.c4sh_passive_red_05
404,Char_RoboDealer,C4sh,Shootist,射手,Стрельбист,Schusssicher,[primary]C4SH[/primary] gains increased [secondary]Gun Damage[/secondary].,提升[primary]老钱[/primary]的[secondary]枪械伤害[/secondary]。,У [primary]Н@ла[/primary] увеличивается [secondary]урон от стрельбы[/secondary].,[primary]C4SH[/primary] erhält erhöhten [secondary]Schusswaffen-Schaden[/secondary].,passive,211,179,147,115,83,404:Progress_robo_trunk_crossFire:Trunk - Row 2 - 3,red,Chaos Walking,混沌行走,Ходячий хаос,Chaos-Wandeln,Progress_robo_trunk_crossFire,Trunk - Row 2 - 3,,tooltip_robo_passive_36_TheShootist,shootist_5.png,/Game/DLC/Cowbell/uiresources/skill_icons/passives/c4sh_passive_red_07.c4sh_passive_red_07
404,Char_RoboDealer,C4sh,Stand and Bleed,挺身流血,Будем кровью истекать,Bleiben und bluten,[primary]C4SH[/primary] gains a [secondary]Chance[/secondary] to [secondary]Critically Hit[/secondary] with his [secondary]Action Skills[/secondary] and [secondary]Guns[/secondary].,[primary]老钱[/primary]的[secondary]主动技能[/secondary]和[secondary]枪械[/secondary]有[secondary]几率[/secondary]造成[secondary]暴击[/secondary]。,[primary]Н@л[/primary] получает [secondary]шанс[/secondary] [secondary]критического попадания[/secondary] по врагу [secondary]активными навыками[/secondary] и [secondary]из пушек[/secondary].,"[primary]C4SH[/primary] erhält die [secondary]Chance[/secondary], [secondary]kritische Treffer[/secondary] mit seinen [secondary]Action-Skills[/secondary] und [secondary]Schusswaffen[/secondary] zu erzielen.",passive,210,178,146,114,82,404:Progress_robo_trunk_crossFire:Trunk - Row 2 - 5,red,Chaos Walking,混沌行走,Ходячий хаос,Chaos-Wandeln,Progress_robo_trunk_crossFire,Trunk - Row 2 - 5,,tooltip_robo_passive_37_StandAndBleed,stand_and_bleed_5.png,/Game/DLC/Cowbell/uiresources/skill_icons/passives/c4sh_passive_red_08.c4sh_passive_red_08
404,Char_RoboDealer,C4sh,Hot Hand,手感火辣,Череда удач,Heiße Hand,"[primary]C4SH[/primary] deals [nowrap][fire_icon][fire]Bonus[/fire][/nowrap] [fire]Incendiary Damage[/fire]. The higher his [secondary]Fire Rate[/secondary], the greater the bonus.",[primary]老钱[/primary]造成[nowrap][fire_icon][fire]加成[/fire][/nowrap][fire]燃烧伤害[/fire]。老钱的[secondary]射速[/secondary]越快，加成越大。,"[primary]Н@л[/primary] наносит [nowrap][fire_icon][fire]дополнительный[/fire][/nowrap] [fire]урон от огня[/fire]. Чем выше его [secondary]скорострельность[/secondary], тем выше бонус.","[primary]C4SH[/primary] verursacht [nowrap][fire_icon][fire][markup]Bonus-Brandschaden[/markup][/fire][/nowrap]. Je höher seine [secondary]Feuerrate[/secondary], desto größer der Bonus.",passive,209,177,145,113,81,404:Progress_robo_trunk_crossFire:Trunk - Row 3 - 1,red,Chaos Walking,混沌行走,Ходячий хаос,Chaos-Wandeln,Progress_robo_trunk_crossFire,Trunk - Row 3 - 1,,tooltip_robo_passive_35_TheFuries,hot_hand_5.png,/Game/DLC/Cowbell/uiresources/skill_icons/passives/c4sh_passive_red_09.c4sh_passive_red_09
404,Char_RoboDealer,C4sh,Trick Shot,特技射击,ТРЮК,,"[nowrap][frtn_icon][rd_color]Fortune[/rd_color][/nowrap] [rd_color]Skill.[/rd_color] [primary]C4SH[/primary] gains [secondary]Ricochet Chance[/secondary] with his [secondary]Guns[/secondary]. Shots that [secondary]Ricochet[/secondary] this way are turned into [primary]Bone Shards[/primary]. When [primary]Bone Shards[/primary] damage an [secondary]enemy[/secondary], they create [primary]Bone Splinters[/primary] that converge around them, dealing [nowrap][kinetic_icon][kinetic]Kinetic[/kinetic][/nowrap] [kinetic]Damage[/kinetic]. [secondary]Enemies[/secondary] damaged by [primary]Bone Shards[/primary] take increased [secondary]Damage[/secondary] from all [secondary]sources[/secondary]. The more [nowrap][frtn_icon][rd_color]Fortune[/rd_color][/nowrap] [rd_color]Stacks[/rd_color] [primary]C4SH[/primary] has, the greater the [secondary]Chance[/secondary].",[nowrap][frtn_icon][rd_color]时来运转[/rd_color][/nowrap][rd_color]技能[/rd_color]。[primary]老钱[/primary]的[secondary]枪械[/secondary]获得[secondary]跳弹率[/secondary]。此方式产生的[secondary]跳弹[/secondary]将变为[primary]骸骨碎片[/primary]。当[primary]骸骨碎片[/primary]对[secondary]敌人[/secondary]造成伤害时，它们会在生成[primary]骸骨裂片[/primary]并聚集在敌人四周，造成[nowrap][kinetic_icon][kinetic]动能[/kinetic][/nowrap][kinetic]伤害[/kinetic]。被[primary]骸骨碎片[/primary]伤害的[secondary]敌人[/secondary]受到的所有[secondary]类型[/secondary][secondary]伤害[/secondary]都将提升。[primary]老钱[/primary]拥有的[nowrap][frtn_icon][rd_color]时来运转[/rd_color][/nowrap][rd_color]层数[/rd_color]越多，[secondary]几率[/secondary]越高。,"[nowrap][frtn_icon][rd_color]Навык[/rd_color][/nowrap] [rd_color]удачи[/rd_color]. [primary]Н@л[/primary] получает [secondary]шанс на рикошет[/secondary] при [secondary]стрельбе из пушек[/secondary]. Выстрелы, которые таким образом [secondary]срикошетили[/secondary], превращаются в [primary]осколки кости[/primary]. Когда [primary]осколки[/primary] наносят урон [secondary]врагу[/secondary], они создают окружающие их [primary]костяные занозы[/primary], наносящие [nowrap][kinetic_icon][kinetic]кинетический[/kinetic][/nowrap] [kinetic]урон[/kinetic]. [secondary]Враги[/secondary], раненные [primary]осколками кости[/primary], получают повышенный [secondary]урон[/secondary] из всех [secondary]источников[/secondary]. Чем больше у [primary]Н@ла[/primary] [rd_color]зарядов[/rd_color] [nowrap][frtn_icon][rd_color]удачи[/rd_color][/nowrap], тем выше [secondary]шанс[/secondary].","[nowrap][frtn_icon][rd_color][markup]Glückssträhne-Skill.[/markup][/rd_color][/nowrap] [primary]C4SH[/primary] erhält eine [secondary]Abprallchance[/secondary] für seine [secondary]Schusswaffen[/secondary]. Schüsse, die auf diese Weise [secondary]abprallen[/secondary], werden in [primary]Knochensplitter[/primary] umgewandelt. Wenn [primary]Knochensplitter[/primary] einem [secondary]Feind[/secondary] Schaden zufügen, erzeugen sie [primary]Knochenspleiße[/primary] in ihrem Umkreis, die [nowrap][kinetic_icon][kinetic]Kinetikschaden[/kinetic][/nowrap] bewirken. Von [primary]Knochensplittern[/primary] beeinträchtigte [secondary]Feinde[/secondary] erleiden erhöhten [secondary]Schaden[/secondary] aus allen [secondary]Quellen[/secondary]. Je mehr [nowrap][frtn_icon][rd_color]Glückssträhne-Stapel[/nowrap][/rd_color] [primary]C4SH[/primary] hat, desto größer die [secondary]Chance[/secondary].",passive,20,19,18,17,16,404:Progress_robo_trunk_crossFire:Trunk - Row 3 - 2,red,Chaos Walking,混沌行走,Ходячий хаос,Chaos-Wandeln,Progress_robo_trunk_crossFire,Trunk - Row 3 - 2,,tooltip_robo_passive_39_BoneShrapnel,trick_shot_5.png,/Game/DLC/Cowbell/uiresources/skill_icons/passives/c4sh_passive_red_10.c4sh_passive_red_10
404,Char_RoboDealer,C4sh,Devil's Tines,恶魔之齿,Дьявольские зубцы,Teufelszinken,[primary]C4SH[/primary] gains an additional [secondary]Augment Slot[/secondary].,[primary]老钱[/primary]获得额外[secondary]强化栏位[/secondary]。,[primary]Н@л[/primary] получает дополнительную [secondary]ячейку усиления[/secondary].,[primary]C4SH[/primary] erhält einen zusätzlichen [secondary]Erweiterungsslot[/secondary].,passive,208,176,144,112,80,404:Progress_robo_trunk_crossFire:Trunk - Row 3 - 3,red,Chaos Walking,混沌行走,Ходячий хаос,Chaos-Wandeln,Progress_robo_trunk_crossFire,Trunk - Row 3 - 3,,tooltip_robo_passive_10_devilsTines_CF,devils_tines_r_5.png,/Game/DLC/Cowbell/uiresources/skill_icons/passives/c4sh_passive_blue_11.c4sh_passive_blue_11
404,Char_RoboDealer,C4sh,Ride to Ruin,奔向毁灭,В последний бой,Ritt in den Ruin,"[secondary]Kill Skill.[/secondary] Whenever [primary]C4SH[/primary] kills an [secondary]enemy[/secondary] while his [secondary]Action Skill[/secondary] is active, begin accumulating [primary]Ride to Ruin Stacks[/primary]. When his [secondary]Action Skill[/secondary] ends, refund [secondary]Action Skill Cooldown[/secondary] equal to the amount of [primary]Ride to Ruin Stacks[/primary] he has.",[secondary]杀戮技能。[/secondary]当[primary]老钱[/primary]在[secondary]主动技能[/secondary]的持续期间击杀[secondary]敌人[/secondary]时，其会开始累积[primary]奔向毁灭层数[/primary]。当其[secondary]主动技能[/secondary]结束时会返还[secondary]主动技能冷却时间[/secondary]，返还时间与其拥有的[primary]奔向毁灭层数[/primary]相等。,"[secondary]Навык убийства.[/secondary] Каждый раз, когда [primary]Н@л[/primary] убивает [secondary]врага[/secondary] во время действия [secondary]активного навыка[/secondary], накапливаются заряды [primary]""В последний бой""[/primary]. Когда его [secondary]активный навык[/secondary] перестает действовать, [secondary]время восстановления активного навыка[/secondary] сокращается на количество имеющихся [primary]зарядов ""В последний бой""[/primary].","[secondary]Kill-Skill.[/secondary] Immer wenn [primary]C4SH[/primary] einen [secondary]Feind[/secondary] tötet, während sein [secondary]Action-Skill[/secondary] aktiv ist, beginnt er, [primary]'Ritt in den Ruin'-Stapel[/primary] anzusammeln. Wenn sein [secondary]Action-Skill[/secondary] endet, wird ihm [secondary]Action-Skill-Abklingzeit[/secondary] in Höhe der Anzahl seiner [primary]'Ritt in den Ruin'-Stapel[/primary] erstattet.",passive,207,175,143,111,79,404:Progress_robo_trunk_crossFire:Trunk - Row 3 - 4,red,Chaos Walking,混沌行走,Ходячий хаос,Chaos-Wandeln,Progress_robo_trunk_crossFire,Trunk - Row 3 - 4,,tooltip_robo_passive_40_RideWithTheDevil,ride_to_ruin_5.png,/Game/DLC/Cowbell/uiresources/skill_icons/passives/c4sh_passive_red_12.c4sh_passive_red_12
404,Char_RoboDealer,C4sh,A Blur of Fingers and Brass,铜管交响曲,Мелькают пальцы и металл,Finger am Metall,Whenever [primary]C4SH[/primary] gains a [secondary]Stack[/secondary] of [nowrap][frtn_icon][rd_color]Fortune[/rd_color][/nowrap] he gains increased [secondary]Reload Speed[/secondary] and [secondary]Fire Rate[/secondary] with his [secondary]Guns[/secondary] and [primary]Cross-Fire[/primary]. This effect stacks.,当[primary]老钱[/primary]获得[secondary]一层[/secondary][nowrap][frtn_icon][rd_color]时来运转[/rd_color][/nowrap]时，提升其[secondary]枪械[/secondary]和[primary]交叉火力[/primary]的[secondary]装填速度[/secondary]和[secondary]射速[/secondary]。此效果可叠加。,"Каждый раз, когда [primary]Н@л[/primary] получает [secondary]заряд[/secondary] [nowrap][frtn_icon][rd_color]удачи[/rd_color][/nowrap], его [secondary]скорость перезарядки[/secondary] и [secondary]скорострельность[/secondary] [secondary]с применением пушек[/secondary] и [primary]""Перекрестного огня""[/primary] повышаются. Этот эффект суммируется.","Immer wenn [primary]C4SH[/primary] einen [nowrap][frtn_icon][rd_color][markup]Glückssträhne-Stapel[/markup][/rd_color][/nowrap] erhält, erhält er eine erhöhte [secondary]Nachladegeschwindigkeit[/secondary] und [secondary]Feuerrate[/secondary] für seine [secondary]Schusswaffen[/secondary] und [primary]Kreuzfeuer[/primary]. Dieser Effekt ist stapelbar.",passive,206,174,142,110,78,404:Progress_robo_trunk_crossFire:Trunk - Row 3 - 5,red,Chaos Walking,混沌行走,Ходячий хаос,Chaos-Wandeln,Progress_robo_trunk_crossFire,Trunk - Row 3 - 5,,tooltip_robo_passive_38_Unchained,a_blur_of_fingers_and_brass_5.png,/Game/DLC/Cowbell/uiresources/skill_icons/passives/c4sh_passive_red_13.c4sh_passive_red_13
404,Char_RoboDealer,C4sh,Brimstone,硫磺,Сера,Schwefel,[primary]C4SH[/primary] gains increased [secondary]Reload Speed[/secondary].[newline][newline][primary]C4SH's[/primary] [secondary]Fire Rate[/secondary] now benefits from increases to [secondary]Reload Speed[/secondary].,提升[primary]老钱[/primary]的[secondary]装填速度[/secondary]。[newline][newline][secondary]装填速度[/secondary]加成将提升[primary]老钱[/primary]的[secondary]射速[/secondary]。,[primary]Н@л[/primary] получает повышенную [secondary]скорость перезарядки[/secondary].[newline][newline][secondary]Скорострельность[/secondary] [primary]Н@ла[/primary] получает бонус в соответствии с ростом [secondary]скорости перезарядки[/secondary].,[primary]C4SH[/primary] erhält eine erhöhte [secondary]Nachladegeschwindigkeit[/secondary].[newline][newline][primary]C4SHs[/primary] [secondary]Feuerrate[/secondary] steigt mit der [secondary]Nachladegeschwindigkeit[/secondary] an.,passive,244,307,370,433,496,404:Progress_robo_branch_crossFire_1:Branch - Row 1 - 1,red,Chaos Walking,混沌行走,Ходячий хаос,Chaos-Wandeln,Progress_robo_branch_crossFire_1,Branch - Row 1 - 1,,tooltip_robo_passive_42_Brimstone,brimstone_5.png,/Game/DLC/Cowbell/uiresources/skill_icons/passives/c4sh_passive_red_14.c4sh_passive_red_14
404,Char_RoboDealer,C4sh,Fast C4SH,快速老钱,Быстрый Н@л,C4SH auf die Schnelle,"[nowrap][frtn_icon][rd_color]Fortune[/rd_color][/nowrap] [rd_color]Skill.[/rd_color] [primary]C4SH[/primary] gains increased [secondary]Movement Speed[/secondary]. The more [nowrap][frtn_icon][rd_color]Fortune[/rd_color][/nowrap] [rd_color]Stacks[/rd_color] [primary]C4SH[/primary] has, the greater the bonus.",[nowrap][frtn_icon][rd_color]时来运转[/rd_color][/nowrap][rd_color]技能[/rd_color]。提升[primary]老钱[/primary]的[secondary]移动速度[/secondary]。[primary]老钱[/primary]拥有的[nowrap][frtn_icon][rd_color]时来运转[/rd_color][/nowrap][rd_color]层数[/rd_color]越多，加成效果越大。,"[rd_color]Навык[/rd_color] [nowrap][frtn_icon][rd_color]удачи[/rd_color][/nowrap]. [secondary]Скорость перемещения[/secondary] [primary]Н@ла[/primary] повышается. Чем больше у [primary]Н@ла[/primary] [rd_color]зарядов[/rd_color] [nowrap][frtn_icon][rd_color]удачи[/rd_color][/nowrap], тем выше бонус.","[nowrap][frtn_icon][rd_color][markup]Glückssträhne-Skill.[/markup][/rd_color][/nowrap] [primary]C4SH[/primary] erhält erhöhte [secondary]Bewegungsgeschwindigkeit[/secondary]. Je mehr [nowrap][frtn_icon][rd_color][markup]Glückssträhne-Stapel[/markup][/rd_color][/nowrap] [primary]C4SH[/primary] hat, desto größer der Bonus.",passive,245,308,371,434,497,404:Progress_robo_branch_crossFire_1:Branch - Row 1 - 3,red,Chaos Walking,混沌行走,Ходячий хаос,Chaos-Wandeln,Progress_robo_branch_crossFire_1,Branch - Row 1 - 3,,tooltip_robo_passive_43_TheClaim,fast_c4sh_5.png,/Game/DLC/Cowbell/uiresources/skill_icons/passives/c4sh_passive_red_15.c4sh_passive_red_15
404,Char_RoboDealer,C4sh,Firestorm,火焰风暴,Огненная буря,Feuersturm,"[primary]C4SH[/primary] deals [nowrap][fire][fire_icon]Bonus[/fire][/nowrap] [fire]Incendiary Damage[/fire] with his [secondary]Guns[/secondary]. The faster he's moving, the greater the bonus.",[primary]老钱[/primary]的[secondary]枪械[/secondary]会造成[nowrap][fire][fire_icon]加成[/fire][/nowrap][fire]燃烧伤害[/fire]。老钱移动速度越快，加成效果越大。,"[primary]Н@л[/primary] наносит [nowrap][fire][fire_icon]дополнительный[/fire][/nowrap] [fire]урон от огня[/fire] своими [secondary]пушками[/secondary]. Чем быстрее он двигается, тем выше бонус.","[primary]C4SH[/primary] verursacht [nowrap][fire_icon][fire][markup]Bonus-Brandschaden[/markup][/fire][/nowrap] mit seinen [secondary]Schusswaffen[/secondary]. Je schneller er sich bewegt, desto größer der Bonus.",passive,246,309,372,435,498,404:Progress_robo_branch_crossFire_1:Branch - Row 2 - 1,red,Chaos Walking,混沌行走,Ходячий хаос,Chaos-Wandeln,Progress_robo_branch_crossFire_1,Branch - Row 2 - 1,,tooltip_robo_passive_44_TheGunfighter,firestorm_5.png,/Game/DLC/Cowbell/uiresources/skill_icons/passives/c4sh_passive_red_16.c4sh_passive_red_16
404,Char_RoboDealer,C4sh,Burn the House Down,扳倒庄家,Спалим всю контору,Da brennt die Hütte,"Whenever [primary]C4SH[/primary] loses [nowrap][frtn_icon][rd_color]Fortune[/rd_color][/nowrap] [rd_color]Stacks[/rd_color], lob [nowrap][fire_icon][fire]Incendiary[/fire][/nowrap] [fire]Mortars[/fire] at nearby [secondary]enemies[/secondary] that deal [secondary]Damage[/secondary] based on the [nowrap][frtn_icon][rd_color]Fortune[/rd_color][/nowrap] [rd_color]Stacks[/rd_color] lost.",当[primary]老钱[/primary]失去[nowrap][frtn_icon][rd_color]时来运转[/rd_color][/nowrap][rd_color]叠加[/rd_color]时，会向附近[secondary]敌人[/secondary]发射[nowrap][fire_icon][fire]燃烧[/fire][/nowrap][fire]迫击炮[/fire]，并根据失去的[nowrap][frtn_icon][rd_color]时来运转[/rd_color][/nowrap][rd_color]层数[/rd_color]造成[secondary]伤害[/secondary]。,"Каждый раз, когда [primary]Н@л[/primary] теряет [rd_color]заряды[/rd_color] [nowrap][frtn_icon][rd_color]удачи[/rd_color][/nowrap], во [secondary]врагов[/secondary] поблизости летят [nowrap][fire_icon][fire]огненные[/fire][/nowrap] [fire]мины[/fire]. Количество [secondary]урона[/secondary] от них зависит от потерянных [rd_color]зарядов[/rd_color] [nowrap][frtn_icon][rd_color]удачи[/rd_color][/nowrap].","Immer wenn [primary]C4SH[/primary] [nowrap][frtn_icon][rd_color]Glückssträhne[/rd_color][/nowrap]-[rd_color]Stapel[/rd_color] verliert, wirft er [nowrap][fire_icon][fire]Brandmörser[/fire][/nowrap] auf [secondary]Feinde[/secondary] in der Nähe, die [secondary]Schaden[/secondary] basierend auf der Höhe der verlorenen [nowrap][frtn_icon][rd_color]Glückssträhne[/rd_color][/nowrap]-[rd_color]Stapel[/rd_color] verursachen.",passive,247,310,373,436,499,404:Progress_robo_branch_crossFire_1:Branch - Row 2 - 2,red,Chaos Walking,混沌行走,Ходячий хаос,Chaos-Wandeln,Progress_robo_branch_crossFire_1,Branch - Row 2 - 2,,tooltip_robo_passive_45_DebtsToPay,burn_the_house_down_5.png,/Game/DLC/Cowbell/uiresources/skill_icons/passives/c4sh_passive_red_17.c4sh_passive_red_17
404,Char_RoboDealer,C4sh,High Noon,正午,Решающий момент,,"[nowrap][frtn_icon][rd_color]Fortune[/rd_color][/nowrap] [rd_color]Skill.[/rd_color] Whenever [primary]C4SH[/primary] deals [secondary]Gun Damage[/secondary] he gains a [secondary]Chance[/secondary] to create an [nowrap][fire_icon][fire]Incendiary[/fire][/nowrap] [fire]Nova[/fire]. The more [nowrap][frtn_icon][rd_color]Fortune[/rd_color][/nowrap] [rd_color]Stacks[/rd_color] [primary]C4SH[/primary] has, the greater the bonus.",[nowrap][frtn_icon][rd_color]时来运转[/rd_color][/nowrap][rd_color]技能[/rd_color]。当[primary]老钱[/primary]造成[secondary]枪械伤害[/secondary]时，其有[secondary]几率[/secondary]生成[nowrap][fire_icon][fire]燃烧[/fire][/nowrap][fire]星爆[/fire]。[primary]老钱[/primary]拥有的[nowrap][frtn_icon][rd_color]时来运转[/rd_color][/nowrap][rd_color]层数[/rd_color]越多，加成效果越大。,"[rd_color]Навык[/rd_color] [nowrap][frtn_icon][rd_color]удачи[/rd_color][/nowrap]. Каждый раз, когда [primary]Н@л[/primary] наносит [secondary]урон от стрельбы[/secondary], он получает [secondary]шанс[/secondary] создать [nowrap][fire_icon][fire]огненную[/fire][/nowrap] [fire]волну[/fire]. Чем больше у [primary]Н@ла[/primary] [rd_color]зарядов[/rd_color] [nowrap][frtn_icon][rd_color]удачи[/rd_color][/nowrap], тем выше бонус.","[nowrap][frtn_icon][rd_color]Glückssträhne[/rd_color][/nowrap]-[rd_color]Skill.[/rd_color] Immer wenn [primary]C4SH[/primary] [secondary]Schusswaffen-Schaden[/secondary] verursacht, erhält er eine [secondary]Chance[/secondary], eine [nowrap][fire_icon][fire]Brand-Nova[/fire][/nowrap] auszulösen. Je mehr [nowrap][frtn_icon][rd_color]Glückssträhne[/rd_color][/nowrap]-[rd_color]Stapel[/rd_color] [primary]C4SH[/primary] hat, desto größer der Bonus.",passive,248,311,374,437,500,404:Progress_robo_branch_crossFire_1:Branch - Row 2 - 3,red,Chaos Walking,混沌行走,Ходячий хаос,Chaos-Wandeln,Progress_robo_branch_crossFire_1,Branch - Row 2 - 3,,tooltip_robo_passive_46_HellAndBack,high_noon_5.png,/Game/DLC/Cowbell/uiresources/skill_icons/passives/c4sh_passive_red_18.c4sh_passive_red_18
404,Char_RoboDealer,C4sh,Bloodstained Moon,血污之月,Кровавая луна,Blutfleckenmond,"Whenever [primary]C4SH[/primary] [secondary]Critically Hits[/secondary] an [secondary]enemy[/secondary], he gains increased [secondary]Elemental Effect Chance[/secondary], [secondary]Elemental Effect Damage[/secondary], and [secondary]Elemental Damage[/secondary].[newline][newline] [nowrap][frtn_icon][rd_color]Fortune[/rd_color][/nowrap] [rd_color]Skill.[/rd_color] Whenever [primary]C4SH[/primary] kills an [secondary]enemy[/secondary] with a [secondary]Critical Hit[/secondary], lob [nowrap][fire_icon][fire]Incendiary[/fire][/nowrap] [fire]Mortars[/fire] at nearby [secondary]enemies[/secondary]. The more [nowrap][frtn_icon][rd_color]Fortune[/rd_color][/nowrap] [rd_color]Stacks[/rd_color] [primary]C4SH[/primary] has, the greater the [secondary]Damage[/secondary].",当[primary]老钱[/primary][secondary]暴击[/secondary][secondary]敌人[/secondary]时，提升其[secondary]元素效果率[/secondary]、[secondary]元素效果伤害[/secondary]和[secondary]元素伤害[/secondary]。[newline][newline][nowrap][frtn_icon][rd_color]时来运转[/rd_color][/nowrap][rd_color]技能[/rd_color]。当[primary]老钱[/primary]用[secondary]暴击[/secondary]击杀[secondary]敌人[/secondary]时，向附近[secondary]敌人[/secondary]发射[nowrap][fire_icon][fire]燃烧[/fire][/nowrap][fire]迫击炮[/fire]。[primary]老钱[/primary]拥有的[nowrap][frtn_icon][rd_color]时来运转[/rd_color][/nowrap][rd_color]层数[/rd_color]越多，[secondary]伤害[/secondary]越高。,"Каждый раз, когда [primary]Н@л[/primary] производит [secondary]критическое попадание[/secondary] по [secondary]врагу[/secondary], его [secondary]шанс стихийного урона[/secondary], [secondary]урон от стихийного эффекта[/secondary] и [secondary]стихийный урон[/secondary] повышаются.[newline][newline] [nowrap][rd_color]Навык[/rd_color] [frtn_icon][rd_color]удачи[/rd_color][/nowrap]. Каждый раз, когда [primary]Н@л[/primary] убивает [secondary]врага[/secondary] [secondary]критическим попаданием[/secondary], во [secondary]врагов[/secondary] поблизости летят [nowrap][fire_icon][fire]огненные[/fire][/nowrap] [fire]мины[/fire]. Чем больше у [primary]Н@ла[/primary] [rd_color]зарядов[/rd_color] [nowrap][frtn_icon][rd_color]удачи[/rd_color][/nowrap], тем выше [secondary]урон[/secondary].","Immer wenn [primary]C4SH[/primary] einen [secondary]kritischen Treffer[/secondary] bei einem [secondary]Feind[/secondary] erzielt, erhält er eine erhöhte [secondary]Elementareffekt-Chance[/secondary], sowie erhöhten [secondary]Elementareffekt-Schaden[/secondary] und [secondary]Elementarschaden[/secondary].[newline][newline] [nowrap][frtn_icon][rd_color]Glückssträhne[/rd_color][/nowrap]-[rd_color]Skill.[/rd_color] Immer wenn [primary]C4SH[/primary] einen [secondary]Feind[/secondary] mit einem [secondary]kritischen Treffer[/secondary] tötet, wirft er [nowrap][fire_icon][fire]Brandmörser[/fire][/nowrap] auf [secondary]Feinde[/secondary] in der Nähe. Je mehr [nowrap][frtn_icon][rd_color]Glückssträhne[/rd_color][/nowrap]-[rd_color]Stapel[/rd_color] [primary]C4SH[/primary] hat, desto größer der [secondary]Schaden[/secondary].",passive,249,312,375,438,501,404:Progress_robo_branch_crossFire_1:Branch - Row 3 - 1,red,Chaos Walking,混沌行走,Ходячий хаос,Chaos-Wandeln,Progress_robo_branch_crossFire_1,Branch - Row 3 - 1,,tooltip_robo_passive_47_BloodOnElpis,bloodstained_moon_5.png,/Game/DLC/Cowbell/uiresources/skill_icons/passives/c4sh_passive_red_19.c4sh_passive_red_19
404,Char_RoboDealer,C4sh,Lawless,无法无天,Беззаконник,Gesetzlos,[primary]C4SH[/primary] deals increased [nowrap][kinetic_icon][kinetic]Kinetic[/kinetic][/nowrap] [kinetic]Damage[/kinetic].,提升[primary]老钱[/primary]造成的[nowrap][kinetic_icon][kinetic]动能[/kinetic][/nowrap][kinetic]伤害[/kinetic]。,[primary]Н@л[/primary] наносит повышенный [nowrap][kinetic_icon][kinetic]кинетический[/kinetic][/nowrap] [kinetic]урон[/kinetic].,[primary]C4SH[/primary] verursacht erhöhten [nowrap][kinetic_icon][kinetic]Kinetikschaden[/kinetic][/nowrap].,passive,251,314,377,440,503,404:Progress_robo_branch_crossFire_2:Branch - Row 1 - 1,red,Chaos Walking,混沌行走,Ходячий хаос,Chaos-Wandeln,Progress_robo_branch_crossFire_2,Branch - Row 1 - 1,,tooltip_robo_passive_48_Lawless,lawless_5.png,/Game/DLC/Cowbell/uiresources/skill_icons/passives/c4sh_passive_red_21.c4sh_passive_red_21
404,Char_RoboDealer,C4sh,Truck Full of Nitro,氮气卡车,Полный грузовик взрывчатки,Truck voll Nitro,[primary]C4SH[/primary] deals [nowrap][kinetic_icon][kinetic]Bonus[/kinetic][/nowrap] [kinetic]Kinetic Damage[/kinetic] with [secondary]Ordnance[/secondary] and [secondary]Gear[/secondary].,[primary]老钱[/primary]用[secondary]炮械[/secondary]和[secondary]装备[/secondary]造成[nowrap][kinetic_icon][kinetic]加成[/kinetic][/nowrap][kinetic]动能伤害[/kinetic]。,[primary]Н@л[/primary] наносит [nowrap][kinetic_icon][kinetic]дополнительный[/kinetic][/nowrap] [kinetic]кинетический урон[/kinetic] [secondary]снарядами[/secondary] и [secondary]снаряжением[/secondary].,[primary]C4SH[/primary] verursacht [nowrap][kinetic_icon][kinetic]Bonus[/kinetic][/nowrap]-[kinetic]Kinetikschaden[/kinetic] mit [secondary]Kampfmitteln[/secondary] und [secondary]Ausrüstung[/secondary].,passive,252,315,378,441,504,404:Progress_robo_branch_crossFire_2:Branch - Row 1 - 3,red,Chaos Walking,混沌行走,Ходячий хаос,Chaos-Wandeln,Progress_robo_branch_crossFire_2,Branch - Row 1 - 3,,tooltip_robo_passive_49_TNT,truck_full_of_nitro_5.png,/Game/DLC/Cowbell/uiresources/skill_icons/passives/c4sh_passive_red_22.c4sh_passive_red_22
404,Char_RoboDealer,C4sh,War Wagon,战车,Колесница войны,Kriegswagen,"Whenever [primary]C4SH[/primary] deals [nowrap][kinetic_icon][kinetic]Kinetic[/kinetic][/nowrap] [kinetic]Damage[/kinetic] to an [secondary]enemy[/secondary], he gains a [secondary]Chance[/secondary] to refill [secondary]Ammo[/secondary] into his [secondary]Gun[/secondary] and restore [secondary]Action Skill Duration[/secondary] with diminishing returns.",当[primary]老钱[/primary]对[secondary]敌人[/secondary]造成[nowrap][kinetic_icon][kinetic]动能[/kinetic][/nowrap][kinetic]伤害[/kinetic]时，其有[secondary]几率[/secondary]为[secondary]枪械[/secondary]补充[secondary]弹药[/secondary]并恢复[secondary]主动技能持续时间[/secondary]，但恢复量会逐渐减少。,"Каждый раз, когда [primary]Н@л[/primary] наносит [nowrap][kinetic_icon][kinetic]кинетический[/kinetic][/nowrap] [kinetic]урон[/kinetic] [secondary]врагу[/secondary], он получает [secondary]шанс[/secondary] восполнить [secondary]боеприпасы[/secondary] в [secondary]пушке[/secondary] и продлить [secondary]длительность активного навыка[/secondary]. Эффект постепенно ослабевает.","Immer wenn [primary]C4SH[/primary] einem [secondary]Feind[/secondary] [nowrap][kinetic_icon][kinetic]Kinetikschaden[/kinetic][/nowrap] zufügt, erhält er eine [secondary]Chance[/secondary], seine [secondary]Schusswaffe[/secondary] mit [secondary]Munition[/secondary] aufzufüllen und seine [secondary]Action-Skill-Dauer[/secondary] mit rückläufiger Wirksamkeit wiederherzustellen.",passive,254,317,380,443,506,404:Progress_robo_branch_crossFire_2:Branch - Row 2 - 2,red,Chaos Walking,混沌行走,Ходячий хаос,Chaos-Wandeln,Progress_robo_branch_crossFire_2,Branch - Row 2 - 2,,tooltip_robo_passive_50_WarWagon,war_wagon_5.png,/Game/DLC/Cowbell/uiresources/skill_icons/passives/c4sh_passive_red_24.c4sh_passive_red_24
404,Char_RoboDealer,C4sh,Pale Rider,苍白骑士,Бледный всадник,Bleicher Reiter,[primary]C4SH's[/primary] [secondary]Action Skills[/secondary] deals [nowrap][kinetic_icon][kinetic]Bonus[/kinetic][/nowrap] [kinetic]Kinetic Damage[/kinetic].,[primary]老钱的[/primary][secondary]主动技能[/secondary]造成[nowrap][kinetic_icon][kinetic]额外[/kinetic][/nowrap][kinetic]动能伤害[/kinetic]。,[secondary]Активные навыки[/secondary] [primary]Н@ла[/primary] наносят [nowrap][kinetic_icon][kinetic]дополнительный[/kinetic][/nowrap] [kinetic]кинетический урон[/kinetic].,[primary]C4SHs[/primary] [secondary]Action-Skills[/secondary] verursachen [nowrap][kinetic_icon][kinetic]Bonus[/kinetic][/nowrap]-[kinetic]Kinetikschaden[/kinetic].,passive,255,318,381,444,507,404:Progress_robo_branch_crossFire_2:Branch - Row 2 - 3,red,Chaos Walking,混沌行走,Ходячий хаос,Chaos-Wandeln,Progress_robo_branch_crossFire_2,Branch - Row 2 - 3,,tooltip_robo_passive_51_PaleRider,pale_rider_5.png,/Game/DLC/Cowbell/uiresources/skill_icons/passives/c4sh_passive_red_25.c4sh_passive_red_25
404,Char_RoboDealer,C4sh,Nothing Beats Lead,子弹无敌,Нет ничего лучше свинца,Nichts schlägt Blei,A portion of all [nowrap][elemental_icon][secondary]Non-Bonus[/secondary][/nowrap] [secondary]Elemental Damage[/secondary] [primary]C4SH[/primary] deals is [secondary]Converted[/secondary] into [nowrap][kinetic_icon][kinetic]Kinetic[/kinetic][/nowrap] [kinetic]Damage[/kinetic]. [secondary]Damage[/secondary] converted in this way is increased.,[primary]老钱[/primary]造成的所有[nowrap][elemental_icon][secondary]非加成[/secondary][/nowrap][secondary]元素伤害[/secondary]的一部分将[secondary]转换[/secondary]为[nowrap][kinetic_icon][kinetic]动能[/kinetic][/nowrap][kinetic]伤害[/kinetic]。以此方式转换的[secondary]伤害[/secondary]将提升。,"Часть всего [nowrap][elemental_icon][secondary]основного[/secondary][/nowrap] [secondary]стихийного урона[/secondary], который наносит [primary]Н@л[/primary], [secondary]переводится[/secondary] в [nowrap][kinetic_icon][kinetic]кинетический[/kinetic][/nowrap] [kinetic]урон[/kinetic]. Переведенный таким образом [secondary]урон[/secondary] повышается.","Ein Teil des gesamten [nowrap][elemental_icon][secondary]Bonus-unabhängigen[/secondary][/nowrap] [secondary]Elementarschadens[/secondary], den [primary]C4SH[/primary] verursacht, wird in [nowrap][kinetic_icon][kinetic]Kinetikschaden[/kinetic][/nowrap] [secondary]umgewandelt[/secondary]. Auf diese Weise umgewandelter [secondary]Schaden[/secondary] wird erhöht.",passive,256,319,382,445,508,404:Progress_robo_branch_crossFire_2:Branch - Row 3 - 1,red,Chaos Walking,混沌行走,Ходячий хаос,Chaos-Wandeln,Progress_robo_branch_crossFire_2,Branch - Row 3 - 1,,tooltip_robo_passive_52_Forsaken,nothing_beats_lead_5.png,/Game/DLC/Cowbell/uiresources/skill_icons/passives/c4sh_passive_red_26.c4sh_passive_red_26
404,Char_RoboDealer,C4sh,Mr. Pocket,掏袋先生,Мистер Карман,,"Whenever [primary]C4SH[/primary] gains a [nowrap][frtn_icon][rd_color]Fortune[/rd_color][/nowrap] [rd_color]Stack[/rd_color], his [secondary]Action Skill Duration[/secondary] freezes with diminishing returns.",当[primary]老钱[/primary]获得[nowrap][frtn_icon][rd_color]时来运转[/rd_color][/nowrap][rd_color]叠加[/rd_color]时，其[secondary]主动技能持续时间[/secondary]将冻结，但效果将逐渐降低。,"Каждый раз, когда [primary]Н@л[/primary] получает [rd_color]заряд[/rd_color] [nowrap][frtn_icon][rd_color]удачи[/rd_color][/nowrap], [secondary]время действия его активного навыка[/secondary] останавливается. Эффект постепенно ослабевает.","Immer wenn [primary]C4SH[/primary] einen [nowrap][frtn_icon][rd_color]Glückssträhne[/rd_color][/nowrap]-[rd_color]Stapel[/rd_color] erhält, friert seine [secondary]Action-Skill-Dauer[/secondary] mit rückläufiger Wirksamkeit ein.",passive,258,321,384,447,510,404:Progress_robo_branch_crossFire_3:Branch - Row 1 - 1,red,Chaos Walking,混沌行走,Ходячий хаос,Chaos-Wandeln,Progress_robo_branch_crossFire_3,Branch - Row 1 - 1,,tooltip_robo_passive_53_TheWind,mr_pocket_5.png,/Game/DLC/Cowbell/uiresources/skill_icons/passives/c4sh_passive_red_28.c4sh_passive_red_28
404,Char_RoboDealer,C4sh,Unshaken,绝不动摇,Без потрясений,Unerschüttert,[primary]C4SH[/primary] gains increased [secondary]Damage[/secondary] from all [secondary]sources[/secondary] for every [nowrap][frtn_icon][rd_color]Fortune[/rd_color][/nowrap] [rd_color]Stack[/rd_color] he loses.,[primary]老钱[/primary]每失去一层[nowrap][frtn_icon][rd_color]时来运转[/rd_color][/nowrap][rd_color]叠加[/rd_color]，都将提升其所有[secondary]类型[/secondary][secondary]伤害[/secondary]。,[secondary]Урон[/secondary] из всех [secondary]источников[/secondary] [primary]Н@ла[/primary] повышается за каждый потерянный [rd_color]заряд[/rd_color] [nowrap][frtn_icon][rd_color]удачи[/rd_color][/nowrap].,"[primary]C4SH[/primary] erhält erhöhten [secondary]Schaden[/secondary] aus allen [secondary]Quellen[/secondary] für jeden [nowrap][frtn_icon][rd_color]Glückssträhne[/rd_color][/nowrap]-[rd_color]Stapel[/rd_color], den er verliert.",passive,259,322,385,448,511,404:Progress_robo_branch_crossFire_3:Branch - Row 1 - 3,red,Chaos Walking,混沌行走,Ходячий хаос,Chaos-Wandeln,Progress_robo_branch_crossFire_3,Branch - Row 1 - 3,,tooltip_robo_passive_54_Maverick,unshaken_5.png,/Game/DLC/Cowbell/uiresources/skill_icons/passives/c4sh_passive_red_29.c4sh_passive_red_29
404,Char_RoboDealer,C4sh,From Gloam to Glow,从昏暗到光明,От печали к радости,Dämmern und glühen,"[primary]C4SH[/primary] gains increased [secondary]Max Overshield[/secondary] and a portion of all [secondary]Damage[/secondary] [primary]C4SH[/primary] is dealt from [secondary]enemies[/secondary] is converted into [secondary]Overshield[/secondary].[newline][newline] Whenever [primary]C4SH[/primary] loses a [nowrap][frtn_icon][rd_color]Fortune[/rd_color][/nowrap] [rd_color]Stack[/rd_color], shots from his [secondary]Guns[/secondary] deals [secondary]Bonus Damage[/secondary] equal to his [secondary]Overshield[/secondary] and drains a portion of his [secondary]Overshield[/secondary].",提升[primary]老钱[/primary]的[secondary]最大超强护盾[/secondary]，而[secondary]敌人[/secondary]对[primary]老钱[/primary]造成所有[secondary]伤害[/secondary]的一部分会转换为[secondary]超强护盾[/secondary]。[newline][newline]当[primary]老钱[/primary]失去一层[nowrap][frtn_icon][rd_color]时来运转[/rd_color][/nowrap][rd_color]叠加[/rd_color]时，其[secondary]枪械[/secondary]的射击会造成[secondary]加成伤害[/secondary]，数值与其[secondary]超强护盾[/secondary]相等，同时消耗其部分[secondary]超强护盾[/secondary]。,"[primary]Н@л[/primary] получает [secondary]максимальный суперщит[/secondary], а часть всего [secondary]урона[/secondary], который [primary]Н@л[/primary] получает от [secondary]врагов[/secondary], добавляется к его [secondary]суперщиту[/secondary].[newline][newline] Каждый раз, когда [primary]Н@л[/primary] теряет [rd_color]заряд[/rd_color] [nowrap][frtn_icon][rd_color]удачи[/rd_color][/nowrap], выстрелы из его [secondary]пушек[/secondary] наносят [secondary]дополнительный урон[/secondary], равный объему его [secondary]суперщита[/secondary], и похищают его часть.","[primary]C4SH[/primary] erhält erhöhten [secondary]maximalen Überschild[/secondary] und ein Teil des gesamten [secondary]Schadens[/secondary], den [primary]C4SH[/primary] durch [secondary]Feinde[/secondary] erleidet, wird in [secondary]Überschild[/secondary] verwandelt.[newline][newline] Immer wenn [primary]C4SH[/primary] einen [nowrap][frtn_icon][rd_color]Glückssträhne[/rd_color][/nowrap]-[rd_color]Stapel[/rd_color] verliert, verursachen Schüsse aus seinen [secondary]Schusswaffen[/secondary] [secondary]Bonusschaden[/secondary] in Höhe seines [secondary]Überschilds[/secondary] und leeren einen Teil seines [secondary]Überschilds[/secondary].",passive,260,323,386,449,512,404:Progress_robo_branch_crossFire_3:Branch - Row 2 - 1,red,Chaos Walking,混沌行走,Ходячий хаос,Chaos-Wandeln,Progress_robo_branch_crossFire_3,Branch - Row 2 - 1,,tooltip_robo_passive_55_Cottonmouth,from_gloam_to_glow_5.png,/Game/DLC/Cowbell/uiresources/skill_icons/passives/c4sh_passive_red_30.c4sh_passive_red_30
404,Char_RoboDealer,C4sh,Dusty Trail,尘土踪迹,Пыль столбом,Staubige Spur,"As [primary]C4SH[/primary] slides he loses [nowrap][frtn_icon][rd_color]Fortune[/rd_color][/nowrap] [rd_color]Stacks[/rd_color]. For every [secondary]Stack[/secondary] he loses, he gains increased [secondary]Gun Damage[/secondary], [secondary]Reload Speed[/secondary], and [secondary]Fire Rate[/secondary].",[primary]老钱[/primary]在滑铲时，其将失去[nowrap][frtn_icon][rd_color]时来运转[/rd_color][/nowrap][rd_color]叠加[/rd_color]。每失去一层[secondary]叠加[/secondary]，都将提升其[secondary]枪械伤害[/secondary]、[secondary]装填速度[/secondary]和[secondary]射速[/secondary]。,"Пока [primary]Н@л[/primary] скользит, он теряет [rd_color]заряды[/rd_color] [nowrap][frtn_icon][rd_color]удачи[/rd_color][/nowrap]. За каждый потерянный [secondary]заряд[/secondary] его [secondary]урон от стрельбы[/secondary], [secondary]скорость перезарядки[/secondary] и [secondary]скорострельность[/secondary] повышаются.","Beim Rutschen verliert [primary]C4SH[/primary] [nowrap][frtn_icon][rd_color]Glückssträhne[/rd_color][/nowrap]-[rd_color]Stapel[/rd_color]. Für jeden verlorenen [secondary]Stapel[/secondary] erhält er erhöhten [secondary]Schusswaffen-Schaden[/secondary], erhöhte [secondary]Nachladegeschwindigkeit[/secondary] und erhöhte [secondary]Feuerrate[/secondary].",passive,262,325,388,451,514,404:Progress_robo_branch_crossFire_3:Branch - Row 2 - 3,red,Chaos Walking,混沌行走,Ходячий хаос,Chaos-Wandeln,Progress_robo_branch_crossFire_3,Branch - Row 2 - 3,,tooltip_robo_passive_56_BrokenArrow,dusty_trail_5.png,/Game/DLC/Cowbell/uiresources/skill_icons/passives/c4sh_passive_red_32.c4sh_passive_red_32
404,Char_RoboDealer,C4sh,Bleed the Bad,痛宰恶霸,Пустим кровь плохишам,Ausbluten,"Whenever [primary]C4SH[/primary] activates [primary]Cross-Fire's[/primary] [secondary]Burst Fire[/secondary], he gains a [secondary]Chance[/secondary] to enter [nowrap][wfll_icon][rd_color]Windfall[/rd_color][/nowrap].[newline][newline] Whenever [primary]C4SH[/primary] attempts to enter [nowrap][wfll_icon][rd_color]Windfall[/rd_color][/nowrap] and fails, he resets his [secondary]Action Skill Duration[/secondary] and it drains faster.",当[primary]老钱[/primary]发动[primary]交叉火力[/primary]的[secondary]连发[/secondary]时，其有[secondary]几率[/secondary]进入[nowrap][wfll_icon][rd_color]意外之财[/rd_color][/nowrap]状态。[newline][newline]当[primary]老钱[/primary]尝试进入[nowrap][wfll_icon][rd_color]意外之财[/rd_color][/nowrap]状态并失败时，其[secondary]主动技能持续时间[/secondary]会重置且消耗得更快。,"Каждый раз, когда [primary]Н@л[/primary] активирует [secondary]""Очередь""[/secondary] в режиме [primary]перекрестного огня[/primary], он получает [secondary]шанс[/secondary] войти в режим [nowrap][wfll_icon][rd_color]""Везухи""[/rd_color][/nowrap].[newline][newline] Каждый раз, когда [primary]Н@л[/primary] пытается войти в режим [nowrap][wfll_icon][rd_color]""Везухи""[/rd_color][/nowrap] и ему это не удается, он заново начинает отсчет [secondary]длительности активного навыка[/secondary], но время идет быстрее.","Immer wenn [primary]C4SH[/primary] den [secondary]Feuerstoß[/secondary] von [primary]Kreuzfeuer[/primary] aktiviert, erhält er eine [secondary]Chance[/secondary], [nowrap][wfll_icon][rd_color]Glücksfall[/rd_color][/nowrap] auszulösen.[newline][newline] Wenn [primary]C4SH[/primary] beim Auslösen von [nowrap][wfll_icon][rd_color]Glücksfall[/rd_color][/nowrap] scheitert, setzt er seine [secondary]Action-Skill-Dauer[/secondary] zurück und verbraucht sie schneller.",passive,264,327,390,453,516,404:Progress_robo_branch_crossFire_3:Branch - Row 3 - 3,red,Chaos Walking,混沌行走,Ходячий хаос,Chaos-Wandeln,Progress_robo_branch_crossFire_3,Branch - Row 3 - 3,,tooltip_robo_passive_57_BadMenMustBleed,bleed_the_bad_5.png,/Game/DLC/Cowbell/uiresources/skill_icons/passives/c4sh_passive_red_34.c4sh_passive_red_34
254,Char_DarkSiren,Vex,Strike Me Down,向我开炮,Срази меня наповал,Strecke mich nieder,"Whenever [primary]Vex[/primary] would enter [secondary]Fight For Your Life[/secondary], she immediately gets a [secondary]Second Wind[/secondary], becomes [secondary]Invisible[/secondary] for a [secondary]Duration[/secondary], and causes a [primary]Phase Explosion[/primary].",当[primary]维克丝[/primary]进入[secondary]殊死一搏[/secondary]时会立即获得[secondary]卷土重来[/secondary]并在[secondary]一段时间[/secondary]内[secondary]隐身[/secondary]，同时制造[primary]相位爆炸[/primary]。,"Каждый раз, когда [primary]Векс[/primary] входит в [secondary]режим борьбы за жизнь[/secondary], она немедленно получает [secondary]""Второе дыхание""[/secondary], на [secondary]время действия[/secondary] становится [secondary]невидимой[/secondary] и вызывает [primary]фазовый взрыв[/primary].","Wenn [primary]Vex[/primary] in [secondary]Kämpfe um dein Leben[/secondary] eintritt, erhält sie sofort [secondary]neue Stärke[/secondary], wird [secondary]vorübergehend[/secondary] [secondary]unsichtbar[/secondary] und verursacht eine [primary]Phasenexplosion[/primary].",passive,263,326,389,452,515,254:Progress_DS_Branch_Domination_03:Branch - Row 3 - 3,red,Here Comes Trouble,麻烦来了,А вот и замес,Jetzt gibt's Rabatz,Progress_DS_Branch_Domination_03,Branch - Row 3 - 3,,ToolTip_DS_P_SpiritedAway,ico_passive_siren_spirited_away__red.png,/Game/uiresources/_shared/assets/ico_ui_art_passives/Siren/ico_passive_siren_spirited_away.ico_passive_siren_spirited_away
402,Char_CorpoHacker,Loveless,Pure Fusion,纯粹融合,Полная автономность,Perfekte Fusion,"[primary]Loveless[/primary] and [primary]Wyrm[/primary] gain increased [secondary]Maximum Health Capacity[/secondary].[newline][newline]Additionally, [primary]Loveless[/primary] gains increased [nowrap][symb_icon][primary]Symbiosis[/primary][/nowrap][secondary]Duration[/secondary].",提升[primary]无爱[/primary]和[primary]蛇龙[/primary]的[secondary]最大生命值容量[/secondary]。[newline][newline]此外，增加[primary]无爱[/primary]的[nowrap][symb_icon][primary]共生关系[/primary][/nowrap][secondary]持续时间[/secondary]。,[secondary]Максимальный уровень здоровья[/secondary] [primary]Нелюбви[/primary] и [primary]Змея[/primary] повышается.[newline][newline]Дополнительно повышается [secondary]время действия[/secondary] [nowrap][symb_icon][primary]симбиоза[/primary][/nowrap] [primary]Нелюбви[/primary].,[primary]Loveless[/primary] und der [primary]Wyrm[/primary] erhalten eine erhöhte [secondary]maximale Gesundheitskapazität[/secondary].[newline][newline]Außerdem erhält [primary]Loveless[/primary] eine erhöhte [secondary]Dauer[/secondary] ihrer [nowrap][symb_icon][primary]Symbiose[/primary][/nowrap].,passive,20,19,18,17,16,402:Progress_Corpohacker_Trunk_Assimilation:Trunk - Row 3 - 2,red,Manifestation,化身,Призыв,,Progress_CorpoHacker_Trunk_Assimilation,Trunk - Row 3 - 2,,ToolTip_CH_P_76_PureFusion,loveless_passive_red_10__red.png,/Game/DLC/Harmonica/uiresources/corpo_hacker_icons/Passives/loveless_passive_red_10.loveless_passive_red_10
402,Char_CorpoHacker,Loveless,Footwork,步法,Лавирование,Beinarbeit,"[secondary]Footwork Skill. Moving[/secondary] generates [secondary]Stacks[/secondary] of [secondary]Footwork[/secondary]. [primary]Loveless[/primary] gains [secondary]Movement Speed[/secondary] for each [secondary]Footwork Stack[/secondary].[newline][newline][primary]Loveless[/primary] gains [secondary]Lifesteal[/secondary] from [secondary]Melee Critical Hits[/secondary]. When at [secondary]Max Stacks[/secondary], [primary]Loveless's[/primary] next [secondary]Melee Attack Critically Hits[/secondary] and consumes the [secondary]Stacks[/secondary].[newline][newline][flavor]That is not a falcon![/flavor]",[secondary]步法技能。移动[/secondary]会生成[secondary]步法[/secondary][secondary]叠加[/secondary]。[primary]无爱[/primary]每有一层[secondary]步法叠加[/secondary]，都会获得[secondary]移动速度[/secondary]提升。[newline][newline][primary]无爱[/primary]造成[secondary]近战暴击[/secondary]时会获得[secondary]吸血[/secondary]。当达到[secondary]最大层数[/secondary]时，[primary]无爱的[/primary]下一次[secondary]近战攻击必定暴击[/secondary]并消耗[secondary]叠加[/secondary]。[newline][newline][flavor]那可不是猎鹰！[/flavor],"[secondary]Навык лавирования. Перемещение[/secondary] создает [secondary]заряды[/secondary] [secondary]лавирования[/secondary]. [primary]Нелюбовь[/primary] получает [secondary]скорость перемещения[/secondary] за каждый [secondary]заряд лавирования[/secondary].[newline][newline][primary]Нелюбовь[/primary] получает [secondary]кражу здоровья[/secondary] от [secondary]критических попаданий в ближнем бою[/secondary]. Когда [secondary]количество зарядов максимально[/secondary], следующая атака [primary]Нелюбви[/primary] [secondary]в ближнем бою наносит критический урон[/secondary] и тратит [secondary]заряды[/secondary]. [newline][newline][flavor]Это фиаско![/flavor]",[secondary]Beinarbeit-Skill. Fortbewegung[/secondary] erzeugt [secondary]Beinarbeit-Stapel[/secondary]. [primary]Loveless[/primary] erhält [secondary]Bewegungsgeschwindigkeit[/secondary] für jeden [secondary]Beinarbeit-Stapel[/secondary].[newline][newline][primary]Loveless[/primary] erhält [secondary]Lebensraub[/secondary] durch [secondary]kritische Nahkampftreffer[/secondary]. Bei [secondary]maximalen Stapeln[/secondary] ist [primary]Loveless'[/primary] nächster [secondary]Nahkampfangriff[/secondary] ein [secondary]kritischer Treffer[/secondary] und verbraucht die [secondary]Stapel[/secondary].[newline][newline][flavor]Das ist doch kein Falke![/flavor] ,passive,30,29,28,27,26,402:Progress_Corpohacker_Trunk_HackAndSlash:Trunk - Row 3 - 4,blue,Hack / Slash,破解/劈砍,Ломай / руби,,Progress_CorpoHacker_Trunk_HackAndSlash,Trunk - Row 3 - 4,,Tooltip_CH_Passive_46_Footwork,loveless_passive_blue_12__blue.png,/Game/DLC/Harmonica/uiresources/corpo_hacker_icons/Passives/loveless_passive_blue_12.loveless_passive_blue_12
402,Char_CorpoHacker,Loveless,Flurry,疾风,Поток пакетов,Unrast,Dealing [secondary]Melee Damage[/secondary] increases [primary]Loveless'[/primary] [secondary]Fire Rate[/secondary] and [secondary]Reload Speed[/secondary] for a [secondary]Duration[/secondary].,造成[secondary]近战伤害[/secondary]会在[secondary]一段时间[/secondary]内提升[primary]无爱的[/primary][secondary]射速[/secondary]和[secondary]装填速度[/secondary]。,При нанесении [secondary]урона в ближнем бою[/secondary] [secondary]скорострельность[/secondary] и [secondary]скорость перезарядки[/secondary] [primary]Нелюбви[/primary] на [secondary]некоторое время[/secondary] повышаются.,Das Verursachen von [secondary]Nahkampfschaden[/secondary] erhöht [secondary]vorübergehend[/secondary] [primary]Loveless'[/primary] [secondary]Feuerrate[/secondary] und [secondary]Nachladegeschwindigkeit[/secondary].,passive,40,39,38,37,36,402:Progress_Corpohacker_Trunk_HackAndSlash:Trunk - Row 1 - 3,blue,Hack / Slash,破解/劈砍,Ломай / руби,,Progress_CorpoHacker_Trunk_HackAndSlash,Trunk - Row 1 - 3,,Tooltip_CH_37_Flurry,loveless_passive_blue_03__blue.png,/Game/DLC/Harmonica/uiresources/corpo_hacker_icons/Passives/loveless_passive_blue_03.loveless_passive_blue_03
402,Char_CorpoHacker,Loveless,Established Gameplay Loop,成熟游戏循环,Стабильный игровой цикл,Bewährte Gameplay-Schleife,"Whenevever [primary]Loveless[/primary] applies an [secondary]Elemental Effect[/secondary] or [primary]Contagion[/primary], she gains increased [secondary]Gun Damage[/secondary] and [secondary]Reload Speed[/secondary].",当[primary]无爱[/primary]施加[secondary]元素效果[/secondary]或[primary]传染病[/primary]时，提升她的[secondary]枪械伤害[/secondary]和[secondary]装填速度[/secondary]。,"Каждый раз, когда [primary]Нелюбовь[/primary] накладывает [secondary]стихийный эффект[/secondary] или передает [primary]""Заражение""[/primary], ее [secondary]урон от стрельбы[/secondary] и [secondary]скорость перезарядки[/secondary] повышаются.","Immer wenn [primary]Loveless[/primary] einen [secondary]Elementareffekt[/secondary] oder [primary]Virenbefall[/primary] anwendet, sind ihr [secondary]Schusswaffen-Schaden[/secondary] und ihre [secondary]Nachladegeschwindigkeit[/secondary] erhöht.",passive,45,44,43,42,41,402:Progress_Corpohacker_Trunk_Virology:Trunk - Row 1 - 2,green,Virology,病毒学,Вирусология,Virologie,Progress_CorpoHacker_Trunk_Virology,Trunk - Row 1 - 2,,Tooltip_CH_Passive_02_EstablishedGameplayLoop,loveless_passive_green_02__green.png,/Game/DLC/Harmonica/uiresources/corpo_hacker_icons/Passives/loveless_passive_green_02.loveless_passive_green_02
402,Char_CorpoHacker,Loveless,Kaleidoscontaminant,万花筒污染源,Вредоносная калейдограмма!,Kaleidoskontaminant,[primary]Loveless' Contaminants[/primary] may now drop from enemies killed with [secondary]any Elemental Effect[/secondary]. [primary]Contaminants[/primary] deal the corresponding [secondary]Elemental Damage[/secondary] if thrown at enemies.[newline][newline][primary]Contaminant[/primary] gains decreased [secondary]Cooldown[/secondary].,[primary]无爱的污染源[/primary]现在会从被[secondary]任意元素效果[/secondary]击杀的敌人身上掉落。如将[primary]污染源[/primary]投掷到敌人身上，则会造成相应的[secondary]元素伤害[/secondary]。[newline][newline][primary]污染源[/primary][secondary]冷却时间[/secondary]减少。,"[primary]Вредоносные программы Нелюбви[/primary] теперь могут выпадать из врагов, убитых [secondary]любым стихийным эффектом[/secondary]. [primary]Вредоносные программы[/primary] наносят соответствующий [secondary]стихийный урон[/secondary], если бросить их во врагов.[newline][newline][secondary]Восстановление[/secondary] [primary]вредоносной программы[/primary] ускоряется.","[primary]Loveless' Kontaminanten[/primary] können jetzt von Feinden fallen gelassen werden, die mit einem [secondary]beliebigen Elementareffekt[/secondary] getötet wurden. Wenn sie auf Feinde geworfen werden, verursachen [primary]Kontaminanten[/primary] den entsprechenden [secondary]Elementarschaden[/secondary].[newline][newline]Der [primary]Kontaminant[/primary] erhält eine verringerte [secondary]Abklingzeit[/secondary].",passive,50,49,48,47,46,402:Progress_Corpohacker_Trunk_Virology:Trunk - Row 3 - 3,green,Virology,病毒学,Вирусология,Virologie,Progress_Corpohacker_Trunk_Virology,Trunk - Row 3 - 3,,Tooltip_CH_Passive_10_Kaleidoscontaminant,loveless_passive_green_11__green.png,/Game/DLC/Harmonica/uiresources/corpo_hacker_icons/Passives/loveless_passive_green_11.loveless_passive_green_11
402,Char_CorpoHacker,Loveless,Target Practice,目标练习,Стрельба по мишеням,Zielübung,[primary]Clones[/primary] now target enemies and throw [primary]Mini Shurikens[/primary] that deal [nowrap][radiation_icon][radiation]Radiation Melee Damage[/radiation][/nowrap].,[primary]克隆体[/primary]现在会锁定敌人并投掷[primary]迷你手里剑[/primary]，造成[nowrap][radiation_icon][radiation]辐射近战伤害[/radiation][/nowrap]。,"[primary]Клоны[/primary] теперь наводятся на врагов и метают [primary]мини-сюрикены[/primary], которые наносят [nowrap][radiation_icon][radiation]урон от радиации в ближнем бою[/radiation][/nowrap].","[primary]Klone[/primary] zielen jetzt auf Feinde und werfen [primary]Mini-Shuriken[/primary], die [nowrap][radiation_icon][radiation]Strahlungs-Nahkampfschaden[/radiation][/nowrap] verursachen.",passive,185,153,121,89,57,402:Progress_Corpohacker_Trunk_HackAndSlash:Trunk - Row 3 - 5,blue,Hack / Slash,破解/劈砍,Ломай / руби,,Progress_CorpoHacker_Trunk_HackAndSlash,Trunk - Row 3 - 5,,Tooltip_CH_Passive_55_TargetPractice,loveless_passive_blue_13__blue.png,/Game/DLC/Harmonica/uiresources/corpo_hacker_icons/Passives/loveless_passive_blue_13.loveless_passive_blue_13
402,Char_CorpoHacker,Loveless,Neutral Special,中立特典,Нейтральный спецприем,Spezialneutralisierung,[primary]Loveless' Empowered Melee[/primary] deals more [secondary]damage[/secondary] in a larger area.,提升[primary]无爱的强化近战[/primary]的攻击范围和[secondary]伤害[/secondary]。,[primary]Усиленная атака в ближнем бою Нелюбви[/primary] наносит больше [secondary]урона[/secondary] на большей площади.,[primary]Loveless' ermächtigter Nahkampfangriff[/primary] verursacht mehr [secondary]Schaden[/secondary] in einem größeren Gebiet.,passive,186,154,122,90,58,402:Progress_Corpohacker_Trunk_HackAndSlash:Trunk - Row 3 - 3,blue,Hack / Slash,破解/劈砍,Ломай / руби,,Progress_CorpoHacker_Trunk_HackAndSlash,Trunk - Row 3 - 3,,Tooltip_CH_Passive_45_NeutralSpecial,loveless_passive_blue_11__blue.png,/Game/DLC/Harmonica/uiresources/corpo_hacker_icons/Passives/loveless_passive_blue_11.loveless_passive_blue_11
402,Char_CorpoHacker,Loveless,Mushroom Crowd,蘑菇云集,Ядреный гриб,Expandierende Menge,Creating a [primary]Clone[/primary] gives [primary]Loveless[/primary] increased [secondary]Gun Accuracy[/secondary] and [secondary]Reload Speed[/secondary] for a [secondary]Duration[/secondary].[newline][newline][flavor]Now we are become Death.[/flavor],生成[primary]克隆体[/primary]，会在[secondary]一段时间[/secondary]内提升[primary]无爱[/primary]的[secondary]枪械精准度[/secondary]和[secondary]装填速度[/secondary]。[newline][newline][flavor]我们已经成为死神。[/flavor],При создании [primary]клона[/primary] [primary]Нелюбовь[/primary] на [secondary]время[/secondary] получает повышенную [secondary]меткость оружия[/secondary] и [secondary]скорость перезарядки[/secondary].[newline][newline][flavor]Теперь мы стали смертью.[/flavor],Das Erzeugen eines [primary]Klons[/primary] gewährt [primary]Loveless[/primary] [secondary]vorübergehend[/secondary] erhöhte [secondary]Schusswaffen-Zielgenauigkeit[/secondary] und [secondary]Nachladegeschwindigkeit[/secondary].[newline][newline][flavor]Jetzt werden wir zum Tod.[/flavor],passive,187,155,123,91,59,402:Progress_Corpohacker_Trunk_HackAndSlash:Trunk - Row 3 - 2,blue,Hack / Slash,破解/劈砍,Ломай / руби,,Progress_CorpoHacker_Trunk_HackAndSlash,Trunk - Row 3 - 2,,Tooltip_CH_Passive_44_Initialize,loveless_passive_blue_10__blue.png,/Game/DLC/Harmonica/uiresources/corpo_hacker_icons/Passives/loveless_passive_blue_10.loveless_passive_blue_10
402,Char_CorpoHacker,Loveless,notarget,无目标,нетцели,,[primary]Loveless'[/primary] [secondary]Stealth[/secondary] lasts longer. [primary]Loveless[/primary] gains [secondary]Movement Speed[/secondary] while [secondary]Stealthed[/secondary].,增加[primary]无爱的[/primary][secondary]隐形[/secondary]效果持续时间。提升[primary]无爱[/primary]在[secondary]隐形[/secondary]状态下的[secondary]移动速度[/secondary]。,[secondary]Скрытность[/secondary] [primary]Нелюбви[/primary] длится дольше. Во время [secondary]скрытности[/secondary] [primary]Нелюбовь[/primary] получает [secondary]скорость перемещения[/secondary].,"[primary]Loveless'[/primary] [secondary]Tarnung[/secondary] hält länger an. [primary]Loveless[/primary] erhält [secondary]Bewegungsgeschwindigkeit[/secondary], während sie [secondary]getarnt[/secondary] ist.",passive,188,156,124,92,60,402:Progress_Corpohacker_Trunk_HackAndSlash:Trunk - Row 2 - 5,blue,Hack / Slash,破解/劈砍,Ломай / руби,,Progress_CorpoHacker_Trunk_HackAndSlash,Trunk - Row 2 - 5,,Tooltip_CH_Passive_42_GoingGhost,loveless_passive_blue_08__blue.png,/Game/DLC/Harmonica/uiresources/corpo_hacker_icons/Passives/loveless_passive_blue_08.loveless_passive_blue_08
402,Char_CorpoHacker,Loveless,Death Begets Death,以杀止杀,Смерть порождает смерть,Tod erzeugt Tod,[secondary]Kill Skill.[/secondary] [primary]Loveless[/primary] restores [secondary]Action Skill Duration[/secondary]. Killing an enemy with [secondary]Critical[/secondary] or [secondary]Melee Damage[/secondary] gives double [secondary]Action Skill Duration[/secondary] restoration.[newline][newline][flavor]Begets Death.[/flavor],[secondary]杀戮技能。[/secondary][primary]无爱[/primary]恢复[secondary]主动技能持续时间[/secondary]。用[secondary]暴击[/secondary]或[secondary]近战伤害[/secondary]击杀敌人将使[secondary]主动技能持续时间[/secondary]恢复量加倍。[newline][newline][flavor]滋生死亡。[/flavor],[secondary]Навык убийства.[/secondary] [primary]Нелюбовь[/primary] восстанавливает [secondary]длительность активного навыка[/secondary]. Убийство врага [secondary]критическим уроном[/secondary] или [secondary]уроном в ближнем бою[/secondary] удваивает восстановление [secondary]длительности активного навыка[/secondary].[newline][newline][flavor]Порождает смерть.[/flavor],"[secondary]Kill-Skill.[/secondary] [primary]Loveless[/primary] stellt ihre [secondary]Action-Skill-Dauer[/secondary] wieder her. Einen Feind mit [secondary]kritischem Schaden[/secondary] oder [secondary]Nahkampfschaden[/secondary] zu töten, gewährt eine doppelte Wiederherstellung der [secondary]Action-Skill-Dauer[/secondary].[newline][newline][flavor]Ruft Tod hervor.[/flavor]",passive,189,157,125,93,61,402:Progress_Corpohacker_Trunk_HackAndSlash:Trunk - Row 2 - 3,blue,Hack / Slash,破解/劈砍,Ломай / руби,,Progress_CorpoHacker_Trunk_HackAndSlash,Trunk - Row 2 - 3,,Tooltip_CH_Passive_41_DeathBegetsDeath,loveless_passive_blue_07__blue.png,/Game/DLC/Harmonica/uiresources/corpo_hacker_icons/Passives/loveless_passive_blue_07.loveless_passive_blue_07
402,Char_CorpoHacker,Loveless,Odium,仇恨,Осуждение,Abscheu,[primary]Loveless'[/primary] [secondary]Melee Critical Hits[/secondary] receive increased benefit from [secondary]Disdain[/secondary].,提升[primary]无爱[/primary][secondary]近战暴击[/secondary]获得的[secondary]轻蔑[/secondary]加成。,[secondary]Критические попадания в ближнем бою[/secondary] [primary]Нелюбви[/primary] получают повышенные преимущества от [secondary]неуважения[/secondary].,[primary]Loveless'[/primary] [secondary]kritische Nahkampftreffer[/secondary] profitieren noch mehr von [secondary]Geringschätzung[/secondary].,passive,190,158,126,94,62,402:Progress_Corpohacker_Trunk_HackAndSlash:Trunk - Row 2 - 1,blue,Hack / Slash,破解/劈砍,Ломай / руби,,Progress_Corpohacker_Trunk_HackAndSlash,Trunk - Row 2 - 1,,Tooltip_CH_Passive_40_Odium,loveless_passive_blue_06__blue.png,/Game/DLC/Harmonica/uiresources/corpo_hacker_icons/Passives/loveless_passive_blue_06.loveless_passive_blue_06
402,Char_CorpoHacker,Loveless,Ratio Technique,比例法,Метод отношения,Ratio-Technik,[primary]Loveless[/primary] gains [secondary]Critical Hit Chance[/secondary] with [secondary]Guns[/secondary] and [secondary]Melee Attacks[/secondary].[newline][newline][flavor]No one dies the same death.[/flavor],提升[primary]无爱[/primary]的[secondary]枪械[/secondary]和[secondary]近战攻击[/secondary][secondary]暴击率[/secondary]。[newline][newline][flavor]没人会栽在同一种死法下。[/flavor],[primary]Нелюбовь[/primary] получает [secondary]шанс критического попадания[/secondary] из [secondary]пушек[/secondary] и [secondary]в ближнем бою[/secondary].[newline][newline][flavor]Двум смертям не бывать.[/flavor],[primary]Loveless[/primary] erhält eine [secondary]kritische Trefferchance[/secondary] mit [secondary]Schusswaffen[/secondary] und [secondary]Nahkampfangriffen[/secondary].[newline][newline][flavor]Keiner stirbt denselben Tod.[/flavor],passive,191,159,127,95,63,402:Progress_Corpohacker_Trunk_HackAndSlash:Trunk - Row 1 - 5,blue,Hack / Slash,破解/劈砍,Ломай / руби,,Progress_CorpoHacker_Trunk_HackAndSlash,Trunk - Row 1 - 5,,Tooltip_CH_39_RatioTechnique,loveless_passive_blue_05__blue.png,/Game/DLC/Harmonica/uiresources/corpo_hacker_icons/Passives/loveless_passive_blue_05.loveless_passive_blue_05
402,Char_CorpoHacker,Loveless,Jacked In,接入网络,С подключением!,Eingesteckt,"[primary]Loveless[/primary] has increased [secondary]Shield Capacity[/secondary]. Activating an [secondary]Action Skill[/secondary], [func_icon][primary]Function[/primary], or [exe_icon][primary]Executable[/primary] gives [primary]Loveless[/primary] increased [secondary]Shield Regeneration Rate[/secondary] for a [secondary]Duration[/secondary] and her [secondary]Shield[/secondary] begins to [secondary]Regenerate[/secondary] immediately.",提升[primary]无爱[/primary]的[secondary]护盾容量[/secondary]。发动[secondary]主动技能[/secondary]、[func_icon][primary]函数功能[/primary]或[exe_icon][primary]可执行文件[/primary]时，将在[secondary]一段时间[/secondary]内提升[primary]无爱[/primary]的[secondary]护盾恢复速率[/secondary]，同时其[secondary]护盾[/secondary]将立即开始[secondary]恢复[/secondary]。,"[secondary]Емкость щита[/secondary] [primary]Нелюбви[/primary] повышается. Использование [secondary]активного навыка[/secondary], [func_icon][primary]функции[/primary] или [exe_icon][primary]исполняемого файла[/primary] [secondary]временно[/secondary] дает [primary]Нелюбви[/primary] ускоренную [secondary]подзарядку щита[/secondary], а ее [secondary]щит[/secondary] сразу же начинает [secondary]восстанавливаться[/secondary].","[primary]Loveless[/primary] hat eine erhöhte [secondary]Schildkapazität[/secondary]. Der Einsatz eines [secondary]Action-Skills[/secondary], einer [func_icon][primary]Funktion[/primary] oder eines [exe_icon][primary]Programms[/primary] gewährt [primary]Loveless[/primary] [secondary]vorübergehend[/secondary] eine erhöhte [secondary]Schildregenerationsrate[/secondary] und ihr [secondary]Schild[/secondary] beginnt sofort, sich zu [secondary]regenerieren[/secondary].",passive,192,160,128,96,64,402:Progress_Corpohacker_Trunk_HackAndSlash:Trunk - Row 1 - 4,blue,Hack / Slash,破解/劈砍,Ломай / руби,,Progress_CorpoHacker_Trunk_HackAndSlash,Trunk - Row 1 - 4,,Tooltip_CH_38_PluggedIn,loveless_passive_blue_04__blue.png,/Game/DLC/Harmonica/uiresources/corpo_hacker_icons/Passives/loveless_passive_blue_04.loveless_passive_blue_04
402,Char_CorpoHacker,Loveless,Disdain,轻蔑,Неуважение,Geringschätzung,[primary]Loveless[/primary] gains increased [secondary]Critical Hit Damage[/secondary].,提升[primary]无爱[/primary]的[secondary]暴击伤害[/secondary]。,[secondary]Критический урон[/secondary] [primary]Нелюбви[/primary] повышен.,[primary]Loveless[/primary] erhält erhöhten [secondary]kritischen Trefferschaden[/secondary].,passive,194,162,130,98,66,402:Progress_Corpohacker_Trunk_HackAndSlash:Trunk - Row 1 - 1,blue,Hack / Slash,破解/劈砍,Ломай / руби,,Progress_CorpoHacker_Trunk_HackAndSlash,Trunk - Row 1 - 1,,Tooltip_CH_Passive_35_Contempt,loveless_passive_blue_01__blue.png,/Game/DLC/Harmonica/uiresources/corpo_hacker_icons/Passives/loveless_passive_blue_01.loveless_passive_blue_01
402,Char_CorpoHacker,Loveless,Cat 5,五类线,Категория 5,Kat. 5,[primary]Loveless[/primary] gains increased [secondary]Elemental Damage[/secondary] and increased [secondary]Status Effect Chance[/secondary].,提升[primary]无爱[/primary]的[secondary]元素伤害[/secondary]和[secondary]状态效果率[/secondary]。,[secondary]Стихийный урон[/secondary] и [secondary]шанс наложения стихийных эффектов[/secondary] [primary]Нелюбви[/primary] повышается.,[primary]Loveless[/primary] erhält erhöhten [secondary]Elementarschaden[/secondary] und eine erhöhte [secondary]Statuseffekt-Chance[/secondary].,passive,195,163,131,99,67,402:Progress_Corpohacker_Trunk_Virology:Trunk - Row 3 - 1,green,Virology,病毒学,Вирусология,Virologie,Progress_CorpoHacker_Trunk_Virology,Trunk - Row 3 - 1,,Tooltip_CH_Passive_08_Cat5,loveless_passive_green_09__green.png,/Game/DLC/Harmonica/uiresources/corpo_hacker_icons/Passives/loveless_passive_green_09.loveless_passive_green_09
402,Char_CorpoHacker,Loveless,Transmission Vector,传输矢量,Вектор передачи,Übertragungsvektor,"Whenever [primary]Loveless[/primary] [secondary]Critically Hits[/secondary] an enemy with a [secondary]Gun[/secondary], she gains a [secondary]Chance[/secondary] to inflict that enemy with [primary]Contagion[/primary].",当[primary]无爱[/primary]用[secondary]枪械[/secondary]对敌人造成[secondary]暴击[/secondary]时，她有[secondary]几率[/secondary]使该敌人感染[primary]传染病[/primary]。,"Каждый раз, когда [primary]Нелюбовь[/primary] при [secondary]стрельбе[/secondary] [secondary]наносит критический урон[/secondary] врагу, она получает [secondary]шанс[/secondary] передать этому врагу эффект [primary]""Заражение""[/primary].","Immer wenn [primary]Loveless[/primary] einen [secondary]kritischen Treffer[/secondary] mit einer [secondary]Schusswaffe[/secondary] landet, erhält sie eine [secondary]Chance[/secondary], den getroffenen Feind mit [primary]Virenbefall[/primary] zu infizieren.",passive,196,164,132,100,68,402:Progress_Corpohacker_Trunk_Virology:Trunk - Row 3 - 2,green,Virology,病毒学,Вирусология,Virologie,Progress_CorpoHacker_Trunk_Virology,Trunk - Row 3 - 2,,Tooltip_CH_Passive_09_PotentialTransference,loveless_passive_green_10__green.png,/Game/DLC/Harmonica/uiresources/corpo_hacker_icons/Passives/loveless_passive_green_10.loveless_passive_green_10
402,Char_CorpoHacker,Loveless,E2 Pulse,E2脉冲,Импульс E2,E2-Puls,Whenever [primary]Loveless[/primary] deals [secondary]Ordnance Damage[/secondary] she gains increased [secondary]Action Skill Damage[/secondary] and [secondary]Status Effect Damage[/secondary].,当[primary]无爱[/primary]造成[secondary]炮械伤害[/secondary]时，提升她的[secondary]主动技能伤害[/secondary]和[secondary]状态效果伤害[/secondary]。,"Каждый раз, когда [primary]Нелюбовь[/primary] наносит [secondary]урон от снарядов[/secondary], повышается ее [secondary]урон от активного навыка[/secondary] и [secondary]временной стихийный урон[/secondary].","Immer wenn [primary]Loveless[/primary] [secondary]Kampfmittel-Schaden[/secondary] verursacht, erhält sie erhöhten [secondary]Action-Skill-Schaden[/secondary] und [secondary]Statuseffekt-Schaden[/secondary].",passive,197,165,133,101,69,402:Progress_Corpohacker_Trunk_Virology:Trunk - Row 3 - 4,green,Virology,病毒学,Вирусология,Virologie,Progress_CorpoHacker_Trunk_Virology,Trunk - Row 3 - 4,,Tooltip_CH_Passive_11_CommunicableCombustible,loveless_passive_green_12__green.png,/Game/DLC/Harmonica/uiresources/corpo_hacker_icons/Passives/loveless_passive_green_12.loveless_passive_green_12
402,Char_CorpoHacker,Loveless,Central Procing Unit,中央触发单元,Центральный процессор,Central Proc Unit,"Whenever [primary]Loveless[/primary] applies an [secondary]Elemental Effect[/secondary] to an enemy that does not already have one, she gains a [secondary]Chance[/secondary] to apply an [secondary]Additional Random Elemental Effect[/secondary] or [primary]Contagion[/primary]. Whenever she inflicts [primary]Contagion[/primary], she [secondary]Doubles[/secondary] this [secondary]Chance[/secondary].",当[primary]无爱[/primary]对未带有元素效果的敌人施加[secondary]元素效果[/secondary]时，她有[secondary]几率[/secondary]施加[secondary]额外随机元素效果[/secondary]或[primary]传染病[/primary]。当她施加[primary]传染病[/primary]时，此效果[secondary]几率[/secondary][secondary]加倍[/secondary]。,"Каждый раз, когда [primary]Нелюбовь[/primary] накладывает [secondary]стихийный эффект[/secondary] на врага, на которого еще не наложен эффект, она получает [secondary]шанс[/secondary] наложить [secondary]дополнительный случайный стихийный эффект[/secondary] или [primary]""Заражение""[/primary]. Каждый раз, когда она активирует эффект [primary]""Заражение""[/primary], этот [secondary]шанс[/secondary] [secondary]удваивается[/secondary].","Immer wenn [primary]Loveless[/primary] einen [secondary]Elementareffekt[/secondary] bei einem Feind anwendet, der noch keinen hat, erhält sie eine [secondary]Chance[/secondary], einen [secondary]zusätzlichen zufälligen Elementareffekt[/secondary] oder [primary]Virenbefall[/primary] anzuwenden. Wenn sie [primary]Virenbefall[/primary] anwendet, [secondary]verdoppelt[/secondary] sich diese [secondary]Chance[/secondary].",passive,199,167,135,103,71,402:Progress_Corpohacker_Trunk_Virology:Trunk - Row 2 - 5,green,Virology,病毒学,Вирусология,Virologie,Progress_CorpoHacker_Trunk_Virology,Trunk - Row 2 - 5,,Tooltip_CH_Passive_07_Luckless,loveless_passive_green_08__green.png,/Game/DLC/Harmonica/uiresources/corpo_hacker_icons/Passives/loveless_passive_green_08.loveless_passive_green_08
402,Char_CorpoHacker,Loveless,Contaminant,污染源,Вредоносная программа,Kontaminant,"Enemies infected by [primary]Loveless' Contagion[/primary] gain a [secondary]chance[/secondary] to drop a [primary]Contaminant[/primary] when they die. [primary]Contaminants[/primary] may be thrown and [secondary]Explode[/secondary] on contact, infecting all damaged enemies with [primary]Contagion[/primary].",被[primary]无爱的传染病[/primary]感染的敌人在死亡时有[secondary]几率[/secondary]掉落[primary]污染源[/primary]。可以投掷[primary]污染源[/primary]，在击中时会[secondary]爆炸[/secondary]，使所有受伤的敌人感染[primary]传染病[/primary]。,"Враги, пораженные [primary]""Заражением"" Нелюбви[/primary], получают [secondary]шанс[/secondary] оставить [primary]вредоносный код[/primary], когда они умрут. [primary]Вредоносные коды[/primary] можно метать, при контакте они [secondary]взрываются[/secondary], подвергая всех пораженных врагов эффекту [primary]""Заражение""[/primary].","Von [primary]Loveless' Virenbefall[/primary] infizierte Feinde erhalten eine [secondary]Chance[/secondary], einen [primary]Kontaminanten[/primary] fallen zu lassen, wenn sie sterben. [primary]Kontaminanten[/primary] können geworfen werden und bei Kontakt [secondary]explodieren[/secondary], wobei sie alle Feinde mit [primary]Virenbefall[/primary] infizieren.",passive,200,168,136,104,72,402:Progress_Corpohacker_Trunk_Virology:Trunk - Row 2 - 3,green,Virology,病毒学,Вирусология,Virologie,Progress_CorpoHacker_Trunk_Virology,Trunk - Row 2 - 3,,Tooltip_CH_Passive_06_Containment,loveless_passive_green_07__green.png,/Game/DLC/Harmonica/uiresources/corpo_hacker_icons/Passives/loveless_passive_green_07.loveless_passive_green_07
402,Char_CorpoHacker,Loveless,Nootropic Energy Drink,益智能量饮料,Энергетик с ноотропами,Nootropischer Energydrink,Whenenver [primary]Loveless[/primary] uses a [secondary]Repkit[/secondary] she gains increased [secondary]Elemental Damage[/secondary].[newline][newline][flavor]150 grams of caffeine! Chew the power![/flavor],当[primary]无爱[/primary]使用[secondary]修复套件[/secondary]时，将提升她的[secondary]元素伤害[/secondary]。[newline][newline][flavor]内含150克咖啡因！吃出满满力量！[/flavor],"Каждый раз, когда [primary]Нелюбовь[/primary] использует [secondary]ремкомплект[/secondary], ее [secondary]стихийный урон[/secondary] повышается.[newline][newline][flavor]150 граммов кофеина! Мощь хрустит на зубах![/flavor]","Immer wenn [primary]Loveless[/primary] ein [secondary]Reparaturkit[/secondary] einsetzt, erhält sie erhöhten [secondary]Elementarschaden[/secondary].[newline][newline][flavor]150 Gramm Koffein! Kauf die Power![/flavor]",passive,201,169,137,105,73,402:Progress_Corpohacker_Trunk_Virology:Trunk - Row 2 - 1,green,Virology,病毒学,Вирусология,Virologie,Progress_CorpoHacker_Trunk_Virology,Trunk - Row 2 - 1,,Tooltip_CH_Passive_05_LovelessSecretStuff,loveless_passive_green_06__green.png,/Game/DLC/Harmonica/uiresources/corpo_hacker_icons/Passives/loveless_passive_green_06.loveless_passive_green_06
402,Char_CorpoHacker,Loveless,Toxic Chat,毒性聊天,Токсичный чат,Toxischer Chat,[primary]Loveless[/primary] deals increased [nowrap][corrosive_icon][corrosive]Corrosive Damage[/corrosive][/nowrap].[newline][newline][secondary]Kill Skill.[/secondary] [primary]Loveless'[/primary] [secondary]Guns[/secondary] gain [nowrap][corrosive][corrosive_icon]Bonus[/corrosive][/nowrap] [corrosive]Corrosive Damage[/corrosive] for a [secondary]Duration[/secondary].,提升[primary]无爱[/primary]造成的[nowrap][corrosive_icon][corrosive]腐蚀伤害[/corrosive][/nowrap]。[newline][newline][secondary]杀戮技能。[/secondary][primary]无爱[/primary]的[secondary]枪械[/secondary]会在[secondary]一段时间[/secondary]内获得[nowrap][corrosive][corrosive_icon]加成[/corrosive][/nowrap][corrosive]腐蚀伤害[/corrosive]。,[primary]Нелюбовь[/primary] наносит повышенный [nowrap][corrosive_icon][corrosive]урон от коррозии[/corrosive][/nowrap].[newline][newline][secondary]Навык убийства.[/secondary] [secondary]Пушки[/secondary] [primary]Нелюбви[/primary] наносят [nowrap][corrosive][corrosive_icon]дополнительный[/corrosive][/nowrap] [corrosive]урон от коррозии[/corrosive] в течение [secondary]времени действия[/secondary].,[primary]Loveless[/primary] verursacht erhöhten [nowrap][corrosive_icon][corrosive]Korrosionsschaden[/corrosive][/nowrap].[newline][newline][secondary]Kill-Skill.[/secondary][primary]Loveless'[/primary] [secondary]Schusswaffen[/secondary] erhalten [secondary]vorübergehend[/secondary] [nowrap][corrosive][corrosive_icon]Bonus-Korrosionsschaden[/corrosive][/nowrap].,passive,202,170,138,106,74,402:Progress_Corpohacker_Trunk_Virology:Trunk - Row 1 - 5,green,Virology,病毒学,Вирусология,Virologie,Progress_CorpoHacker_Trunk_Virology,Trunk - Row 1 - 5,,Tooltip_CH_Passive_04_ToxicMentality,loveless_passive_green_05__green.png,/Game/DLC/Harmonica/uiresources/corpo_hacker_icons/Passives/loveless_passive_green_05.loveless_passive_green_05
402,Char_CorpoHacker,Loveless,Heat Sink,散热器,Теплоотвод,Kühlkörper,Whenever [primary]Loveless[/primary] applies an [secondary]Elemental Effect[/secondary] or [primary]Contagion[/primary] she gains increased [secondary]Action Skill Cooldown Rate[/secondary].,当[primary]无爱[/primary]施加[secondary]元素效果[/secondary]或[primary]传染病[/primary]时，都会提升[secondary]主动技能冷却速度[/secondary]。,"Каждый раз, когда [primary]Нелюбовь[/primary] накладывает [secondary]стихийный эффект[/secondary] или [primary]""Заражение""[/primary], у нее увеличивается [secondary]скорость восстановления активного навыка[/secondary].","Immer wenn [primary]Loveless[/primary] einen [secondary]Elementareffekt[/secondary] oder [primary]Virenbefall[/primary] anwendet, erhält sie eine erhöhte [secondary]Action-Skill-Abklinggeschwindigkeit[/secondary].",passive,203,171,139,107,75,402:Progress_Corpohacker_Trunk_Virology:Trunk - Row 1 - 4,green,Virology,病毒学,Вирусология,Virologie,Progress_CorpoHacker_Trunk_Virology,Trunk - Row 1 - 4,,Tooltip_CH_Passive_03_MiseryLovesCompnany,loveless_passive_green_04__green.png,/Game/DLC/Harmonica/uiresources/corpo_hacker_icons/Passives/loveless_passive_green_04.loveless_passive_green_04
402,Char_CorpoHacker,Loveless,High Data Rate,高数据速率,Высокая скорость передачи данных,Hohe Datenrate,"[primary]Loveless[/primary] gains increased [secondary]Status Effect Chance[/secondary]. The more full her [primary]RAM[/primary] is, the greater the [secondary]Bonus[/secondary].[newline][newline]Whenever [primary]Loveless[/primary] uses [primary]Empowered Melee[/primary], her next [secondary]Elemental Attack[/secondary] always applies its [secondary]Elemental Effects[/secondary].",提升[primary]无爱[/primary]的[secondary]状态效果率[/secondary]。[primary]运行内存[/primary]越多，[secondary]加成[/secondary]越大。[newline][newline]当[primary]无爱[/primary]使用[primary]强化近战[/primary]时，她的下次[secondary]元素攻击[/secondary]必定施加其[secondary]元素效果[/secondary]。,"[secondary]Шанс стихийного эффекта[/secondary] [primary]Нелюбви[/primary] повышается. Чем сильней заполнена ее [primary]оперативка[/primary], тем выше [secondary]бонус[/secondary].[newline][newline]Каждый раз, когда [primary]Нелюбовь[/primary] использует [primary]навык усиленного ближнего боя[/primary], ее следующая [secondary]стихийная атака[/secondary] всегда накладывает [secondary]стихийные эффекты[/secondary].","[primary]Loveless[/primary] erhält eine erhöhte [secondary]Statuseffekt-Chance[/secondary]. Je voller ihr [primary]RAM[/primary], desto größer der [secondary]Bonus[/secondary].[newline][newline]Immer wenn [primary]Loveless[/primary] ihren [primary]ermächtigten Nahkampfangriff[/primary] einsetzt, wendet ihr nächster [secondary]Elementarangriff[/secondary] seine [secondary]Elementareffekte[/secondary] an.",passive,205,173,141,109,77,402:Progress_Corpohacker_Trunk_Virology:Trunk - Row 1 - 1,green,Virology,病毒学,Вирусология,Virologie,Progress_CorpoHacker_Trunk_Virology,Trunk - Row 1 - 1,,Tooltip_CH_Passive_01_Capacitor,loveless_passive_green_01__green.png,/Game/DLC/Harmonica/uiresources/corpo_hacker_icons/Passives/loveless_passive_green_01.loveless_passive_green_01
402,Char_CorpoHacker,Loveless,Critically Acclaimed,备受好评,Одобренный критиками,Überaus kritisch,"[secondary]Kill Skill.[/secondary] [secondary]Critical Hit Kills[/secondary] by [primary]Loveless[/primary] and [primary]Wyrm[/primary] have a [secondary]chance[/secondary] to [secondary]refund Missing Action Skill Duration[/secondary].[newline][newline] While [primary]Wyrm[/primary] is [secondary]Active[/secondary], [primary]Loveless[/primary] also gains a [secondary]Stack[/secondary]of[nowrap][symb_icon][primary]Symbiosis[/primary][/nowrap].",[secondary]杀戮技能[/secondary]:[primary]无爱[/primary]和[primary]蛇龙[/primary][secondary]暴击击杀[/secondary]敌人时，有[secondary]几率[/secondary][secondary]返还已消耗主动技能持续时间[/secondary]。[newline][newline]当[primary]蛇龙[/primary]处于[secondary]活跃状态[/secondary]时，[primary]无爱[/primary]也会获得一[secondary]层[/secondary][nowrap][symb_icon][primary]共生关系[/primary][/nowrap],"[secondary]Навык убийства.[/secondary] [secondary]Убийства критическим ударом[/secondary], которые совершают [primary]Нелюбовь[/primary] и [primary]Змей[/primary], имеют [secondary]шанс[/secondary] увеличить [secondary]длительность активного навыка[/secondary]. [newline][newline] Пока [secondary]активен[/secondary] [primary]Змей[/primary], [primary]Нелюбовь[/primary] также получает [secondary]заряд[/secondary] [nowrap][symb_icon][primary]симбиоза[/primary][/nowrap].","[secondary]Kill-Skill.[/secondary] [secondary]Kills mit kritischen Treffern[/secondary] durch [primary]Loveless[/primary] und den [primary]Wyrm[/primary] haben eine [secondary]Chance[/secondary], fehlende [secondary]Action-Skill-Dauer zurückzuerstatten[/secondary].[newline][newline]Während der [primary]Wyrm[/primary] [secondary]aktiv[/secondary] ist, erhält [primary]Loveless[/primary] zudem einen [nowrap][symb_icon][primary]Symbiose[/primary][/nowrap]-[secondary]Stapel[/secondary].",passive,206,174,142,110,78,402:Progress_Corpohacker_Trunk_Assimilation:Trunk - Row 3 - 5,red,Manifestation,化身,Призыв,,Progress_CorpoHacker_Trunk_Assimilation,Trunk - Row 3 - 5,,ToolTip_CH_P_71_CriticallyAcclaimed,loveless_passive_red_05__red.png,/Game/DLC/Harmonica/uiresources/corpo_hacker_icons/Passives/loveless_passive_red_05.loveless_passive_red_05
402,Char_CorpoHacker,Loveless,Optimization,优化手段,Оптимизация,Optimierung,"[primary]Loveless[/primary] gains a [secondary]chance[/secondary] to completely [secondary]Refill[/secondary] her [primary]RAM[/primary] when she spends it.[newline][newline] [nowrap][symb_icon][primary]Symbiosis[/primary][/nowrap] [primary]Effect.[/primary] When [primary]Loveless[/primary] fails to completely refill her [primary]RAM[/primary], she gets a partial refill that scales with the current amount of [nowrap][symb_icon][primary]Symbiosis Stacks[/primary][/nowrap]she currently has.",[primary]无爱[/primary]在花费[primary]运行内存[/primary]时，有[secondary]几率[/secondary]完全[secondary]补充[/secondary]运行内存。[newline][newline][nowrap][symb_icon][primary]共生[/primary][/nowrap][primary]效应[/primary]。当[primary]无爱[/primary]未能完全补充[primary]运行内存[/primary]时，会根据她当前拥有的[nowrap][symb_icon][primary]共生关系叠加[/primary][/nowrap]层数，补充部分运行内存。,"[primary]Нелюбовь[/primary] получает [secondary]шанс[/secondary] полностью [secondary]восстановить[/secondary] свою [primary]оперативку[/primary], когда тратит ее.[newline][newline] [nowrap][symb_icon][primary]Эффект[/primary][/nowrap] [primary]симбиоза:[/primary] когда [primary]Нелюбви[/primary] не удается полностью восстановить [primary]оперативку[/primary], она восстанавливает ее часть, в зависимости от текущих [nowrap][primary]зарядов [symb_icon]симбиоза[/primary][/nowrap].","[primary]Loveless[/primary] erhält eine [secondary]Chance[/secondary], ihr [primary]RAM[/primary] komplett [secondary]aufzufüllen[/secondary], nachdem sie es verbraucht hat.[newline][newline][nowrap][symb_icon][primary]Symbiose[/primary][/nowrap]-[primary]Effekt.[/primary] Wenn es [primary]Loveless[/primary] nicht gelingt, ihr [primary]RAM[/primary] komplett aufzufüllen, wird es teilweise aufgefüllt, wobei die Menge mit der aktuellen Anzahl ihrer [nowrap][symb_icon][primary]Symbiose-Stapel[/primary][/nowrap] steigt.",passive,207,175,143,111,79,402:Progress_Corpohacker_Trunk_Assimilation:Trunk - Row 3 - 4,red,Manifestation,化身,Призыв,,Progress_CorpoHacker_Trunk_Assimilation,Trunk - Row 3 - 4,,ToolTip_CH_P_77_Optimization,loveless_passive_red_12__red.png,/Game/DLC/Harmonica/uiresources/corpo_hacker_icons/Passives/loveless_passive_red_12.loveless_passive_red_12
402,Char_CorpoHacker,Loveless,IDKFA,装备秘籍,,idkfa,"When [primary]Loveless[/primary] takes [secondary]damage[/secondary] from enemies, she has a [secondary]chance[/secondary] to gain a [secondary]Sharing the Pain Stack[/secondary], increasing her [secondary]Gun Damage[/secondary] for the [secondary]duration[/secondary]. [newline][newline] [nowrap][symb_icon][primary]Symbiosis[/primary][/nowrap] [primary]Effect.[/primary] When [primary]Loveless[/primary] gains a [secondary]Sharing the Pain Stack[/secondary], a [nowrap][radiation_icon][radiation]Radiation Nova[/radiation][/nowrap] [secondary]explodes[/secondary] on the enemy, dealing [nowrap][radiation_icon][radiation]Radiation Damage[/radiation][/nowrap].",当[primary]无爱[/primary]受到敌人的[secondary]伤害[/secondary]时，有[secondary]几率[/secondary]获得一层[secondary]同甘共苦叠加[/secondary]，在效果[secondary]持续时间[/secondary]内提升其[secondary]枪械伤害[/secondary]。[newline][newline][nowrap][symb_icon][primary]共生[/primary][/nowrap][primary]效应。[/primary]当[primary]无爱[/primary]获得一层[secondary]同甘共苦叠加[/secondary]时，敌人身上会生成[nowrap][radiation_icon][radiation]辐射星爆[/radiation][/nowrap][secondary]爆炸[/secondary]，造成[nowrap][radiation_icon][radiation]辐射伤害[/radiation][/nowrap]。,"Когда [primary]Нелюбовь[/primary] получает [secondary]урон[/secondary] от врагов, у нее есть [secondary]шанс[/secondary] получить [secondary]заряд разделенной боли[/secondary] и [secondary]на время[/secondary] увеличить свой [secondary]урон от стрельбы[/secondary]. [newline][newline][primary]Эффект[/primary] [nowrap][symb_icon][primary]симбиоза.[/primary][/nowrap] Когда [primary]Нелюбовь[/primary] получает [secondary]заряд разделенной боли[/secondary], на враге [secondary]взрывается[/secondary] [nowrap][radiation_icon][radiation]радиоактивная волна[/radiation][/nowrap], наносящая [nowrap][radiation_icon][radiation]урон от радиации[/radiation][/nowrap].","Wenn [primary]Loveless[/primary] [secondary]Schaden[/secondary] durch Feinde erleidet, hat sie eine [secondary]Chance[/secondary], einen [secondary]Stapel Geteiltes Leid[/secondary] zu erhalten, wodurch sich ihr [secondary]Schusswaffen-Schaden[/secondary] [secondary]vorübergehend[/secondary] erhöht. [newline][newline][nowrap][symb_icon][primary]Symbiose[/primary][/nowrap]-[primary]Effekt.[/primary] Wenn [primary]Loveless[/primary] einen Stapel [secondary]Geteiltes Leid[/secondary] erhält, [secondary]explodiert[/secondary] eine [nowrap][radiation_icon][radiation]Strahlungs-Nova[/radiation][/nowrap] und fügt dem Feind [nowrap][radiation_icon][radiation]Strahlungsschaden[/radiation][/nowrap] zu.",passive,209,177,145,113,81,402:Progress_Corpohacker_Trunk_Assimilation:Trunk - Row 3 - 1,red,Manifestation,化身,Призыв,,Progress_Corpohacker_Trunk_Assimilation,Trunk - Row 3 - 1,,ToolTip_CH_P_75_SharingThePain,loveless_passive_red_09__red.png,/Game/DLC/Harmonica/uiresources/corpo_hacker_icons/Passives/loveless_passive_red_09.loveless_passive_red_09
402,Char_CorpoHacker,Loveless,Finisher,终结技,Добивание,,"When [primary]Loveless[/primary] deals [secondary]damage[/secondary] with a [nowrap][func_icon][primary]Function[/primary][/nowrap]or[nowrap][exe_icon][primary]Executable[/primary][/nowrap], she gains a [secondary]Finisher Stack[/secondary], increasing the [secondary]damage[/secondary] she deals with [secondary]Guns[/secondary].[newline][newline][secondary]Gun Kills[/secondary] reset the decay timer of [secondary]Finisher Stacks[/secondary].",当[primary]无爱[/primary]用[nowrap][func_icon][primary]函数功能[/primary][/nowrap]或[nowrap][exe_icon][primary]可执行文件[/primary][/nowrap]造成[secondary]伤害[/secondary]时，她会获得一层[secondary]终结技叠加[/secondary]，提升其用[secondary]枪械[/secondary]造成的[secondary]伤害[/secondary]。[newline][newline][secondary]枪械击杀[/secondary]敌人时，将重置[secondary]终结技叠加[/secondary]的衰减计时器。,"Когда [primary]Нелюбовь[/primary] наносит [secondary]урон[/secondary] [nowrap][func_icon][primary]функцией[/nowrap][/primary] или [nowrap][exe_icon][primary]исполняемым файлом[/nowrap][/primary], она получает [secondary]заряд ""Пиковой производительности""[/secondary], увеличивая свой [secondary]урон[/secondary] от [secondary]стрельбы[/secondary].[newline][newline][secondary]Убийства огнестрельным оружием[/secondary] обнуляют таймер потери [secondary]зарядов ""Пиковой производительности""[/secondary].","Wenn [primary]Loveless[/primary] [secondary]Schaden[/secondary] mit einer [nowrap][func_icon][primary]Funktion[/primary][/nowrap] oder einem [nowrap][exe_icon][primary]Programm[/primary][/nowrap] verursacht, erhält sie einen [secondary]Finisher-Stapel[/secondary], wodurch der von ihr mit [secondary]Schusswaffen[/secondary] verursachte [secondary]Schaden[/secondary] steigt.[newline][newline][secondary]Schusswaffen-Kills[/secondary] setzen den Verfall-Timer von [secondary]Finisher-Stapeln[/secondary] zurück.",passive,210,178,146,114,82,402:Progress_Corpohacker_Trunk_Assimilation:Trunk - Row 2 - 5,red,Manifestation,化身,Призыв,,Progress_CorpoHacker_Trunk_Assimilation,Trunk - Row 2 - 5,,ToolTip_CH_P_74_PeakPerformance,loveless_passive_red_08__red.png,/Game/DLC/Harmonica/uiresources/corpo_hacker_icons/Passives/loveless_passive_red_08.loveless_passive_red_08
402,Char_CorpoHacker,Loveless,Overclock,超频运行,Разгон процессора,Übertaktung,[primary]Loveless[/primary] now deals increased [secondary]Action Skill Damage[/secondary] and gains longer [secondary]Action Skill Duration[/secondary].,提升[primary]无爱[/primary]的[secondary]主动技能伤害[/secondary]并增加[secondary]主动技能持续时间[/secondary]。,[secondary]Урон от активного навыка[/secondary] и [secondary]длительность активного навыка[/secondary] [primary]Нелюбви[/primary] повышаются.,[primary]Loveless[/primary] verursacht erhöhten [secondary]Action-Skill-Schaden[/secondary] und erhält eine längere [secondary]Action-Skill-Dauer[/secondary].,passive,211,179,147,115,83,402:Progress_Corpohacker_Trunk_Assimilation:Trunk - Row 2 - 3,red,Manifestation,化身,Призыв,,Progress_CorpoHacker_Trunk_Assimilation,Trunk - Row 2 - 3,,ToolTip_CH_P_73_Overclocking,loveless_passive_red_07__red.png,/Game/DLC/Harmonica/uiresources/corpo_hacker_icons/Passives/loveless_passive_red_07.loveless_passive_red_07
402,Char_CorpoHacker,Loveless,Antivirus,抗病毒,Антивирус,,"[secondary]Kill Skill.[/secondary]When [primary]Loveless[/primary] or [primary]Wyrm[/primary] kill an enemy with [nowrap][radiation_icon][radiation]Radiation Damage[/radiation][/nowrap], [primary]Loveless[/primary] gains an [secondary]Overshield[/secondary]. [newline][newline][nowrap][symb_icon][primary]Symbiosis Effect.[/primary][/nowrap][primary]Loveless[/primary] gains increased [secondary]Overshield Duration[/secondary], scaling with the amount of [secondary]Stacks[/secondary]of [nowrap][symb_icon][primary]Symbiosis[/primary][/nowrap] she currently has.",[secondary]杀戮技能。[/secondary]当[primary]无爱[/primary]或[primary]蛇龙[/primary]用[nowrap][radiation_icon][radiation]辐射伤害[/radiation][/nowrap]击杀敌人时，[primary]无爱[/primary]会获得一个[secondary]超强护盾[/secondary]。[newline][newline][nowrap][symb_icon][primary]共生效应。[/primary][/nowrap]增加[primary]无爱[/primary]的[secondary]超强护盾持续时间[/secondary]，数值根据她当前拥有的[nowrap][symb_icon][primary]共生关系[/primary][/nowrap][secondary]叠加[/secondary]层数变化。,"[secondary]Навык убийства.[/secondary] Когда [primary]Нелюбовь[/primary] или [primary]Змей[/primary] убивают врага [nowrap][radiation_icon][radiation]уроном от радиации[/radiation][/nowrap], [primary]Нелюбовь[/primary] получает [secondary]суперщит[/secondary]. [newline][newline][nowrap][primary]Эффект [symb_icon]симбиоза.[/primary][/nowrap] [secondary]Время действия суперщита[/secondary] [primary]Нелюбви[/primary] увеличивается в зависимости от текущего количества [secondary]зарядов[/secondary] [nowrap][symb_icon][primary]симбиоза[/primary][/nowrap].","[secondary]Kill-Skill:[/secondary] Wenn [primary]Loveless[/primary] oder der [primary]Wyrm[/primary] einen Feind mit [nowrap][radiation_icon][radiation]Strahlungsschaden[/radiation][/nowrap] töten, erhält [primary]Loveless[/primary] einen [secondary]Überschild[/secondary]. [newline][newline][nowrap][symb_icon][primary]Symbiose[/primary][/nowrap]-[primary]Effekt.[/primary] [primary]Loveless[/primary] erhält eine erhöhte [secondary]Überschild-Dauer[/secondary], die mit der Anzahl an [nowrap][symb_icon][primary]Symbiose[/primary][/nowrap]-[secondary]Stapeln[/secondary] steigt, die sie aktuell besitzt.",passive,212,180,148,116,84,402:Progress_Corpohacker_Trunk_Assimilation:Trunk - Row 1 - 5,red,Manifestation,化身,Призыв,,Progress_CorpoHacker_Trunk_Assimilation,Trunk - Row 1 - 5,,ToolTip_CH_P_78_Antivirus,loveless_passive_red_13__red.png,/Game/DLC/Harmonica/uiresources/corpo_hacker_icons/Passives/loveless_passive_red_13.loveless_passive_red_13
402,Char_CorpoHacker,Loveless,IDDQD,无敌秘籍,,iddqd,"[primary]Loveless[/primary] and [primary]Wyrm[/primary] gain increased [secondary]Damage Reduction[/secondary] from all [secondary]incoming damage[/secondary].[newline][newline] [nowrap][symb_icon][primary]Symbiosis[/primary][/nowrap] [primary]Effect.[/primary]Grants [primary]Loveless[/primary]a [secondary]chance[/secondary] to completely [secondary]Negate Damage[/secondary] based on the amount of [nowrap][symb_icon][primary]Symbiosis Stacks[/primary][/nowrap] she currently has.[newline][newline]When that [secondary]effect[/secondary] happens, [primary]Loveless[/primary] gains a [secondary]Stack[/secondary]of[nowrap][symb_icon][primary]Symbiosis[/primary][/nowrap]. [newline][newline][flavor]Until it is done.[/flavor]",提升[primary]无爱[/primary]和[primary]蛇龙[/primary]对于所有[secondary]伤害类型[/secondary]的[secondary]伤害减免[/secondary]。[newline][newline][nowrap][symb_icon][primary]共生[/primary][/nowrap][primary]效应。[/primary][primary]无爱[/primary]有[secondary]几率[/secondary]根据当前自身拥有的[nowrap][symb_icon][primary]共生关系叠加[/primary][/nowrap]层数，完全[secondary]抵消伤害[/secondary]。[newline][newline]该[secondary]效果[/secondary]触发时，[primary]无爱[/primary]获得一[secondary]层[/secondary][nowrap][symb_icon][primary]共生关系[/primary][/nowrap]。[newline][newline][flavor]直到结束为止。[/flavor],"[secondary]Уменьшение[/secondary] всего [secondary]входящего урона[/secondary] [primary]Нелюбви[/primary] и [primary]Змея[/primary] усиливается.[newline][newline] [primary]Эффект[/primary] [nowrap][symb_icon][primary]симбиоза[/primary][/nowrap]. [primary]Нелюбовь[/primary] получает [secondary]шанс[/secondary] полностью [secondary]нейтрализовать урон[/secondary] в зависимости от текущего количества [nowrap][primary]зарядов [symb_icon]симбиоза[/primary][/nowrap].[newline][newline]Когда [secondary]эффект[/secondary] срабатывает, [primary]Нелюбовь[/primary] получает [secondary]заряд[/secondary] [nowrap][symb_icon][primary]симбиоза[/primary][/nowrap].[newline][newline][flavor]Пока дело не будет сделано.[/flavor]","[primary]Loveless[/primary] und der [primary]Wyrm[/primary] erhalten eine erhöhte [secondary]Schadensreduktion[/secondary] bei [secondary]erlittenem Schaden[/secondary].[newline][newline][nowrap][symb_icon][primary]Symbiose[/primary][/nowrap]-[primary]Effekt.[/primary] Gewährt [primary]Loveless[/primary] eine [secondary]Chance[/secondary] auf [secondary]vollständige Schadensnegierung[/secondary] basierend auf der Anzahl an [nowrap][symb_icon][primary]Symbiose-Stapeln[/primary][/nowrap], die sie aktuell besitzt.[newline][newline]Wenn dieser [secondary]Effekt[/secondary] eintritt, erhält [primary]Loveless[/primary] einen [nowrap][symb_icon][primary]Symbiose[/primary][/nowrap]-[secondary]Stapel[/secondary].[newline][newline][flavor]Bis es erledigt ist.[/flavor]",passive,213,182,150,118,86,402:Progress_Corpohacker_Trunk_Assimilation:Trunk - Row 2 - 1,red,Manifestation,化身,Призыв,,Progress_CorpoHacker_Trunk_Assimilation,Trunk - Row 2 - 1,,ToolTip_CH_P_72_HidingThePain,loveless_passive_red_06__red.png,/Game/DLC/Harmonica/uiresources/corpo_hacker_icons/Passives/loveless_passive_red_06.loveless_passive_red_06
402,Char_CorpoHacker,Loveless,Corrupted Path,损坏路径,Битая ссылка,Schadhafter Pfad,[primary]Loveless[/primary] gains increased[nowrap][radiation_icon][radiation]Radiation Damage[/radiation][/nowrap] and [nowrap][radiation_icon][radiation]Irradiation[/radiation][/nowrap] [radiation]Chance[/radiation].[newline][newline] [nowrap][symb_icon][primary]Symbiosis[/primary][/nowrap] [primary]Effect.[/primary] [primary]Loveless[/primary] always deals[nowrap][radiation_icon][radiation]Bonus Radiation[/nowrap][/radiation][radiation]Damage[/radiation]. This [secondary]effect[/secondary] scales with the amount of [nowrap][symb_icon][primary]Symbiosis Stacks[/primary][/nowrap] she currently has.,提升[primary]无爱[/primary]的[nowrap][radiation_icon][radiation]辐射伤害[/radiation][/nowrap]和[nowrap][radiation_icon][radiation]辐照[/radiation][/nowrap][radiation]率[/radiation]。[newline][newline][nowrap][symb_icon][primary]共生[/primary][/nowrap][primary]效应。[/primary][primary]无爱[/primary]必定造成[nowrap][radiation_icon][radiation]加成辐射[/nowrap][/radiation][radiation]伤害[/radiation]。此[secondary]效果[/secondary]会根据她当前拥有的[nowrap][symb_icon][primary]共生关系叠加[/primary][/nowrap]层数变化。,[nowrap][radiation_icon][radiation]Урон от радиации[/radiation][/nowrap] и [radiation]шанс[/radiation] [nowrap][radiation_icon][radiation]облучения[/radiation][/nowrap] [primary]Нелюбви[/primary] повышаются.[newline][newline] [primary]Эффект[/primary] [nowrap][symb_icon][primary]симбиоза.[/primary][/nowrap] [primary]Нелюбовь[/primary] всегда наносит [nowrap][radiation_icon][radiation]дополнительный урон[/radiation] [radiation]от радиации[/radiation][/nowrap]. [secondary]Эффект[/secondary] зависит от ее текущего количества [nowrap][primary]зарядов [symb_icon]симбиоза[/primary][/nowrap].,[primary]Loveless[/primary] erhält erhöhten [nowrap][radiation_icon][radiation]Strahlungsschaden[/radiation][/nowrap] und eine erhöhte [nowrap][radiation_icon][radiation]Strahlungschance[/radiation][/nowrap].[newline][newline] [nowrap][symb_icon][primary]Symbiose[/primary][/nowrap]-[primary]Effekt[/primary]. [primary]Loveless[/primary] verursacht immer [nowrap][radiation_icon][radiation]Bonus-Strahlungsschaden[/radiation][/nowrap]. Der [secondary]Effekt[/secondary] verstärkt sich mit der aktuellen Anzahl ihrer [nowrap][symb_icon][primary]Symbiose-Stapel[/primary][/nowrap].,passive,214,181,149,117,85,402:Progress_Corpohacker_Trunk_Assimilation:Trunk - Row 1 - 3,red,Manifestation,化身,Призыв,,Progress_CorpoHacker_Trunk_Assimilation,Trunk - Row 1 - 3,,ToolTip_CH_P_70_Irradiated,loveless_passive_red_03__red.png,/Game/DLC/Harmonica/uiresources/corpo_hacker_icons/Passives/loveless_passive_red_03.loveless_passive_red_03
402,Char_CorpoHacker,Loveless,Drift Compatible,通感相容,Дрифт-совместимость,Abweichungskompatibel,[primary]Wyrm[/primary] gains [secondary]Critically Hit Chance[/secondary].[newline][newline] [nowrap][symb_icon][primary]Symbiosis[/primary][/nowrap] [primary]Effect.[/primary] [primary]Loveless[/primary] & [primary]Wyrm's[/primary][secondary]Critical Hit Damage Dealt[/secondary] scales with the amount of [nowrap] [symb_icon][primary]Symbiosis[/primary][/nowrap][primary]Stacks[/primary] that [primary]Loveless[/primary] currently has.,[primary]蛇龙[/primary]获得[secondary]暴击率[/secondary]。[newline][newline][nowrap][symb_icon][primary]共生[/primary][/nowrap][primary]效应。[/primary][primary]无爱[/primary]和[primary]蛇龙[/primary]的[secondary]暴击伤害[/secondary]会根据[primary]无爱[/primary]当前拥有的[nowrap][symb_icon][primary]共生关系[/primary][/nowrap][primary]叠加[/primary]层数变化。,"[primary]Змей[/primary] получает [secondary]шанс критического попадания[/secondary].[newline][newline] [primary]Эффект[/primary] [nowrap][symb_icon][primary]симбиоза.[/primary][/nowrap] [secondary]Критический урон[/secondary] [primary]Нелюбви[/primary] и [primary]Змея[/primary] зависит от количества [primary]зарядов[/primary] [nowrap][symb_icon][primary]симбиоза[/primary][/nowrap], которые сейчас есть у [primary]Нелюбви[/primary].",Der [primary]Wyrm[/primary] erhält eine [secondary]kritische Trefferchance[/secondary].[newline][newline][nowrap][symb_icon][primary]Symbiose[/primary][/nowrap]-[primary]Effekt.[/primary] Der von [primary]Loveless[/primary] und dem [primary]Wyrm[/primary] [secondary]verursachte kritische Trefferschaden[/secondary] steigt mit der aktuellen Anzahl an [primary]Loveless'[/primary] [nowrap] [symb_icon][primary]Symbiose-[/primary][/nowrap][primary]Stapeln[/primary].,passive,216,184,152,120,88,402:Progress_Corpohacker_Trunk_Assimilation:Trunk - Row 1 - 1,red,Manifestation,化身,Призыв,,Progress_CorpoHacker_Trunk_Assimilation,Trunk - Row 1 - 1,,ToolTip_CH_P_79_SharingTactics,loveless_passive_red_14__red.png,/Game/DLC/Harmonica/uiresources/corpo_hacker_icons/Passives/loveless_passive_red_14.loveless_passive_red_14
402,Char_CorpoHacker,Loveless,Immunoppressant,免疫抑制剂,Иммуноагрессор,Immunitätsunterdrückung,"Whenever [primary]Loveless[/primary] applies a [secondary]Status Effect[/secondary], she gains a [secondary]Stack[/secondary] of [secondary]Immunoppressant[/secondary]. [secondary]Stacks[/secondary] provide [secondary]Damage Reduction[/secondary] for a [secondary]Duration[/secondary].",当[primary]无爱[/primary]施加[secondary]状态效果[/secondary]时，她会获得一[secondary]层[/secondary][secondary]免疫抑制剂[/secondary]。[secondary]叠加层[/secondary]会在[secondary]一段时间[/secondary]内提供[secondary]伤害减免[/secondary]。,"Каждый раз, когда [primary]Нелюбовь[/primary] накладывает [secondary]стихийный эффект[/secondary], она получает [secondary]заряд[/secondary] [secondary]иммуноагрессора[/secondary]. [secondary]Заряды[/secondary] дают [secondary]временное[/secondary] [secondary]уменьшение урона[/secondary].","Immer wenn [primary]Loveless[/primary] einen [secondary]Statuseffekt[/secondary] anwendet, erhält sie einen [secondary]Stapel[/secondary] [secondary]Immunitätsunterdrückung[/secondary]. Die [secondary]Stapel[/secondary] sorgen [secondary]vorübergehend[/secondary] für [secondary]Schadensreduktion[/secondary].",passive,223,286,349,412,475,402:Progress_Corpohacker_Branch_Virology_01:Branch - Row 1 - 1,green,Virology,病毒学,Вирусология,Virologie,Progress_corpohacker_branch_virology_01,Branch - Row 1 - 1,,Tooltip_CH_Passive_12_GeneticImmunity,loveless_passive_green_14__green.png,/Game/DLC/Harmonica/uiresources/corpo_hacker_icons/Passives/loveless_passive_green_14.loveless_passive_green_14
402,Char_CorpoHacker,Loveless,Depletion Load,耗竭载荷,Обедненная нагрузка,Erschöpfungsladung,"Whenever [primary]Loveless[/primary] activates an [secondary]Action Skill[/secondary], [primary]Function[/primary], or [primary]Executable[/primary] her [secondary]Guns[/secondary] deal [nowrap][radiation_icon][radiation]Bonus[/radiation][/nowrap] [radiation]Radiation Damage[/radiation].",当[primary]无爱[/primary]发动[secondary]主动技能[/secondary]、[primary]函数功能[/primary]或[primary]可执行文件[/primary]时，她的枪械会造成[nowrap][radiation_icon][radiation]加成[/radiation][/nowrap][radiation]辐射伤害[/radiation]。,"Каждый раз, когда [primary]Нелюбовь[/primary] использует [secondary]активный навык[/secondary], [primary]функцию[/primary] или [primary]исполняемый файл[/primary], ее пушки наносят [nowrap][radiation_icon][radiation]дополнительный[/radiation][/nowrap] [radiation]урон от радиации[/radiation].","Immer wenn [primary]Loveless[/primary] einen [secondary]Action-Skill[/secondary], eine [primary]Funktion[/primary] oder ein [primary]Programm[/primary] aktiviert, verursachen ihre Waffen [nowrap][radiation_icon][radiation]Bonus-Strahlungsschaden[/radiation][/nowrap].",passive,224,287,350,413,476,402:Progress_Corpohacker_Branch_Virology_01:Branch - Row 1 - 3,green,Virology,病毒学,Вирусология,Virologie,Progress_corpohacker_branch_virology_01,Branch - Row 1 - 3,,Tooltip_CH_Passive_13_IrrationalIrradiation,loveless_passive_green_15__green.png,/Game/DLC/Harmonica/uiresources/corpo_hacker_icons/Passives/loveless_passive_green_15.loveless_passive_green_15
402,Char_CorpoHacker,Loveless,Conservation of Life,生命守恒定律,Сохранение жизни,Lebenserhaltung,"Whenever [primary]Loveless[/primary] damages an enemy with an [secondary]Action Skill[/secondary], she gains a [secondary]chance[/secondary] to spawn a [primary]Contaminant[/primary].[newline][newline] Whenever [primary]Loveless[/primary] creates or destroys a [primary]Contaminant[/primary], she immediately gains [secondary]Health[/secondary], [secondary]Shields[/secondary], and [secondary]Shield Recharge Rate[/secondary].",当[primary]无爱[/primary]用[secondary]主动技能[/secondary]对敌人造成伤害时，有[secondary]几率[/secondary]生成[primary]污染源[/primary]。[newline][newline]当[primary]无爱[/primary]生成或摧毁[primary]污染源[/primary]时，会立即获得[secondary]生命值[/secondary]、[secondary]护盾[/secondary]和[secondary]护盾充能速率[/secondary]。,"Каждый раз, когда [primary]Нелюбовь[/primary] наносит урон врагу [secondary]активным навыком[/secondary], она получает [secondary]шанс[/secondary] на появление [primary]вредоносной программы[/primary].[newline][newline] Каждый раз, когда [primary]Нелюбовь[/primary] создает или уничтожает [primary]вредоносную программу[/primary], она получает [secondary]здоровье[/secondary], [secondary]щиты[/secondary] и [secondary]повышенную скорость подзарядки щита[/secondary].","Immer wenn [primary]Loveless[/primary] einem Feind mit einem [secondary]Action-Skill[/secondary] Schaden zufügt, erhält sie die [secondary]Chance[/secondary], einen [primary]Kontaminanten[/primary] zu spawnen.[newline][newline]Immer wenn [primary]Loveless[/primary] einen [primary]Kontaminanten[/primary] erzeugt oder zerstört, erhält sie sofort [secondary]Gesundheit[/secondary], [secondary]Schilde[/secondary] und [secondary]Schild-Ladegeschwindigkeit[/secondary].",passive,225,288,351,414,477,402:Progress_Corpohacker_Branch_Virology_01:Branch - Row 2 - 1,green,Virology,病毒学,Вирусология,Virologie,Progress_corpohacker_branch_virology_01,Branch - Row 2 - 1,,Tooltip_CH_Passive_14_ConservationOfLife,loveless_passive_green_16__green.png,/Game/DLC/Harmonica/uiresources/corpo_hacker_icons/Passives/loveless_passive_green_16.loveless_passive_green_16
402,Char_CorpoHacker,Loveless,Turbo Button,加速按钮,Турбо-кнопка,Turboschalter,"[primary]Loveless[/primary] gains increased [secondary]Action Skill Cooldown Rate[/secondary] based on her [primary]RAM[/primary]. The more full her [primary]RAM[/primary] is, the greater the [secondary]Bonus[/secondary][newline][newline] Whenever [primary]Loveless[/primary] consumes [primary]RAM[/primary], she restores a portion of her [secondary]Action Skill Cooldown[/secondary].",根据[primary]无爱[/primary]的[primary]运行内存[/primary]，提升其[secondary]主动技能冷却速度[/secondary]。[primary]运行内存[/primary]越多，[secondary]加成[/secondary]越大。[newline][newline]当[primary]无爱[/primary]消耗[primary]运行内存[/primary]时，她将恢复一部分[secondary]主动技能冷却时间[/secondary]。,"[secondary]Скорость восстановления активного навыка[/secondary] [primary]Нелюбви[/primary] повышается в зависимости от ее [primary]оперативки[/primary]. Чем более заполнена ее [primary]оперативка[/primary], тем выше [secondary]бонус[/secondary].[newline][newline] Каждый раз, когда [primary]Нелюбовь[/primary] тратит [primary]оперативку[/primary], [secondary]время восстановления активного навыка[/secondary] сокращается.","[primary]Loveless[/primary] erhält basierend auf ihrem [primary]RAM[/primary] eine erhöhte [secondary]Action-Skill-Abklinggeschwindigkeit[/secondary]. Je voller ihr [primary]RAM[/primary], desto größer der [secondary]Bonus[/secondary].[newline][newline]Immer wenn [primary]Loveless[/primary] [primary]RAM[/primary] verbraucht, stellt sie einen Teil ihrer [secondary]Action-Skill-Abklingzeit[/secondary] wieder her.",passive,226,289,352,415,478,402:Progress_Corpohacker_Branch_Virology_01:Branch - Row 2 - 2,green,Virology,病毒学,Вирусология,Virologie,Progress_corpohacker_branch_virology_01,Branch - Row 2 - 2,,Tooltip_CH_Passive_15_TurboButton,loveless_passive_green_17__green.png,/Game/DLC/Harmonica/uiresources/corpo_hacker_icons/Passives/loveless_passive_green_17.loveless_passive_green_17
402,Char_CorpoHacker,Loveless,Circular Logic,循环逻辑,Зацикленная логика,Zirkellogik,Whenever [primary]Loveless[/primary] deals [secondary]Status Damage[/secondary] she gains a [secondary]Circular Logic Stack[/secondary]. Whenever [primary]Loveless[/primary] activates her [secondary]Action Skill[/secondary] consume all [secondary]Circular Logic Stacks[/secondary] and deal increased [secondary]Action Skill Damage[/secondary] based on the [secondary]Stacks[/secondary] consumed.,当[primary]无爱[/primary]造成[secondary]状态伤害[/secondary]时，都会获得一层[secondary]循环逻辑叠加[/secondary]。当[primary]无爱[/primary]发动[secondary]主动技能[/secondary]时，将消耗所有[secondary]循环逻辑叠加[/secondary]，并根据消耗的[secondary]层数[/secondary]造成更高的[secondary]主动技能伤害[/secondary]。,"Каждый раз, когда [primary]Нелюбовь[/primary] наносит [secondary]временной стихийный урон[/secondary], она получает [secondary]заряд зацикленной логики[/secondary]. Каждый раз, когда [primary]Нелюбовь[/primary] использует свой [secondary]активный навык[/secondary], все [secondary]заряды зацикленной логики[/secondary] тратятся, а [secondary]урон от активного навыка[/secondary] повышается в зависимости от количества потраченных [secondary]зарядов[/secondary].","Immer wenn [primary]Loveless[/primary] [secondary]Status-Schaden[/secondary] verursacht, erhält sie einen [secondary]Zirkellogik-Stapel[/secondary]. Immer wenn [primary]Loveless[/primary] ihren [secondary]Action-Skill[/secondary] aktiviert, verbraucht sie alle [secondary]Zirkellogik-Stapel[/secondary] und verursacht basierend auf den verbrauchten [secondary]Stapeln[/secondary] erhöhten [secondary]Action-Skill-Schaden[/secondary] .",passive,227,290,353,416,479,402:Progress_Corpohacker_Branch_Virology_01:Branch - Row 2 - 3,green,Virology,病毒学,Вирусология,Virologie,Progress_corpohacker_branch_virology_01,Branch - Row 2 - 3,,Tooltip_CH_Passive_16_CircularLogic,loveless_passive_green_18__green.png,/Game/DLC/Harmonica/uiresources/corpo_hacker_icons/Passives/loveless_passive_green_18.loveless_passive_green_18
402,Char_CorpoHacker,Loveless,Unsupported Peripheral,不支持外设,Неподдерживаемые устройства,Nicht unterstütztes Peripheriegerät,"Whenever [primary]Loveless[/primary] activates an [secondary]Action Skill[/secondary], [primary]Function[/primary], [primary]Executable[/primary] she throws a free [secondary]Grenade[/secondary]. If she has a [secondary]Grenade Mod[/secondary] equipped, throw a free [secondary]Grenade[/secondary] based on that.",当[primary]无爱[/primary]发动[secondary]主动技能[/secondary]、[primary]函数功能[/primary]或[primary]可执行文件[/primary]时，会投掷免费[secondary]手雷[/secondary]。如已装备[secondary]手雷模组[/secondary]，则会投掷相同类型的免费[secondary]手雷[/secondary]。,"Каждый раз, когда [primary]Нелюбовь[/primary] использует [secondary]активный навык[/secondary], [primary]функцию[/primary] или [primary]исполняемый файл[/primary], она бросает бесплатную [secondary]гранату[/secondary]. Если она использует [secondary]модификатор гранат[/secondary], бесплатная [secondary]граната[/secondary] основана на нем.","Immer wenn [primary]Loveless[/primary] einen [secondary]Action-Skill[/secondary], eine [primary]Funktion[/primary] oder ein [primary]Programm[/primary] aktiviert, wirft sie eine kostenlose [secondary]Granate[/secondary]. Wenn sie einen [secondary]Granaten-Mod[/secondary] ausgerüstet hat, wirft sie eine entsprechende kostenlose [secondary]Granate[/secondary].",passive,228,291,354,417,480,402:Progress_Corpohacker_Branch_Virology_01:Branch - Row 3 - 1,green,Virology,病毒学,Вирусология,Virologie,Progress_corpohacker_branch_virology_01,Branch - Row 3 - 1,,Tooltip_CH_Passive_17_Overflow,loveless_passive_green_19__green.png,/Game/DLC/Harmonica/uiresources/corpo_hacker_icons/Passives/loveless_passive_green_19.loveless_passive_green_19
402,Char_CorpoHacker,Loveless,System Restore,系统恢复,Восстановление системы,Systemwiederherstellung,[primary]Loveless[/primary] gains [secondary]Lifesteal[/secondary] from [secondary]Splash Damage[/secondary]. [secondary]Excess Healing[/secondary] is converted into [secondary]Overshield[/secondary].,[primary]无爱[/primary]从[secondary]溅射伤害[/secondary]获得[secondary]吸血[/secondary]。[secondary]多余治疗[/secondary]会转化为[secondary]超强护盾[/secondary]。,[primary]Нелюбовь[/primary] получает [secondary]кражу здоровья[/secondary] от [secondary]урона по площади[/secondary]. [secondary]Излишки здоровья[/secondary] переводятся в [secondary]суперщит[/secondary].,[primary]Loveless[/primary] erhält [secondary]Lebensraub[/secondary] durch [secondary]indirekten Schaden[/secondary]. [secondary]Überschüssige Heilung[/secondary] wird in [secondary]Überschild[/secondary] umgewandelt.,passive,230,293,356,419,482,402:Progress_Corpohacker_Branch_Virology_02:Branch - Row 1 - 1,green,Virology,病毒学,Вирусология,Virologie,Progress_corpohacker_branch_virology_02,Branch - Row 1 - 1,,Tooltip_CH_Passive_24_SystemRestore,loveless_passive_green_21__green.png,/Game/DLC/Harmonica/uiresources/corpo_hacker_icons/Passives/loveless_passive_green_21.loveless_passive_green_21
402,Char_CorpoHacker,Loveless,Wide Net,天罗地网,Широкая сеть,Weites Netz,[primary]Loveless[/primary] gains increased [secondary]Splash Damage[/secondary] and [secondary]Splash Radius[/secondary].,提升[primary]无爱[/primary]的[secondary]溅射伤害[/secondary]和[secondary]溅射半径[/secondary]。,[secondary]Радиус по площади[/secondary] и [secondary]урон по площади[/secondary] [primary]Нелюбви[/primary] повышаются.,[primary]Loveless[/primary] erhält erhöhten [secondary]indirekten Schaden[/secondary] und einen erhöhten [secondary]indirekten Schadensradius[/secondary].,passive,231,294,357,420,483,402:Progress_Corpohacker_Branch_Virology_02:Branch - Row 1 - 3,green,Virology,病毒学,Вирусология,Virologie,Progress_corpohacker_branch_virology_02,Branch - Row 1 - 3,,Tooltip_CH_Passive_19_WideNet,loveless_passive_green_22__green.png,/Game/DLC/Harmonica/uiresources/corpo_hacker_icons/Passives/loveless_passive_green_22.loveless_passive_green_22
402,Char_CorpoHacker,Loveless,Viral Payload,病毒载荷,Вирусная нагрузка,Virale Ladung,"[primary]Loveless'[/primary] deals [nowrap][corrosive_icon][corrosive]Bonus[/corrosive][/nowrap] [corrosive]Corrosive Damage[/corrosive] with [secondary]Grenades[/secondary]. Additionally, [primary]Loveless[/primary] gains a [secondary]chance[/secondary] to infect enemies with [primary]Contagion[/primary] whenever she damages them with [secondary]Grenades[/secondary].",[primary]无爱[/primary]的[secondary]手雷[/secondary]会造成[nowrap][corrosive_icon][corrosive]加成[/corrosive][/nowrap][corrosive]腐蚀伤害[/corrosive]。此外，[primary]无爱[/primary]用[secondary]手雷[/secondary]造成伤害时，有[secondary]几率[/secondary]使敌人感染[primary]传染病[/primary]。,"[primary]Нелюбовь[/primary] наносит [secondary]гранатами[/secondary] [nowrap][corrosive_icon][corrosive]дополнительный[/corrosive][/nowrap] [corrosive]урон от коррозии[/corrosive]. Помимо этого [primary]Нелюбовь[/primary] получает [secondary]шанс[/secondary] передать врагам [primary]""Заражение""[/primary] каждый раз, когда она наносит им урон [secondary]гранатами[/secondary].","[primary]Loveless[/primary] verursacht [nowrap][corrosive_icon][corrosive]Bonus-Korrosionsschaden[/corrosive][/nowrap] mit [secondary]Granaten[/secondary]. Zusätzlich erhält [primary]Loveless[/primary] die [secondary]Chance[/secondary], Feinde mit [primary]Virenbefall[/primary] zu infizieren, wann immer sie ihnen mit [secondary]Granaten[/secondary] Schaden zufügt.",passive,232,295,358,421,484,402:Progress_Corpohacker_Branch_Virology_02:Branch - Row 2 - 1,green,Virology,病毒学,Вирусология,Virologie,Progress_corpohacker_branch_virology_02,Branch - Row 2 - 1,,Tooltip_CH_Passive_20_DirtyBomb,loveless_passive_green_23__green.png,/Game/DLC/Harmonica/uiresources/corpo_hacker_icons/Passives/loveless_passive_green_23.loveless_passive_green_23
402,Char_CorpoHacker,Loveless,Malware,恶意软件,Вредоносное ПО,,"Whenever [primary]Loveless[/primary] uses her [primary]Empowered Melee Attack[/primary], she creates a [nowrap][corrosive_icon][corrosive]Corrosive[/corrosive][/nowrap] [corrosive]Explosion[/corrosive] that deals [secondary]Ordnance Damage[/secondary] to enemies. Additionally, [primary]Loveless[/primary] gains increased [primary]RAM[/primary] whenever she applies a [secondary]Status Effect[/secondary].",当[primary]无爱[/primary]使用[primary]强化近战攻击[/primary]时，会生成[nowrap][corrosive_icon][corrosive]腐蚀[/corrosive][/nowrap][corrosive]爆炸[/corrosive]，对敌人造成[secondary]炮械伤害[/secondary]。此外，当[primary]无爱[/primary]施加[secondary]状态效果[/secondary]时，会增加她的[primary]运行内存[/primary]。,"Каждый раз, когда [primary]Нелюбовь[/primary] использует [primary]усиленную атаку в ближнем бою[/primary], она создает [nowrap][corrosive_icon][corrosive]коррозионный[/corrosive][/nowrap] [corrosive]взрыв[/corrosive], наносящий врагам [secondary]урон от снарядов[/secondary]. Дополнительно каждый раз, когда [primary]Нелюбовь[/primary] применяет [secondary]временной стихийный эффект[/secondary], она получает повышенную емкость [primary]оперативки[/primary].","Immer wenn [primary]Loveless[/primary] ihren [primary]ermächtigten Nahkampfangriff[/primary] einsetzt, erzeugt sie eine [nowrap][corrosive_icon][corrosive]Korrosionsexplosion[/corrosive][/nowrap], die Feinden [secondary]Kampfmittel-Schaden[/secondary] zufügt. Zusätzlich erhält [primary]Loveless[/primary] erhöhtes [primary]RAM[/primary], wann immer sie einen [secondary]Statuseffekt[/secondary] anwendet.",passive,233,296,359,422,485,402:Progress_Corpohacker_Branch_Virology_02:Branch - Row 2 - 2,green,Virology,病毒学,Вирусология,Virologie,Progress_corpohacker_branch_virology_02,Branch - Row 2 - 2,,Tooltip_CH_Passive_21_DataLeakage,loveless_passive_green_24__green.png,/Game/DLC/Harmonica/uiresources/corpo_hacker_icons/Passives/loveless_passive_green_24.loveless_passive_green_24
402,Char_CorpoHacker,Loveless,Conservation of Volatility,爆炸守恒定律,Сохранение нестабильности,Volatilitätserhalt,"Whenever [primary]Loveless[/primary] damages an enemy with an [secondary]Action Skill[/secondary], she gains a [secondary]chance[/secondary] to spawn a [primary]Contaminant[/primary].[newline][newline][primary]Loveless' Contaminants[/primary] gain increased [secondary]Splash Radius[/secondary]. Whenever a [primary]Contanimant[/primary] is created or destroyed, [primary]Loveless[/primary] gains increased [secondary]Elemental Damage[/secondary].",当[primary]无爱[/primary]用[secondary]主动技能[/secondary]对敌人造成伤害时，有[secondary]几率[/secondary]生成[primary]污染源[/primary]。[newline][newline]提升[primary]无爱的污染源[/primary][secondary]溅射半径[/secondary]。当[primary]污染源[/primary]被生成或摧毁时，提升[primary]无爱[/primary]的[secondary]元素伤害[/secondary]。,"Каждый раз, когда [primary]Нелюбовь[/primary] наносит урон врагу [secondary]активным навыком[/secondary], она получает [secondary]шанс[/secondary] на появление [primary]вредоносной программы[/primary].[newline][newline][primary]Вредоносные программы Нелюбви[/primary] имеют повышенный [secondary]радиус урона по площади[/secondary]. Каждый раз, когда создается или уничтожается [primary]вредоносная программа[/primary], [primary]Нелюбовь[/primary] наносит повышенный [secondary]стихийный урон[/secondary].","Immer wenn [primary]Loveless[/primary] einem Feind mit einem [secondary]Action-Skill[/secondary] Schaden zufügt, erhält sie die [secondary]Chance[/secondary], einen [primary]Kontaminanten[/primary] zu spawnen.[newline][newline][primary]Loveless' Kontaminanten[/primary] erhalten einen erhöhten [secondary]indirekten Schadensradius[/secondary]. Immer wenn ein [primary]Kontaminant[/primary] erzeugt oder zerstört wird, erhält [primary]Loveless[/primary] erhöhten [secondary]Elementarschaden[/secondary].",passive,234,297,360,423,486,402:Progress_Corpohacker_Branch_Virology_02:Branch - Row 2 - 3,green,Virology,病毒学,Вирусология,Virologie,Progress_corpohacker_branch_virology_02,Branch - Row 2 - 3,,Tooltip_CH_Passive_22_ConservationOfVolatility,loveless_passive_green_25__green.png,/Game/DLC/Harmonica/uiresources/corpo_hacker_icons/Passives/loveless_passive_green_25.loveless_passive_green_25
402,Char_CorpoHacker,Loveless,Kernel Panic,内核恐慌,Тревога ядра,Kernpanik,"Whenever [primary]Loveless[/primary] consumes [primary]Contagion[/primary], her [primary]Executable[/primary] gains increased [secondary]Damage[/secondary] and increased [secondary]Radius[/secondary].",当[primary]无爱[/primary]消耗[primary]传染病[/primary]时，提升其[primary]可执行文件[/primary]的[secondary]伤害[/secondary]和[secondary]半径[/secondary]。,"Каждый раз, когда [primary]Нелюбовь[/primary] тратит [primary]""Заражение""[/primary], ее [primary]исполняемый файл[/primary] наносит повышенный [secondary]урон[/secondary] в повышенном [secondary]радиусе[/secondary].","Immer wenn [primary]Loveless[/primary] [primary]Virenbefall[/primary] verbraucht, erhält ihr [primary]Programm[/primary] erhöhten [secondary]Schaden[/secondary] und einen erhöhten [secondary]Radius[/secondary].",passive,236,299,362,425,488,402:Progress_Corpohacker_Branch_Virology_02:Branch - Row 3 - 3,green,Virology,病毒学,Вирусология,Virologie,Progress_corpohacker_branch_virology_02,Branch - Row 3 - 3,,Tooltip_CH_Passive_18_CompoundingDetonation,loveless_passive_green_27__green.png,/Game/DLC/Harmonica/uiresources/corpo_hacker_icons/Passives/loveless_passive_green_27.loveless_passive_green_27
402,Char_CorpoHacker,Loveless,It's Super Effective,效果拔群,Это супер-эффективно,Super effektiv,[primary]Loveless'[/primary] [secondary]Status Effects[/secondary] gain [secondary]Critical Hit Chance[/secondary]against enemies.,提升[primary]无爱[/primary]的[secondary]状态效果[/secondary]对敌人造成的[secondary]暴击率[/secondary]。,[secondary]Временные стихийные эффекты[/secondary] [primary]Нелюбви[/primary] добавляют [secondary]шанс критического попадания[/secondary] по врагам.,[primary]Loveless'[/primary] [secondary]Statuseffekte[/secondary] erhalten eine [secondary]kritische Trefferchance[/secondary] gegen Feinde.,passive,237,300,363,426,489,402:Progress_Corpohacker_Branch_Virology_03:Branch - Row 1 - 1,green,Virology,病毒学,Вирусология,Virologie,Progress_corpohacker_branch_virology_03,Branch - Row 1 - 1,,Tooltip_CH_Passive_25_StatusCritical,loveless_passive_green_28__green.png,/Game/DLC/Harmonica/uiresources/corpo_hacker_icons/Passives/loveless_passive_green_28.loveless_passive_green_28
402,Char_CorpoHacker,Loveless,Conservation of Malice,恶意守恒定律,Сохранение порочности,Boshaftigkeitserhalt,"Whenever [primary]Loveless[/primary] damages an enemy with an [secondary]Action Skill[/secondary], she gains a [secondary]chance[/secondary] to spawn a [primary]Contaminant[/primary].[newline][newline]Whenever [primary]Loveless[/primary] creates or destroys a [primary]Contaminant[/primary], she gains increase [secondary]Gun Damage[/secondary] and increased [secondary]Fire Rate[/secondary].",当[primary]无爱[/primary]用[secondary]主动技能[/secondary]对敌人造成伤害时，有[secondary]几率[/secondary]生成[primary]污染源[/primary]。[newline][newline]当[primary]无爱[/primary]生成或摧毁[primary]污染源[/primary]时，将提升她的[secondary]枪械伤害[/secondary]和[secondary]射速[/secondary]。,"Каждый раз, когда [primary]Нелюбовь[/primary] наносит урон врагу [secondary]активным навыком[/secondary], она получает [secondary]шанс[/secondary] на появление [primary]вредоносной программы[/primary].[newline][newline] Каждый раз, когда [primary]Нелюбовь[/primary] создает или уничтожает [primary]вредоносную программу[/primary], ее [secondary]урон от стрельбы[/secondary] и [secondary]скорострельность[/secondary] повышаются.","Immer wenn [primary]Loveless[/primary] einem Feind mit einem [secondary]Action-Skill[/secondary] Schaden zufügt, erhält sie die [secondary]Chance[/secondary], einen [primary]Kontaminanten[/primary] zu spawnen.[newline][newline]Immer wenn [primary]Loveless[/primary] einen [primary]Kontaminanten[/primary] erzeugt oder zerstört, erhält sie erhöhten [secondary]Waffenschaden[/secondary] und eine erhöhte [secondary]Feuerrate[/secondary].",passive,238,301,364,427,490,402:Progress_Corpohacker_Branch_Virology_03:Branch - Row 1 - 3,green,Virology,病毒学,Вирусология,Virologie,Progress_corpohacker_branch_virology_03,Branch - Row 1 - 3,,Tooltip_CH_Passive_26_ConservationOfMalice,loveless_passive_green_29__green.png,/Game/DLC/Harmonica/uiresources/corpo_hacker_icons/Passives/loveless_passive_green_29.loveless_passive_green_29
402,Char_CorpoHacker,Loveless,When it Rains,落雨之时,Пришла беда,Es regnet,[primary]Loveless[/primary] gains increased [secondary]Critical Hit Damage[/secondary].[newline][newline] [primary]Loveless[/primary] gains [secondary]Critical Hit Chance[/secondary] against enemies for every [secondary]Status Effect[/secondary] applied to them. [primary]Contagion[/primary] doubles this [secondary]chance[/secondary].,提升[primary]无爱[/primary]的[secondary]暴击伤害[/secondary]。[newline][newline][primary]无爱[/primary]每次对敌人施加一个[secondary]状态效果[/secondary]，都会提升针对敌人的[secondary]暴击率[/secondary]。[primary]传染病[/primary]会加倍此[secondary]几率[/secondary]。,"[secondary]Критический урон[/secondary] [primary]Нелюбви[/primary] повышается.[newline][newline]За каждый [secondary]временной стихийный эффект[/secondary], наложенный на врагов, [primary]Нелюбовь[/primary] получает [secondary]шанс критического попадания[/secondary] в них. [primary]""Заражение""[/primary] удваивает этот [secondary]шанс[/secondary].","[primary]Loveless[/primary] erhält erhöhten [secondary]kritischen Trefferschaden[/secondary].[newline][newline][primary]Loveless[/primary] erhält für jeden [secondary]Statuseffekt[/secondary], den sie auf Feinde anwendet, eine [secondary]kritische Trefferchance[/secondary]. [primary]Virenbefall[/primary] verdoppelt diese [secondary]Chance[/secondary].",passive,239,302,365,428,491,402:Progress_Corpohacker_Branch_Virology_03:Branch - Row 2 - 1,green,Virology,病毒学,Вирусология,Virologie,Progress_corpohacker_branch_virology_03,Branch - Row 2 - 1,,Tooltip_CH_Passive_27_WhenItRains,loveless_passive_green_30__green.png,/Game/DLC/Harmonica/uiresources/corpo_hacker_icons/Passives/loveless_passive_green_30.loveless_passive_green_30
402,Char_CorpoHacker,Loveless,Blackhat,黑帽,Черный хакер,Böse Hackerin,[primary]Loveless[/primary] gains [secondary]Lifesteal[/secondary] from [secondary]Status Effect Damage[/secondary].,[primary]无爱[/primary]从[secondary]状态效果伤害[/secondary]中获得[secondary]吸血[/secondary]。,[primary]Нелюбовь[/primary] получает [secondary]кражу здоровья[/secondary] от [secondary]временного стихийного урона[/secondary].,[primary]Loveless[/primary] erhält [secondary]Lebensraub[/secondary] durch [secondary]Statuseffekt-Schaden[/secondary].,passive,240,303,366,429,492,402:Progress_Corpohacker_Branch_Virology_03:Branch - Row 2 - 2,green,Virology,病毒学,Вирусология,Virologie,Progress_corpohacker_branch_virology_03,Branch - Row 2 - 2,,Tooltip_CH_Passive_28_DataThief,loveless_passive_green_31__green.png,/Game/DLC/Harmonica/uiresources/corpo_hacker_icons/Passives/loveless_passive_green_31.loveless_passive_green_31
402,Char_CorpoHacker,Loveless,It Pours,倾盆大雨,Отворяй ворота,In Strömen,"Whenever [primary]Loveless[/primary] [secondary]Critically Hits[/secondary] enemies with [primary]Contagion[/primary], she gains a [secondary]Chance[/secondary] to apply an additional [secondary]Stack[/secondary] of [primary]Contagion[/primary].",当[primary]无爱[/primary]对感染[primary]传染病[/primary]的敌人造成[secondary]暴击[/secondary]时，她有[secondary]几率[/secondary]施加额外[primary]传染病[/primary]层数。,"Каждый раз, когда [primary]Нелюбовь[/primary] [secondary]наносит критический урон[/secondary] врагу [primary]заражением[/primary], она получает [secondary]шанс[/secondary] применить дополнительный [secondary]заряд[/secondary] [primary]""Заражения""[/primary].","Immer wenn [primary]Loveless[/primary] [secondary]kritische Treffer[/secondary] mit [primary]Virenbefall[/primary] landet, erhält sie die [secondary]Chance[/secondary], einen weiteren [primary]Virenbefall[/primary]-Stapel anzuwenden.",passive,242,305,368,431,494,402:Progress_Corpohacker_Branch_Virology_03:Branch - Row 3 - 1,green,Virology,病毒学,Вирусология,Virologie,Progress_corpohacker_branch_virology_03,Branch - Row 3 - 1,,Tooltip_CH_Passive_30_ItPours,loveless_passive_green_33__green.png,/Game/DLC/Harmonica/uiresources/corpo_hacker_icons/Passives/loveless_passive_green_33.loveless_passive_green_33
402,Char_CorpoHacker,Loveless,Memory Leak,内存泄漏,Утечка памяти,Speicherleck,[primary]Loveless[/primary] deals increased [secondary]Gun Damage[/secondary] to enemies for every [secondary]Stack[/secondary] of [primary]Contagion[/primary].,敌人每有一[secondary]层[/secondary][primary]传染病[/primary]，都会提升[primary]无爱[/primary]的[secondary]枪械伤害[/secondary]。,"За каждый [secondary]заряд[/secondary] [primary]""Заражения""[/primary] [primary]Нелюбовь[/primary] наносит повышенный [secondary]урон от стрельбы[/secondary] врагам.",[primary]Loveless[/primary] fügt Feinden für jeden [secondary]Stapel[/secondary] [primary]Virenbefall[/primary] erhöhten [secondary]Waffenschaden[/secondary] zu.,passive,243,306,369,432,495,402:Progress_Corpohacker_Branch_Virology_03:Branch - Row 3 - 3,green,Virology,病毒学,Вирусология,Virologie,Progress_corpohacker_branch_virology_03,Branch - Row 3 - 3,,Tooltip_CH_Passive_31_DeadHorse,loveless_passive_green_34__green.png,/Game/DLC/Harmonica/uiresources/corpo_hacker_icons/Passives/loveless_passive_green_34.loveless_passive_green_34
402,Char_CorpoHacker,Loveless,Storage Upgrade,储物升级,Улучшение хранилища,Speichererweiterung,[primary]Loveless[/primary] gains increased [primary]RAM[/primary]-related [secondary]Damage Bonuses[/secondary].[newline][newline] [nowrap][symb_icon][primary]Symbiosis[/primary][/nowrap] [primary]Effect.[/primary] [primary]Loveless[/primary] gains [nowrap][symb_icon][primary]Symbiosis[/primary][/nowrap][primary]Stacks[/primary] when she spends [primary]RAM[/primary].,提升[primary]无爱[/primary]的[primary]运行内存[/primary]相关[secondary]伤害加成[/secondary]。[newline][newline][nowrap][symb_icon][primary]共生[/primary][/nowrap][primary]效应。[/primary]当[primary]无爱[/primary]消耗[primary]运行内存[/primary]时，会获得[nowrap][symb_icon][primary]共生关系[/primary][/nowrap][primary]叠加[/primary]。,"[primary]Нелюбовь[/primary] получает повышенные [secondary]бонусы к урону[/secondary], связанные с [primary]оперативкой[/primary].[newline][newline][nowrap][symb_icon][primary]Эффект[/primary][/nowrap] [primary]симбиоза.[/primary] [primary]Нелюбовь[/primary] получает [primary]заряды[/primary] [nowrap][symb_icon][primary]симбиоза,[/nowrap][/primary] когда тратит [primary]оперативку[/primary].","[primary]Loveless[/primary] erhält erhöhte [primary]RAM[/primary]-bezogene [secondary]Schadensboni[/secondary].[newline][newline][nowrap][symb_icon][primary]Symbiose[/primary][/nowrap]-[primary]Effekt.[/primary] [primary]Loveless[/primary] erhält [nowrap][symb_icon][primary]Symbiose[/primary][/nowrap]-[primary]Stapel[/primary], wenn sie [primary]RAM[/primary] verbraucht.",passive,244,307,370,433,496,402:progress_corpohacker_branch_Assimilation_01:Branch - Row 1 - 1,red,Manifestation,化身,Призыв,,Progress_corpohacker_branch_Assimilation_01,Branch - Row 1 - 1,,ToolTip_CH_P_69_StorageUpgrade,loveless_passive_red_01__red.png,/Game/DLC/Harmonica/uiresources/corpo_hacker_icons/Passives/loveless_passive_red_01.loveless_passive_red_01
402,Char_CorpoHacker,Loveless,Neurokinetics,神经动力学,Нейрокинетика,Neurokinetik,"When [primary]Loveless[/primary] or [primary]Wyrm[/primary] deal [secondary]Critical Hit Damage[/secondary], [primary]Loveless[/primary] gains [secondary]Increased Melee Damage[/secondary] for a [secondary]duration[/secondary]. [newline][newline] [nowrap][symb_icon][primary]Symbiosis[/primary][/nowrap][primary]Effect.[/primary]When dealing [secondary]Melee Damage[/secondary], [primary]Loveless[/primary] gains a [secondary]chance[/secondary] to [secondary]Heal[/secondary] herself for a portion of the [secondary]damage[/secondary] she dealt. The portion she gets scales with her current amount of [nowrap][symb_icon][primary]Symbiosis Stacks[/primary][/nowrap]. [newline][newline][flavor]They're way above normal.[/flavor]",当[primary]无爱[/primary]或[primary]蛇龙[/primary]造成[secondary]暴击伤害[/secondary]时，[primary]无爱[/primary]在[secondary]一段时间[/secondary]内获得[secondary]近战伤害提升[/secondary]。[newline][newline][nowrap][symb_icon][primary]共生[/primary][/nowrap][primary]效应。[/primary]当造成[secondary]近战伤害[/secondary]时，[primary]无爱[/primary]有[secondary]几率[/secondary]将造成的一部分[secondary]伤害[/secondary]转化为对自己的[secondary]治疗[/secondary]。转换量根据她当前拥有的[nowrap][symb_icon][primary]共生关系叠加[/primary][/nowrap]层数变化。[newline][newline][flavor]远高于普通水平。[/flavor],"Когда [primary]Нелюбовь[/primary] или [primary]Змей[/primary] наносят [secondary]критический урон[/secondary], [secondary]урон в ближнем бою[/secondary] [primary]Нелюбви[/primary] [secondary]временно[/secondary] повышается. [newline][newline] [primary]Эффект[/primary] [nowrap][symb_icon][primary]симбиоза.[/primary][/nowrap] Нанося [secondary]урон в ближнем бою[/secondary], [primary]Нелюбовь[/primary] получает [secondary]шанс[/secondary] [secondary]восстановить[/secondary] часть нанесенного [secondary]урона[/secondary] в качестве своего здоровья. Количество зависит от текущих [nowrap][primary]зарядов [symb_icon]симбиоза.[/nowrap][/primary][newline][newline][flavor]Энергия выше нормы![/flavor]","Wenn [primary]Loveless[/primary] oder der [primary]Wyrm[/primary] [secondary]kritischen Trefferschaden[/secondary] verursachen, erhält [primary]Loveless[/primary] [secondary]vorübergehend[/secondary] [secondary]erhöhten Nahkampfschaden[/secondary].[newline][newline][nowrap][symb_icon][primary]Symbiose[/primary][/nowrap]-[primary]Effekt.[/primary] Beim Verursachen von [secondary]Nahkampfschaden[/secondary] erhält [primary]Loveless[/primary] eine [secondary]Chance[/secondary], sich selbst zu einem Prozentsatz des bewirkten [secondary]Schadens[/secondary] zu [secondary]heilen[/secondary]. Der Prozentsatz steigt mit der aktuellen Anzahl ihrer [nowrap][symb_icon][primary]Symbiose-Stapel[/primary][/nowrap]. [newline][newline][flavor]Das ist weit über normal.[/flavor]",passive,245,308,371,434,497,402:progress_corpohacker_branch_Assimilation_01:Branch - Row 1 - 3,red,Manifestation,化身,Призыв,,Progress_corpohacker_branch_Assimilation_01,Branch - Row 1 - 3,,ToolTip_CH_P_80_NoTimeToThink,loveless_passive_red_15__red.png,/Game/DLC/Harmonica/uiresources/corpo_hacker_icons/Passives/loveless_passive_red_15.loveless_passive_red_15
402,Char_CorpoHacker,Loveless,Power Overwhelming,力量压制,Переполняющая энергия,Überwältigende Macht,[primary]Loveless'[/primary] [primary]Empowered Melee Attack[/primary] gains [secondary]Bonus Elemental Damage[/secondary] based on the [secondary]Gun[/secondary] she currently has [secondary]equipped[/secondary] for a [secondary]duration[/secondary]. Double the [secondary]effect[/secondary] if the current [secondary]Gun[/secondary] is of the [nowrap][radiation_icon][radiation]Radiation Element[/radiation][/nowrap].[newline][newline] [nowrap][symb_icon][primary]Symbiosis[/primary][/nowrap] [primary]Effect.[/primary]The [secondary]Damage Dealt[/secondary] scales with the amount of [nowrap][symb_icon][primary]Symbiosis Stacks[/primary][/nowrap].,[primary]无爱的[/primary][primary]强化近战攻击[/primary]在[secondary]一段时间[/secondary]内获得[secondary]加成元素伤害[/secondary]，数值基于她当前[secondary]装备[/secondary]的[secondary]枪械[/secondary]。如当前[secondary]枪械[/secondary]具有[nowrap][radiation_icon][radiation]辐射元素[/radiation][/nowrap]，则[secondary]效果[/secondary]加倍。[newline][newline][nowrap][symb_icon][primary]共生[/primary][/nowrap][primary]效应。[/primary][secondary]造成的伤害[/secondary]根据[nowrap][symb_icon][primary]共生关系叠加[/primary][/nowrap]层数变化。,"[primary]Усиленная атака в ближнем бою[/primary] [primary]Нелюбви[/primary] получает [secondary]бонус к стихийному урону[/secondary] на [secondary]некоторое время[/secondary] в зависимости от [secondary]выбранного оружия[/secondary]. Если текущая [secondary]пушка[/secondary] имеет [nowrap][radiation_icon][radiation]стихию радиации[/radiation][/nowrap], [secondary]эффект[/secondary] удваивается.[newline][newline] [primary]Эффект[/primary] [nowrap][symb_icon][primary]симбиоза.[/primary][/nowrap] [secondary]Наносимый урон[/secondary] зависит от количества [nowrap][primary]зарядов [symb_icon]симбиоза.[/nowrap][/primary]","[primary]Loveless'[/primary] [primary]ermächtigter Nahkampfangriff[/primary] erhält [secondary]vorübergehend[/secondary] [secondary]Bonus-Elementarschaden[/secondary] auf Basis ihrer aktuell [secondary]ausgerüsteten[/secondary] [secondary]Schusswaffe[/secondary]. Wenn das Element der [secondary]Schusswaffe[/secondary] [nowrap][radiation_icon][radiation]Strahlung[/radiation][/nowrap] ist, wird der [secondary]Effekt[/secondary] verdoppelt.[newline][newline][nowrap][symb_icon][primary]Symbiose[/primary][/nowrap]-[primary]Effekt.[/primary] Der [secondary]verursachte Schaden[/secondary] steigt mit der Anzahl der [nowrap][symb_icon][primary]Symbiose-Stapel[/primary][/nowrap].",passive,246,309,372,435,498,402:progress_corpohacker_branch_Assimilation_01:Branch - Row 2 - 1,red,Manifestation,化身,Призыв,,Progress_corpohacker_branch_Assimilation_01,Branch - Row 2 - 1,,ToolTip_CH_P_81_PowerOverwhelming,loveless_passive_red_16__red.png,/Game/DLC/Harmonica/uiresources/corpo_hacker_icons/Passives/loveless_passive_red_16.loveless_passive_red_16
402,Char_CorpoHacker,Loveless,Perfect Execution,完美执行,Идеальное исполнение,Perfekte Ausführung,[primary]Loveless[/primary] gains [secondary]Critical Hit Chance[/secondary] on all [secondary]Damage Dealt[/secondary] by [nowrap][func_icon][primary]Functions[/primary][/nowrap] and [nowrap][exe_icon][primary]Executables[/primary][/nowrap].,[primary]无爱[/primary]的[nowrap][func_icon][primary]函数功能[/primary][/nowrap]和[nowrap][exe_icon][primary]可执行文件[/primary][/nowrap]造成的所有[secondary]伤害[/secondary]都会获得[secondary]暴击率[/secondary]。,"[primary]Нелюбовь[/primary] получает [secondary]шанс критического попадания[/secondary] [secondary]уроном[/secondary], нанесенным всеми [nowrap][func_icon][primary]функциями[/primary][/nowrap] и [nowrap][exe_icon][primary]исполняемыми файлами[/primary][/nowrap].",[primary]Loveless[/primary] erhält eine [secondary]kritische Trefferchance[/secondary] bei jeglichem durch [nowrap][func_icon][primary]Funktionen[/primary][/nowrap] und [nowrap][exe_icon][primary]Programmen[/primary][/nowrap][secondary]verusachten Schaden[/secondary].,passive,247,310,373,436,499,402:progress_corpohacker_branch_Assimilation_01:Branch - Row 2 - 2,red,Manifestation,化身,Призыв,,Progress_corpohacker_branch_Assimilation_01,Branch - Row 2 - 2,,ToolTip_CH_P_82_ManipulatingRNG,loveless_passive_red_17__red.png,/Game/DLC/Harmonica/uiresources/corpo_hacker_icons/Passives/loveless_passive_red_17.loveless_passive_red_17
402,Char_CorpoHacker,Loveless,Intrusion,入侵,Вторжение,Eingriff,"After dealing [secondary]damage[/secondary] with her [primary]Empowered Melee Attack[/primary], [primary]Loveless[/primary] [secondary]Automatically[/secondary] deals [secondary]Critical Hit Damage[/secondary] for a [secondary]duration[/secondary].",[primary]无爱[/primary]用[primary]强化近战攻击[/primary]造成[secondary]伤害[/secondary]后，会在[secondary]一段时间[/secondary]内[secondary]自动[/secondary]造成[secondary]暴击伤害[/secondary]。,"После того как [primary]Нелюбовь[/primary] наносит урон своей [primary]усиленной атакой в ближнем бою[/primary], она [secondary]автоматически[/secondary] наносит [secondary]критический урон[/secondary] в течение [secondary]некоторого времени[/secondary].","Nachdem [primary]Loveless[/primary] mit ihrem [primary]ermächtigten Nahkampfangriff[/primary] [secondary]Schaden[/secondary] verursacht hat, bewirkt sie [secondary]automatisch[/secondary] [secondary]vorübergehend[/secondary] [secondary]kritischen Trefferschaden[/secondary].",passive,249,312,375,438,501,402:progress_corpohacker_branch_Assimilation_01:Branch - Row 3 - 1,red,Manifestation,化身,Призыв,,Progress_corpohacker_branch_Assimilation_01,Branch - Row 3 - 1,,ToolTip_CH_P_83_Everchanging,loveless_passive_red_19__red.png,/Game/DLC/Harmonica/uiresources/corpo_hacker_icons/Passives/loveless_passive_red_19.loveless_passive_red_19
402,Char_CorpoHacker,Loveless,Fusion Friends-y,友谊聚变,Дружеское типа слияние,Fusionsfreund-lich,[primary]Loveless[/primary] gains increased [secondary]Maximum[/secondary][nowrap][symb_icon][primary]Symbiosis Stacks[/primary][/nowrap]. [newline][newline] [nowrap][symb_icon][primary]Symbiosis[/primary][/nowrap] [primary]Effect.[/primary]When [primary]Loveless[/primary] kills enemies she has a [secondary]chance[/secondary] to gain [nowrap][symb_icon][primary]Symbiosis Stacks[/primary][/nowrap].,增加[primary]无爱[/primary]的[secondary]最大[/secondary][nowrap][symb_icon][primary]共生关系层数[/primary][/nowrap]。[newline][newline][nowrap][symb_icon][primary]共生[/primary][/nowrap][primary]效应。[/primary]当[primary]无爱[/primary]击杀敌人时，有[secondary]几率[/secondary]获得[nowrap][symb_icon][primary]共生关系叠加[/primary][/nowrap]。,"[secondary]Максимум[/secondary] [nowrap][primary]зарядов симбиоза[/primary][/nowrap] [primary]Нелюбви[/primary] повышается. [newline][newline] [primary]Эффект[/primary] [nowrap][symb_icon][primary]симбиоза.[/primary][/nowrap] Когда [primary]Нелюбовь[/primary] убивает врагов, у нее есть [secondary]шанс[/secondary] получить [nowrap][primary]заряды [symb_icon]симбиоза[/primary][/nowrap].","[primary]Loveless[/primary] erhält erhöhte [secondary]maximale[/secondary] [nowrap][symb_icon][primary]Symbiose-Stapel[/primary][/nowrap]. [newline][newline] [nowrap][symb_icon][primary]Symbiose[/primary][/nowrap]-[primary]Effekt.[/primary] Wenn [primary]Loveless[/primary] Feinde tötet, erhält sie eine [secondary]Chance[/secondary] auf [nowrap][symb_icon][primary]Symbiose-Stapel[/primary][/nowrap].",passive,251,314,377,440,503,402:progress_corpohacker_branch_Assimilation_02:Branch - Row 1 - 1,red,Manifestation,化身,Призыв,,Progress_corpohacker_branch_Assimilation_02,Branch - Row 1 - 1,,ToolTip_CH_P_84_DeeperConnexion,loveless_passive_red_21__red.png,/Game/DLC/Harmonica/uiresources/corpo_hacker_icons/Passives/loveless_passive_red_21.loveless_passive_red_21
402,Char_CorpoHacker,Loveless,Great Wyrm,巨型蛇龙,Великий Змей,Großer Wyrm,[primary]Wyrm's[/primary] [secondary]Basic Attacks[/secondary] now deal more [nowrap][radiation_icon][radiation]Radiation Damage[/radiation][/nowrap].[newline][newline] [nowrap][symb_icon][primary]Symbiosis[/primary][/nowrap] [primary]Effect.[/primary] The [secondary]damage[/secondary] now also scales with the current amount of [nowrap][symb_icon][primary]Symbiosis Stacks[/primary][/nowrap]. [newline][newline][flavor]May his passage cleanse the world.[/flavor],[primary]蛇龙[/primary]的[secondary]基础攻击[/secondary]现在造成更高[nowrap][radiation_icon][radiation]辐射伤害[/radiation][/nowrap]。[newline][newline][nowrap][symb_icon][primary]共生[/primary][/nowrap][primary]效应。[/primary][secondary]伤害[/secondary]现在会根据当前[nowrap][symb_icon][primary]共生关系叠加[/primary][/nowrap]层数变化。[newline][newline][flavor]愿它的行迹净化世界。[/flavor],[secondary]Базовые атаки[/secondary] [primary]Змея[/primary] теперь наносят больше [nowrap][radiation_icon][radiation]урона от радиации[/radiation][/nowrap].[newline][newline] [primary]Эффект[/primary] [nowrap][symb_icon][primary]симбиоза.[/primary][/nowrap] [secondary]Урон[/secondary] теперь также зависит от текущего количества [nowrap][primary]зарядов [symb_icon]симбиоза[/primary][/nowrap].[newline][newline][flavor]Да очистит мир его явление.[/flavor],Die [secondary]Basisangriffe[/secondary] des [primary]Wyrms[/primary] verursachen mehr [nowrap][radiation_icon][radiation]Strahlungsschaden[/radiation][/nowrap].[newline][newline][nowrap][symb_icon][primary]Symbiose[/primary][/nowrap]-[primary]Effekt.[/primary] Zudem steigt der [secondary]Schaden[/secondary] jetzt mit der aktuellen Anzahl an [nowrap][symb_icon][primary]Symbiose-Stapeln[/primary][/nowrap].[newline][newline][flavor]Möge sein Dahinscheiden die Welt reinigen.[/flavor],passive,252,315,378,441,504,402:progress_corpohacker_branch_Assimilation_02:Branch - Row 1 - 3,red,Manifestation,化身,Призыв,,Progress_corpohacker_branch_Assimilation_02,Branch - Row 1 - 3,,ToolTip_CH_P_85_EmpoweredWyrm,loveless_passive_red_22__red.png,/Game/DLC/Harmonica/uiresources/corpo_hacker_icons/Passives/loveless_passive_red_22.loveless_passive_red_22
402,Char_CorpoHacker,Loveless,In Memoriam,缅怀纪念,Некролог,,"[primary]Loveless[/primary] gains more [nowrap][symb_icon][primary]Symbiosis Stacks[/primary][/nowrap] when she initially summons [primary]Wyrm[/primary]. [newline][newline]Additionally, when [primary]Wyrm[/primary] dies, [primary]Loveless[/primary] keeps a [secondary]percentage[/secondary] of her current [nowrap][symb_icon][primary]Symbiosis Stacks[/primary][/nowrap]and continues benefitting from [nowrap][symb_icon][primary]Symbiosis Effects.[/primary][/nowrap]",[primary]无爱[/primary]首次召唤[primary]蛇龙[/primary]时，会获得更多[nowrap][symb_icon][primary]共生关系叠加层[/primary][/nowrap]。[newline][newline]此外，当[primary]蛇龙[/primary]死亡时，[primary]无爱[/primary]会保留[secondary]一定比例[/secondary]的[nowrap][symb_icon][primary]共生关系层数[/primary][/nowrap]，并继续获得[nowrap][symb_icon][primary]共生效应[/primary]加成。[/nowrap],"[primary]Нелюбовь[/primary] получает больше [nowrap][primary]зарядов [symb_icon]симбиоза[/primary][/nowrap], когда вызывает [primary]Змея[/primary] в первый раз. [newline][newline]Дополнительно, когда [primary]Змей[/primary] погибает, [primary]Нелюбовь[/primary] сохраняет [secondary]часть[/secondary] текущих [nowrap][primary]зарядов [symb_icon]симбиоза[/primary][/nowrap] и продолжает получать преимущества [nowrap][primary]эффектов [symb_icon]симбиоза.[/primary][/nowrap]","[primary]Loveless[/primary] erhält mehr [nowrap][symb_icon][primary]Symbiose-Stapel[/primary][/nowrap], wenn sie erstmalig den [primary]Wyrm[/primary] herbeiruft.[newline][newline]Wenn der [primary]Wyrm[/primary] stirbt, behält [primary]Loveless[/primary] zudem einen [secondary]Prozentsatz[/secondary] ihrer aktuellen [nowrap][symb_icon][primary]Symbiose-Stapel[/primary][/nowrap] und profitiert weiterhin von [nowrap][symb_icon][primary]Symbiose-Effekten[/primary][/nowrap].",passive,253,316,379,442,505,402:progress_corpohacker_branch_Assimilation_02:Branch - Row 2 - 1,red,Manifestation,化身,Призыв,,progress_corpohacker_branch_Assimilation_02,Branch - Row 2 - 1,,ToolTip_CH_P_86_InMemoriam,loveless_passive_red_23__red.png,/Game/DLC/Harmonica/uiresources/corpo_hacker_icons/Passives/loveless_passive_red_23.loveless_passive_red_23
402,Char_CorpoHacker,Loveless,Feedback,反馈,Отчет об ошибке,,"Whenever [primary]Loveless[/primary] deals [secondary]Melee Damage[/secondary] to an enemy, she gains increased [secondary]Status Effect Damage[/secondary].",当[primary]无爱[/primary]对敌人造成[secondary]近战伤害[/secondary]时，提升她的[secondary]状态效果伤害[/secondary]。,"Каждый раз, когда [primary]Нелюбовь[/primary] наносит [secondary]врагу[/secondary] урон в ближнем бою, ее [secondary]временной стихийный урон[/secondary] повышается.","Immer wenn [primary]Loveless[/primary] [secondary]Nahkampfschaden[/secondary] bei einem Feind verursacht, erhält sie erhöhten [secondary]Statuseffekt-Schaden[/secondary].",passive,255,318,381,444,507,402:progress_corpohacker_branch_Assimilation_02:Branch - Row 2 - 3,red,Manifestation,化身,Призыв,,Progress_corpohacker_branch_Assimilation_02,Branch - Row 2 - 3,,Tooltip_CH_Passive_29_InsultToInjury,loveless_passive_green_32__red.png,/Game/DLC/Harmonica/uiresources/corpo_hacker_icons/Passives/loveless_passive_green_32.loveless_passive_green_32
402,Char_CorpoHacker,Loveless,Host Privileges,宿主特权,Приоритет администратора,Administratorrechte,"When [primary]Loveless[/primary] uses an [nowrap][exe_icon][primary]Executable[/primary][/nowrap], she now spends a quantity of [nowrap][symb_icon][primary]Symbiosis[/primary][/nowrap][primary]Stacks[/primary], converting them into [secondary]Host Privilege Stacks[/secondary]. [newline][newline][secondary]Host Privilege Stacks[/secondary] increase the [secondary]damage[/secondary] caused by [nowrap][func_icon][primary]Functions[/primary][/nowrap] and [nowrap][exe_icon][primary]Executables[/primary][/nowrap].",当[primary]无爱[/primary]使用[nowrap][exe_icon][primary]可执行文件[/primary][/nowrap]时，她现在会花费一定数量的[nowrap][symb_icon][primary]共生关系[/primary][/nowrap][primary]叠加[/primary]，将此叠加转化为[secondary]宿主特权叠加[/secondary]。[newline][newline][secondary]宿主特权叠加[/secondary]会提升[nowrap][func_icon][primary]函数功能[/primary][/nowrap]和[nowrap][exe_icon][primary]可执行文件[/primary][/nowrap]造成的[secondary]伤害[/secondary]。,"Когда [primary]Нелюбовь[/primary] использует [nowrap][exe_icon][primary]исполняемый файл[/primary][/nowrap], она теперь тратит некоторое количество [primary]зарядов[/primary] [nowrap][symb_icon][primary]симбиоза[/primary][/nowrap], переводя их в [secondary]заряды ""Приоритета администратора""[/secondary]. [newline][newline][secondary]Заряды ""Приоритета администратора""[/secondary] повышают [secondary]урон[/secondary] от [nowrap][func_icon][primary]функций[/primary][/nowrap] и [nowrap][exe_icon][primary]исполняемых файлов[/primary][/nowrap].","Wenn [primary]Loveless[/primary] ein [nowrap][exe_icon][primary]Programm[/primary][/nowrap] ausführt, verbraucht sie eine Anzahl an [nowrap][symb_icon][primary]Symbiose[/primary][/nowrap]-[primary]Stapeln[/primary] und wandelt sie in [secondary]Administratorrechte-Stapel[/secondary] um.[newline][newline][secondary]Administratorrechte-Stapel[/secondary] erhöhen den [secondary]Schaden[/secondary] durch [nowrap][func_icon][primary]Funktionen[/primary][/nowrap] und [nowrap][exe_icon][primary]Programme[/primary][/nowrap].",passive,256,319,382,445,508,402:progress_corpohacker_branch_Assimilation_02:Branch - Row 3 - 1,red,Manifestation,化身,Призыв,,Progress_corpohacker_branch_Assimilation_02,Branch - Row 3 - 1,,ToolTip_CH_P_87_SymbiosisOverflow,loveless_passive_red_26__red.png,/Game/DLC/Harmonica/uiresources/corpo_hacker_icons/Passives/loveless_passive_red_26.loveless_passive_red_26
402,Char_CorpoHacker,Loveless,UUDDLRLRBAS,续命秘籍,,,"When [primary]Wyrm[/primary] dies by being damaged by enemies, [secondary]Dead Code[/secondary] spawns at the location of their death. The [secondary]Dead Code[/secondary] deals [nowrap][radiation_icon][radiation]Radiation Damage[/radiation][/nowrap] in an area around it and remains for a time. [primary]Loveless[/primary] and her [secondary]Teammates[/secondary] can [secondary]Shoot[/secondary] the [secondary]Dead Code[/secondary]. [newline][newline]If [secondary]Loveless[/secondary] or her [secondary]Teammates[/secondary] destroy the [secondary]Dead Code[/secondary], [primary]Wyrm[/primary] respawns, restarting [primary]Malignant Construct[/primary] at no cost. [newline][newline]If the [secondary]Dead Code[/secondary] phases out on its own, the [secondary]Action Skill Cooldown[/secondary] starts.",当[primary]蛇龙[/primary]被敌人击杀时，会在其死亡位置生成[secondary]死亡代码[/secondary]。该[secondary]死亡代码[/secondary]会持续一段时间并在自身周围造成范围[nowrap][radiation_icon][radiation]辐射伤害[/radiation][/nowrap]。[primary]无爱[/primary]及其[secondary]队友[/secondary]可[secondary]射击[/secondary][secondary]死亡代码[/secondary]。[newline][newline]如[secondary]无爱[/secondary]或[secondary]队友[/secondary]摧毁[secondary]死亡代码[/secondary]，[primary]蛇龙[/primary]将重生，并免费重新开始[primary]恶性构造[/primary]。[newline][newline]如[secondary]死亡代码[/secondary]自行消失，则进入[secondary]主动技能冷却时间[/secondary]。,"Когда [primary]Змей[/primary] умирает от урона, нанесенного врагами, на месте его гибели появляется [secondary]нерабочий код[/secondary]. [secondary]Нерабочий код[/secondary] наносит [nowrap][radiation_icon][radiation]урон от радиации[/radiation][/nowrap] в области вокруг себя и существует некоторое время. [primary]Нелюбовь[/primary] и ее [secondary]союзники[/secondary] могут [secondary]стрелять[/secondary] в [secondary]нерабочий код[/secondary]. [newline][newline]Если [secondary]Нелюбовь[/secondary] или ее [secondary]союзники[/secondary] уничтожат [secondary]нерабочий код[/secondary], [primary]Змей[/primary] появится снова, и эффект [primary]""Злокачественный конструкт""[/primary] снова начнется бесплатно.[newline][newline]Если [secondary]нерабочий код[/secondary] исчезает сам по себе, начинается [secondary]время восстановления активного навыка[/secondary].","Wenn der [primary]Wyrm[/primary] durch feindlichen Schaden getötet wird, erscheint an derselben Stelle ein [secondary]Toter Code[/secondary]. Der [secondary]Tote Code[/secondary] bleibt eine Zeitlang und verursacht [nowrap][radiation_icon][radiation]Strahlungsschaden[/radiation][/nowrap] im Umkreis. [primary]Loveless[/primary] und ihre [secondary]Teammitglieder[/secondary] können auf den [secondary]Toten Code[/secondary] [secondary]schießen[/secondary].[newline][newline]Wenn [secondary]Loveless[/secondary] oder ihre [secondary]Teammitglieder[/secondary] den [secondary]Toten Code[/secondary] zerstören, spawnt der [primary]Wyrm[/primary] wieder und beginnt kostenlos mit [primary]Bösartiges Konstrukt[/primary].[newline][newline]Wenn der [secondary]Tote Code[/secondary] von alleine verschwindet, startet die [secondary]Action-Skill-Abklingzeit[/secondary]",passive,257,320,383,446,509,402:progress_corpohacker_branch_Assimilation_02:Branch - Row 3 - 3,red,Manifestation,化身,Призыв,,Progress_corpohacker_branch_Assimilation_02,Branch - Row 3 - 3,,ToolTip_CH_P_88_FNXdotBat,loveless_passive_red_27__red.png,/Game/DLC/Harmonica/uiresources/corpo_hacker_icons/Passives/loveless_passive_red_27.loveless_passive_red_27
402,Char_CorpoHacker,Loveless,Status Update,状态更新,Отчет о состоянии,Statusbericht,"When [primary]Loveless[/primary] applies a [secondary]Status Effect[/secondary], [primary]Loveless[/primary] gains [secondary]Bonus Gun Damage[/secondary] from that [secondary]Element[/secondary] for a [secondary]duration[/secondary]. Double the [secondary]effect[/secondary] if [nowrap][radiation_icon][radiation]Irradiation[/radiation][/nowrap] is the [secondary]effect[/secondary] applied.[newline][newline] [nowrap][symb_icon][primary]Symbiosis[/primary][/nowrap] [primary]Effect.[/primary][primary]Loveless[/primary] gains increased [secondary]Status Effect Chance[/secondary], scaling with [nowrap][symb_icon][primary]Symbiosis Stacks[/primary][/nowrap]. [newline][newline][flavor]I don't want to talk about it...[/flavor]",当[primary]无爱[/primary]施加[secondary]状态效果[/secondary]时，[primary]无爱[/primary]会在[secondary]一段时间[/secondary]内获得来自该[secondary]元素[/secondary]的[secondary]加成枪械伤害[/secondary]。如施加的[secondary]效果[/secondary]为[nowrap][radiation_icon][radiation]辐照[/radiation][/nowrap]，则[secondary]效果[/secondary]加倍。[newline][newline][nowrap][symb_icon][primary]共生[/primary][/nowrap][primary]效应。[/primary]增加[primary]无爱[/primary]的[secondary]状态效果率[/secondary]，数值根据[nowrap][symb_icon][primary]共生关系叠加[/primary][/nowrap]层数变化。[newline][newline][flavor]我不想聊这个...[/flavor],"Когда [primary]Нелюбовь[/primary] накладывает [secondary]временной стихийный эффект[/secondary], [primary]Нелюбовь[/primary] [secondary]временно[/secondary] наносит [secondary]дополнительный урон от стрельбы[/secondary] от этой [secondary]стихии[/secondary]. Если наложенный [secondary]эффект[/secondary] - [nowrap][radiation_icon][radiation]облучение[/radiation][/nowrap], [secondary]эффект[/secondary] удваивается.[newline][newline] [primary]Эффект[/primary] [nowrap][symb_icon][primary]симбиоза.[/primary][/nowrap] [secondary]Шанс стихийного эффекта[/secondary] [primary]Нелюбви[/primary] повышается в зависимости от числа [nowrap][primary]зарядов [symb_icon]симбиоза[/primary][/nowrap].[newline][newline][flavor]Я не хочу об этом говорить…[/flavor]","Wenn [primary]Loveless[/primary] einen [secondary]Statuseffekt[/secondary] anwendet, erhält sie [secondary]vorübergehend[/secondary] [secondary]Bonus-Schusswaffen-Schaden[/secondary] durch dieses [secondary]Element[/secondary]. Im Falle von [nowrap][radiation_icon][radiation]Bestrahlung[/radiation][/nowrap] wird der [secondary]Effekt[/secondary] verdoppelt.[newline][newline][nowrap][symb_icon][primary]Symbiose[/primary][/nowrap]-[primary]Effekt.[/primary] [primary]Loveless[/primary] erhält eine erhöhte [secondary]Statuseffekt-Chance[/secondary], die mit der Anzahl an [nowrap][symb_icon][primary]Symbiose-Stapeln[/primary][/nowrap] steigt.[newline][newline][flavor]Ich will nicht darüber reden ...[/flavor]",passive,258,321,384,447,510,402:progress_corpohacker_branch_Assimilation_03:Branch - Row 1 - 1,red,Manifestation,化身,Призыв,,Progress_corpohacker_branch_Assimilation_03,Branch - Row 1 - 1,,ToolTip_CH_P_89_WhatsYourStatus,loveless_passive_red_28__red.png,/Game/DLC/Harmonica/uiresources/corpo_hacker_icons/Passives/loveless_passive_red_28.loveless_passive_red_28
402,Char_CorpoHacker,Loveless,Explosive Mindset,爆炸思维,Взрывное мышление,Explosive Gesinnung,[primary]Loveless[/primary] gains increased [secondary]Ordnance Damage[/secondary]. [newline][newline] [nowrap][symb_icon][primary]Symbiosis[/primary][/nowrap] [primary]Effect.[/primary]Now also scales with the amount of [nowrap][symb_icon][primary]Symbiosis Stacks[/primary][/nowrap] that [primary]Loveless[/primary]currently has.,提升[primary]无爱[/primary]的[secondary]炮械伤害[/secondary]。[newline][newline][nowrap][symb_icon][primary]共生[/primary][/nowrap][primary]效应。[/primary]该加成现在还会根据[primary]无爱[/primary]当前拥有的[nowrap][symb_icon][primary]共生关系叠加[/primary][/nowrap]层数而变化。,[secondary]Урон от снарядов[/secondary] [primary]Нелюбви[/primary] повышается. [newline][newline][primary]Эффект[/primary] [nowrap][symb_icon][primary]симбиоза[/primary][/nowrap] теперь также зависит от текущего количества [nowrap][primary]зарядов [symb_icon]симбиоза[/primary][/nowrap] у [primary]Нелюбви[/primary].,"[primary]Loveless[/primary] erhält erhöhten [secondary]Kampfmittel-Schaden[/secondary].[newline][newline][nowrap][symb_icon][primary]Symbiose[/primary][/nowrap]-[primary]Effekt.[/primary] Steigt nun mit der Anzahl an [nowrap][symb_icon][primary]Symbiose-Stapeln[/primary][/nowrap], über die [primary]Loveless[/primary] aktuell verfügt.",passive,259,322,385,448,511,402:progress_corpohacker_branch_Assimilation_03:Branch - Row 1 - 3,red,Manifestation,化身,Призыв,,Progress_corpohacker_branch_Assimilation_03,Branch - Row 1 - 3,,ToolTip_CH_P_90_ExplosiveMindset,loveless_passive_red_29__red.png,/Game/DLC/Harmonica/uiresources/corpo_hacker_icons/Passives/loveless_passive_red_29.loveless_passive_red_29
402,Char_CorpoHacker,Loveless,IHATEYOU,我恨你,НЕНАВИЖУТЕБЯ,HASSEDICH,"Enemies killed by [primary]Loveless[/primary] with [nowrap][radiation_icon][radiation]Radiation Damage[/radiation][/nowrap] spawn a [secondary]Shuriken[/secondary], targeting a random enemy.[newline][newline] [nowrap][symb_icon][primary]Symbiosis[/primary][/nowrap] [primary]Effect.[/primary] [secondary]Shurikens[/secondary] deal [nowrap][radiation_icon][radiation]Radiation Damage[/radiation][/nowrap] in an area on impact, its [secondary]damage[/secondary] scales with the current amount of [nowrap][symb_icon][primary]Symbiosis Stacks[/primary][/nowrap]. [newline][newline][flavor]Scream it![/flavor]",被[primary]无爱[/primary]用[nowrap][radiation_icon][radiation]辐射伤害[/radiation][/nowrap]击杀的敌人会生成[secondary]手里剑[/secondary]，并瞄准随机敌人。[newline][newline][nowrap][symb_icon][primary]共生[/primary][/nowrap][primary]效应。[/primary][secondary]手里剑[/secondary]在撞击时会造成范围[nowrap][radiation_icon][radiation]辐射伤害[/radiation][/nowrap]，其[secondary]伤害[/secondary]会根据当前[nowrap][symb_icon][primary]共生关系叠加[/primary][/nowrap]层数变化。[newline][newline][flavor]喊出它的名字！[/flavor],"Когда [primary]Нелюбовь[/primary] убивает врага [nowrap][radiation_icon][radiation]уроном от радиации[/radiation][/nowrap], появляется [secondary]сюрикен[/secondary] и наводится на случайного врага.[newline][newline] [primary]Эффект[/primary] [nowrap][symb_icon][primary]симбиоза:[/primary][/nowrap] при попадании [secondary]сюрикены[/secondary] наносят [nowrap][radiation_icon][radiation]урон от радиации[/radiation][/nowrap] в области попадания; величина [secondary]урона[/secondary] зависит от текущего количества [nowrap][primary]зарядов [symb_icon]симбиоза[/primary][/nowrap]. [newline][newline][flavor]Кричи во всё горло![/flavor]","Von [primary]Loveless[/primary] mit [nowrap][radiation_icon][radiation]Strahlungsschaden[/radiation][/nowrap] getötete Feinde erzeugen einen [secondary]Shuriken[/secondary], der einen zufälligen Feind angreift. [newline][newline][nowrap][symb_icon][primary]Symbiose[/primary][/nowrap]-[primary]Effekt[/primary]. [secondary]Shuriken[/secondary] verursachen bei Kontakt [nowrap][radiation_icon][radiation]Strahlungsschaden[/radiation][/nowrap] in einem Bereich, der mit der aktuellen Anzahl an [nowrap][symb_icon][primary]Symbiose-Stapeln[/primary][/nowrap] ansteigt.[newline][newline][flavor]Schrei es![/flavor]",passive,260,323,386,449,512,402:progress_corpohacker_branch_Assimilation_03:Branch - Row 2 - 1,red,Manifestation,化身,Призыв,,Progress_corpohacker_branch_Assimilation_03,Branch - Row 2 - 1,,ToolTip_CH_P_91_IHATEYOU,loveless_passive_red_30__red.png,/Game/DLC/Harmonica/uiresources/corpo_hacker_icons/Passives/loveless_passive_red_30.loveless_passive_red_30
402,Char_CorpoHacker,Loveless,Glass 'Em!,把他们变成玻璃！,Тут без стакана никак!,Strahlkraft,"When [primary]Wyrm[/primary] [secondary]Kills[/secondary] an enemy, a [nowrap][radiation_icon][radiation]Radiation Nova[/radiation][/nowrap] [secondary]Explodes[/secondary] on them, dealing [nowrap][radiation_icon][radiation]Radiation Damage[/radiation][/nowrap] in an area.[newline][newline] Enemies touched by the [nowrap][radiation_icon][radiation]Radiation Nova[/radiation][/nowrap] immediately get [nowrap][radiation_icon][radiation]Irradiated[/radiation][/nowrap].",当[primary]蛇龙[/primary][secondary]击杀[/secondary]敌人时，会在敌人身上引发[nowrap][radiation_icon][radiation]辐射星爆[/radiation][/nowrap][secondary]爆炸[/secondary]，造成范围[nowrap][radiation_icon][radiation]辐射伤害[/radiation][/nowrap]。[newline][newline]被[nowrap][radiation_icon][radiation]辐射星爆[/radiation][/nowrap]波及的敌人会立即遭受[nowrap][radiation_icon][radiation]辐照[/radiation][/nowrap]。,"Когда [primary]Змей[/primary] [secondary]убивает[/secondary] врага, на враге [secondary]взрывается[/secondary] [nowrap][radiation_icon][radiation]радиоактивная волна[/radiation][/nowrap], нанося [nowrap][radiation_icon][radiation]урон от радиации[/radiation][/nowrap] в области.[newline][newline] Враги, которых коснулась [nowrap][radiation_icon][radiation]радиоактивная волна[/radiation][/nowrap], немедленно становятся [nowrap][radiation_icon][radiation]облученными[/radiation][/nowrap].","Wenn der [primary]Wyrm[/primary] einen Feind [secondary]tötet[/secondary], [secondary]explodiert[/secondary] eine [nowrap][radiation_icon][radiation]Strahlungs-Nova[/radiation][/nowrap] und fügt Feinden im Umkreis [nowrap][radiation_icon][radiation]Strahlungsschaden[/radiation][/nowrap] zu.[newline][newline]Von der [nowrap][radiation_icon][radiation]Strahlungs-Nova[/radiation][/nowrap] erfasste Feinde werden sofort [nowrap][radiation_icon][radiation]verstrahlt[/radiation][/nowrap].",passive,262,325,388,451,514,402:progress_corpohacker_branch_Assimilation_03:Branch - Row 2 - 3,red,Manifestation,化身,Призыв,,Progress_corpohacker_branch_Assimilation_03,Branch - Row 2 - 3,,ToolTip_CH_P_92_IrradiateEmAll,loveless_passive_red_32__red.png,/Game/DLC/Harmonica/uiresources/corpo_hacker_icons/Passives/loveless_passive_red_32.loveless_passive_red_32
402,Char_CorpoHacker,Loveless,Second Impact,二次冲击,Второй удар,Kontaktstark,"[secondary]Shurikens[/secondary] now have a [secondary]chance[/secondary] to spawn when [primary]Loveless[/primary] and [primary]Wyrm[/primary] deal [secondary]Non-Status Effect[/secondary] [nowrap][radiation_icon][radiation]Radiation Damage[/radiation][/nowrap] to enemies, targeting a random nearby enemy.",[primary]无爱[/primary]和[primary]蛇龙[/primary]现在对敌人造成[secondary]非状态效果[/secondary]的[nowrap][radiation_icon][radiation]辐射伤害[/radiation][/nowrap]时，有[secondary]几率[/secondary]生成[secondary]手里剑[/secondary]，并瞄准附近随机敌人。,"[secondary]Сюрикены[/secondary] имеют [secondary]шанс[/secondary] появления, когда [primary]Нелюбовь[/primary] и [primary]Змей[/primary] наносят врагам [nowrap][radiation_icon][radiation]урон от радиации[/radiation][/nowrap] [secondary]не в качестве стихийного эффекта[/secondary]. Цель - случайный враг поблизости.","[secondary]Shuriken[/secondary] haben jetzt eine [secondary]Chance[/secondary] zu spawnen, wenn [primary]Loveless[/primary] und der [primary]Wyrm[/primary] [secondary]Nicht-Statuseffekt[/secondary]-[nowrap][radiation_icon][radiation]Strahlungsschaden[/radiation][/nowrap] bei Feinden verursachen, wobei sie einen zufälligen Feind in der Nähe anvisieren.",passive,263,326,389,452,515,402:progress_corpohacker_branch_Assimilation_03:Branch - Row 3 - 1,red,Manifestation,化身,Призыв,,progress_corpohacker_branch_Assimilation_03,Branch - Row 3 - 1,,ToolTip_CH_P_93_SecondImpact,loveless_passive_red_33__red.png,/Game/DLC/Harmonica/uiresources/corpo_hacker_icons/Passives/loveless_passive_red_33.loveless_passive_red_33
402,Char_CorpoHacker,Loveless,Methodical,有条不紊,МЕТОДИЧНЫЙ,,"[primary]Loveless[/primary] gains increased [secondary]Gun Damage[/secondary] based on her [secondary]Gun's Fire Rate[/secondary]. The lower the [secondary]Fire Rate[/secondary], the greater the [secondary]Bonus[/secondary].",根据[primary]无爱[/primary]的[secondary]枪械射速[/secondary]提升她的[secondary]枪械伤害[/secondary]。[secondary]射速[/secondary]越低，[secondary]加成[/secondary]效果越大。,"[secondary]Урон от стрельбы[/secondary] [primary]Нелюбви[/primary] повышается в зависимости от [secondary]скорострельности ее пушки[/secondary]. Чем меньше [secondary]скорострельность[/secondary], тем выше [secondary]бонус[/secondary].","[primary]Loveless[/primary] erhält erhöhten [secondary]Schusswaffen-Schaden[/secondary] basierend auf der [secondary]Feuerrate[/secondary] ihrer [secondary]Schusswaffe[/secondary]. Je niedriger die [secondary]Feuerrate[/secondary], desto größer ist der [secondary]Bonus[/secondary].",passive,265,328,391,454,517,402:Progress_Corpohacker_Branch_HackAndSlash_01:Branch - Row 1 - 1,blue,Hack / Slash,破解/劈砍,Ломай / руби,,Progress_corpohacker_branch_HackAndSlash_01,Branch - Row 1 - 1,,Tooltip_CH_Passive_47_Methodical,loveless_passive_blue_14__blue.png,/Game/DLC/Harmonica/uiresources/corpo_hacker_icons/Passives/loveless_passive_blue_14.loveless_passive_blue_14
402,Char_CorpoHacker,Loveless,Biathlon,冬季两项,Биатлон,,"[secondary]Footwork Skill. Moving[/secondary] generates [secondary]Stacks[/secondary] of [secondary]Footwork[/secondary]. [primary]Loveless[/primary] gains [secondary]Movement Speed[/secondary] for each [secondary]Stack[/secondary]of [secondary]Footwork[/secondary].[newline][newline][secondary]Footwork Stacks[/secondary] now provide [secondary]Reload Speed[/secondary]. When at [secondary]Max Stacks[/secondary], [primary]Loveless'[/primary] next [secondary]Critical Hit[/secondary] with a [secondary]Sniper Rifle[/secondary] consumes the [secondary]Stacks[/secondary] to deal [secondary]Bonus Radiation Melee Damage[/secondary].[newline][newline][flavor]I thought it was biathalon![/flavor]",[secondary]步法技能。移动[/secondary]会生成[secondary]步法[/secondary][secondary]叠加[/secondary]。每有一[secondary]层[/secondary][secondary]步法[/secondary]，都会提升[primary]无爱[/primary]的[secondary]移动速度[/secondary]。[newline][newline][secondary]步法叠加[/secondary]现在会提升[secondary]装填速度[/secondary]。当达到[secondary]最大层数[/secondary]时，[primary]无爱[/primary]用[secondary]狙击枪[/secondary]造成的下一次[secondary]暴击[/secondary]将消耗[secondary]叠加[/secondary]并造成[secondary]加成辐射近战伤害[/secondary]。[newline][newline][flavor]我还以为是冬季两项呢！[/flavor],"[secondary]Навык лавирования. Перемещение[/secondary] создает [secondary]заряды[/secondary] [secondary]лавирования[/secondary]. [primary]Нелюбовь[/primary] получает [secondary]скорость перемещения[/secondary] за каждый [secondary]заряд[/secondary] [secondary]лавирования[/secondary].[newline][newline][secondary]Заряды лавирования[/secondary] дают [secondary]скорость перезарядки[/secondary]. Когда [secondary]количество зарядов максимально[/secondary], следующее [secondary]критическое попадание[/secondary] [primary]Нелюбви[/primary] из [secondary]снайперской винтовки[/secondary] тратит [secondary]заряды[/secondary], чтобы нанести [secondary]дополнительный урон от радиации в ближнем бою[/secondary].[newline][newline][flavor]Оказывается, это не ""биослон""![/flavor]",[secondary]Beinarbeit-Skill. Fortbewegung[/secondary] erzeugt [secondary]Beinarbeit-Stapel[/secondary]. [primary]Loveless[/primary] erhält [secondary]Bewegungsgeschwindigkeit[/secondary] für jeden [secondary]Beinarbeit-Stapel[/secondary].[newline][newline][secondary]Beinarbeit-Stapel[/secondary] gewähren jetzt [secondary]Nachladegeschwindigkeit[/secondary]. Bei [secondary]maximalen Stapeln[/secondary] verbraucht [primary]Loveless'[/primary] nächster [secondary]kritischer Treffer[/secondary] mit einer [secondary]Sniper Rifle[/secondary] die [secondary]Stapel[/secondary] und verursacht [secondary]Bonus-Strahlungs-Nahkampfschaden[/secondary].[newline][newline][flavor]So schreibt man also Biathlon![/flavor],passive,266,329,392,455,518,402:Progress_Corpohacker_Branch_HackAndSlash_01:Branch - Row 1 - 3,blue,Hack / Slash,破解/劈砍,Ломай / руби,,Progress_corpohacker_branch_HackAndSlash_01,Branch - Row 1 - 3,,Tooltip_CH_Passive_49_Marathon,loveless_passive_blue_16__blue.png,/Game/DLC/Harmonica/uiresources/corpo_hacker_icons/Passives/loveless_passive_blue_16.loveless_passive_blue_16
402,Char_CorpoHacker,Loveless,Retribution,复仇,Воздаяние,Umverteilung,"When a [primary]Clone[/primary] dies, [primary]Loveless[/primary] gains increased [secondary]Gun[/secondary] and [secondary]Critical Hit Damage[/secondary] for a [secondary]Duration[/secondary].",当[secondary]克隆体[/secondary]死亡时，在[secondary]一段时间[/secondary]内提升[primary]无爱[/primary]的[secondary]枪械[/secondary]和[secondary]暴击伤害[/secondary]。,"Когда погибает [secondary]клон[/secondary], [secondary]урон от стрельбы[/secondary] и [secondary]критический урон[/secondary] [primary]Нелюбви[/primary] [secondary]временно[/secondary] повышаются.","Wenn ein [secondary]Klon[/secondary] stirbt, erhält [primary]Loveless[/primary] [secondary]vorübergehend[/secondary] erhöhten [secondary]Schusswaffen-Schaden[/secondary] und [secondary]kritischen Trefferschaden[/secondary].",passive,268,331,394,457,520,402:Progress_Corpohacker_Branch_HackAndSlash_01:Branch - Row 2 - 2,blue,Hack / Slash,破解/劈砍,Ломай / руби,,Progress_corpohacker_branch_HackAndSlash_01,Branch - Row 2 - 2,,Tooltip_CH_Passive_50_Retribution,loveless_passive_blue_17__blue.png,/Game/DLC/Harmonica/uiresources/corpo_hacker_icons/Passives/loveless_passive_blue_17.loveless_passive_blue_17
402,Char_CorpoHacker,Loveless,Infinite Murder Hack,无限杀戮黑客,Чит на бесконечные убийства,'Unbegrenzt morden'-Hack,[secondary]Sniper Rifle Critical Hits[/secondary] have a [secondary]chance[/secondary] of [secondary]refunding[/secondary] the [secondary]bullet[/secondary] back to your [secondary]Magazine[/secondary].,[secondary]狙击枪暴击[/secondary]有[secondary]几率[/secondary][secondary]返还[/secondary][secondary]弹匣[/secondary]内的[secondary]弹药[/secondary]。,После [secondary]критических попаданий из снайперской винтовки[/secondary] есть [secondary]шанс[/secondary] [secondary]возвращения[/secondary] [secondary]пули[/secondary] обратно в ваш [secondary]магазин[/secondary].,"[secondary]Kritische Sniper-Rifle-Treffer[/secondary] haben eine [secondary]Chance[/secondary], deinem [secondary]Magazin[/secondary] die [secondary]Kugeln[/secondary] [secondary]zurückzuerstatten[/secondary].",passive,269,332,395,458,521,402:Progress_Corpohacker_Branch_HackAndSlash_01:Branch - Row 2 - 3,blue,Hack / Slash,破解/劈砍,Ломай / руби,,Progress_corpohacker_branch_HackAndSlash_01,Branch - Row 2 - 3,,Tooltip_CH_Passive_51_InfiniteMurderHack,loveless_passive_blue_18__blue.png,/Game/DLC/Harmonica/uiresources/corpo_hacker_icons/Passives/loveless_passive_blue_18.loveless_passive_blue_18
402,Char_CorpoHacker,Loveless,Killing Machine,杀戮机器,Машина убийства,Mordmaschine,[secondary]Kill Skill.[/secondary] [primary]Loveless[/primary] fully restores her [primary]Function Cooldown[/primary] and partially restores her [primary]Executable Cooldown[/primary].,[secondary]杀戮技能。[/secondary][primary]无爱[/primary]完全恢复[primary]函数功能冷却时间[/primary]，并部分恢复[primary]可执行文件冷却时间[/primary]。,[secondary]Навык убийства.[/secondary] [primary]Нелюбовь[/primary] полностью обнуляет [primary]время восстановления функции[/primary] и частично сокращает [primary]время восстановления исполняемого файла[/primary].,[secondary]Kill-Skill:[/secondary] [primary]Loveless[/primary] stellt vollständig ihre [primary]Funktions-Abklingzeit[/primary] und teilweise ihre [primary]Programm-Abklingzeit[/primary] wieder her.,passive,270,333,396,459,522,402:Progress_Corpohacker_Branch_HackAndSlash_01:Branch - Row 3 - 1,blue,Hack / Slash,破解/劈砍,Ломай / руби,,Progress_corpohacker_branch_HackAndSlash_01,Branch - Row 3 - 1,,Tooltip_CH_Passive_48_KillingMachine,loveless_passive_blue_15__blue.png,/Game/DLC/Harmonica/uiresources/corpo_hacker_icons/Passives/loveless_passive_blue_15.loveless_passive_blue_15
402,Char_CorpoHacker,Loveless,Refactored Damage Formula,重构伤害公式,Реорганизованная формула урона,Verbesserte Schadensformel,[primary]Loveless'[/primary] [secondary]Sniper Rifle Damage[/secondary] is multiplied.[newline][newline][flavor]We were getting sick of soup.[/flavor],[primary]无爱的[/primary][secondary]狙击枪伤害[/secondary]将倍增。[newline][newline][flavor]我们不想再喝汤了。[/flavor],[secondary]Урон от снайперских винтовок[/secondary] [primary]Нелюбви[/primary] умножается.[newline][newline][flavor]Суп у нас уже вот где.[/flavor],[primary]Loveless'[/primary] [secondary]Sniper-Rifle-Schaden[/secondary] wird multipliziert.[newline][newline][flavor]Wir hatten genug von Suppe.[/flavor],passive,271,334,397,460,523,402:Progress_Corpohacker_Branch_HackAndSlash_01:Branch - Row 3 - 3,blue,Hack / Slash,破解/劈砍,Ломай / руби,,Progress_corpohacker_branch_HackAndSlash_01,Branch - Row 3 - 3,,Tooltip_CH_Passive_53_Refactored,loveless_passive_blue_20__blue.png,/Game/DLC/Harmonica/uiresources/corpo_hacker_icons/Passives/loveless_passive_blue_20.loveless_passive_blue_20
402,Char_CorpoHacker,Loveless,Third Party,第三方,Третья сторона,Außenstehende,[primary]Loveless[/primary] gains increased [secondary]Action Skill Damage[/secondary] and [secondary]Status Effect Damage[/secondary].[newline][newline]This [secondary]bonus[/secondary] is increased for each active [primary]Clone[/primary] or if [primary]Wyrm[/primary] is active.,提升[primary]无爱[/primary]的[secondary]主动技能伤害[/secondary]和[secondary]状态效果伤害[/secondary]。[newline][newline]每有一个活跃[primary]克隆体[/primary]或[primary]蛇龙[/primary]处于活跃状态，都将提升此[secondary]加成[/secondary]。,"[primary]Нелюбовь[/primary] наносит повышенный [secondary]урон от активного навыка[/secondary] и [secondary]временной стихийный урон[/secondary].[newline][newline]Этот бонус увеличивается за каждого [primary]клона[/primary], если активен [primary]Змей[/primary].",[primary]Loveless[/primary] erhält erhöhten [secondary]Action-Skill-Schaden[/secondary] und [secondary]Statuseffekt-Schaden[/secondary].[newline][newline]Dieser [secondary]Bonus[/secondary] erhöht sich mit jedem aktiven [primary]Klon[/primary] oder wenn der [primary]Wyrm[/primary] aktiv ist.,passive,272,335,398,461,524,402:Progress_Corpohacker_Branch_HackAndSlash_02:Branch - Row 1 - 1,blue,Hack / Slash,破解/劈砍,Ломай / руби,,Progress_corpohacker_branch_HackAndSlash_02,Branch - Row 1 - 1,,Tooltip_CH_Passive_56_ThirdParty,loveless_passive_blue_22__blue.png,/Game/DLC/Harmonica/uiresources/corpo_hacker_icons/Passives/loveless_passive_blue_22.loveless_passive_blue_22
402,Char_CorpoHacker,Loveless,The Sweet Science,甜蜜科学,Славная наука,Wissenschaftswonne,"[secondary]Footwork Skill. Moving[/secondary] generates [secondary]Stacks[/secondary] of [secondary]Footwork[/secondary]. [primary]Loveless[/primary] gains [secondary]Movement Speed[/secondary] for each [secondary]Footwork Stack[/secondary].[newline][newline][secondary]Footwork Stacks[/secondary] now provide [secondary]Melee Damage[/secondary]. When at [secondary]Max Stacks[/secondary], enemies damaged by [primary]Loveless' Empowered Melee[/primary] receive a random [secondary]Status Effect[/secondary].",[secondary]步法技能。移动[/secondary]会生成[secondary]步法[/secondary][secondary]叠加[/secondary]。[primary]无爱[/primary]每有一层[secondary]步法叠加[/secondary]，都会提升[secondary]移动速度[/secondary]。[newline][newline][secondary]步法叠加[/secondary]现在会提供[secondary]近战伤害[/secondary]。当达到[secondary]最大层数[/secondary]时，受到[primary]无爱的强化近战[/primary]伤害的敌人会获得一个随机[secondary]状态效果[/secondary]。,"[secondary]Навык лавирования. Перемещение[/secondary] создает [secondary]заряды[/secondary] [secondary]лавирования[/secondary]. [primary]Нелюбовь[/primary] получает [secondary]скорость перемещения[/secondary] за каждый [secondary]заряд лавирования[/secondary].[newline][newline][secondary]Заряды лавирования[/secondary] теперь дают [secondary]урон в ближнем бою[/secondary]. Когда [secondary]количество зарядов максимально[/secondary], враги, получившие урон от [primary]усиленного ближнего боя Нелюбви[/primary], также получат случайный [secondary]временной стихийный эффект[/secondary].","[secondary]Beinarbeit-Skill. Fortbewegung[/secondary] erzeugt [secondary]Beinarbeit-Stapel[/secondary]. [primary]Loveless[/primary] erhält [secondary]Bewegungsgeschwindigkeit[/secondary] für jeden [secondary]Beinarbeit-Stapel[/secondary].[newline][newline][secondary]Beinarbeit-Stapel[/secondary] verursachen jetzt [secondary]Nahkampfschaden[/secondary]. Bei [secondary]maximalen Stapeln[/secondary] erhalten Feinde, die Schaden durch [primary]Loveless' ermächtigten Nahkampfangriff[/primary] erlitten haben, einen zufälligen [secondary]Statuseffekt[/secondary].",passive,273,336,399,462,525,402:Progress_Corpohacker_Branch_HackAndSlash_02:Branch - Row 1 - 3,blue,Hack / Slash,破解/劈砍,Ломай / руби,,Progress_corpohacker_branch_HackAndSlash_02,Branch - Row 1 - 3,,Tooltip_CH_Passive_62_TheSweetScience,loveless_passive_blue_30__blue.png,/Game/DLC/Harmonica/uiresources/corpo_hacker_icons/Passives/loveless_passive_blue_30.loveless_passive_blue_30
402,Char_CorpoHacker,Loveless,Siliconventional Warfare,硅基常规战,Восьмиядерная война,Silikonventionelle Kriegsführung,[primary]Loveless[/primary] gains increased [secondary]Gun Damage[/secondary] based on [primary]RAM[/primary]. Using [primary]Empowered Melee[/primary] causes [primary]Loveless'[/primary] [secondary]Guns[/secondary] to deal [nowrap][corrosive_icon][corrosive]Bonus Corrosive Melee Damage[/corrosive][/nowrap] for a [secondary]Duration[/secondary].,[primary]无爱[/primary]会根据[primary]运行内存[/primary]提升[secondary]枪械伤害[/secondary]。使用[primary]强化近战[/primary]时，[primary]无爱[/primary]的[secondary]枪械[/secondary]会在[secondary]一段时间[/secondary]内造成[nowrap][corrosive_icon][corrosive]加成腐蚀近战伤害[/corrosive][/nowrap]。,[secondary]Урон от стрельбы[/secondary] [primary]Нелюбви[/primary] повышается в зависимости от [primary]оперативки[/primary]. При использовании [primary]усиленного ближнего боя[/primary] [secondary]пушки[/secondary] [primary]Нелюбви[/primary] [secondary]в течение времени действия[/secondary] наносят [nowrap][corrosive_icon][corrosive]дополнительный урон в ближнем бою от коррозии[/corrosive][/nowrap].,"[primary]Loveless[/primary] erhält erhöhten [secondary]Schusswaffen-Schaden[/secondary] basierend auf ihrem [primary]RAM[/primary]. Wenn [primary]Loveless[/primary] ihren [primary]ermächtigten Nahkampfangriff[/primary] einsetzt, verursachen ihre [secondary]Schusswaffen[/secondary] [secondary]vorübergehend[/secondary] [nowrap][corrosive_icon][corrosive]Bonus-Korrosions-Nahkampfschaden[/corrosive][/nowrap].",passive,274,337,400,463,526,402:Progress_Corpohacker_Branch_HackAndSlash_02:Branch - Row 2 - 1,blue,Hack / Slash,破解/劈砍,Ломай / руби,,Progress_corpohacker_branch_HackAndSlash_02,Branch - Row 2 - 1,,Tooltip_CH_Passive_57_ChipSurplus,loveless_passive_blue_24__blue.png,/Game/DLC/Harmonica/uiresources/corpo_hacker_icons/Passives/loveless_passive_blue_24.loveless_passive_blue_24
402,Char_CorpoHacker,Loveless,Merry Bandwidth,欢乐带宽,Веселая частота,Fröhliche Bandbreite,[primary]Loveless[/primary] can have more active [primary]Clones[/primary].,[primary]无爱[/primary]可拥有更多活跃[primary]克隆体[/primary]。,[primary]Нелюбовь[/primary] может создавать больше активных [primary]клонов[/primary].,[primary]Loveless[/primary] kann mehr aktive [primary]Klone[/primary] haben.,passive,275,338,401,464,527,402:Progress_Corpohacker_Branch_HackAndSlash_02:Branch - Row 2 - 2,blue,Hack / Slash,破解/劈砍,Ломай / руби,,Progress_corpohacker_branch_HackAndSlash_02,Branch - Row 2 - 2,,Tooltip_CH_Passive_54_TheGangsAllHere,loveless_passive_blue_21__blue.png,/Game/DLC/Harmonica/uiresources/corpo_hacker_icons/Passives/loveless_passive_blue_21.loveless_passive_blue_21
402,Char_CorpoHacker,Loveless,End Process,结束进程,Завершение процесса,Prozess beenden,[secondary]Kill Skill.[/secondary] [primary]Loveless[/primary] gains a [secondary]percentage[/secondary] of her [primary]Maximum RAM[/primary].[newline][newline][flavor]Are you sure? Y/N[/flavor],[secondary]杀戮技能。[/secondary][primary]无爱[/primary]获得[primary]最大运行内存[/primary]的[secondary]一定百分比[/secondary]。[newline][newline][flavor]确定吗？是/否[/flavor],[secondary]Навык убийства.[/secondary] [primary]Нелюбовь[/primary] получает [secondary]часть[/secondary] [primary]максимальной оперативки[/primary].[newline][newline][flavor]Вы уверены? Да/Нет[/flavor],[secondary]Kill-Skill:[/secondary] [primary]Loveless[/primary] erhält einen [secondary]Prozentsatz[/secondary] ihres [primary]maximalen RAMs[/primary].[newline][newline][flavor]Bist du sicher? J/N[/flavor],passive,277,340,403,466,529,402:Progress_Corpohacker_Branch_HackAndSlash_02:Branch - Row 3 - 1,blue,Hack / Slash,破解/劈砍,Ломай / руби,,Progress_corpohacker_branch_HackAndSlash_02,Branch - Row 3 - 1,,Tooltip_CH_Passive_59_Overclocked,loveless_passive_blue_26__blue.png,/Game/DLC/Harmonica/uiresources/corpo_hacker_icons/Passives/loveless_passive_blue_26.loveless_passive_blue_26
402,Char_CorpoHacker,Loveless,Flow State,心流状态,Состояние потока,Im Flow,Dealing [secondary]Melee Damage[/secondary] gives [primary]Loveless[/primary] a [secondary]Stack[/secondary] of [secondary]Flow State[/secondary] for a [secondary]Duration[/secondary].[secondary]Stacks[/secondary] give [secondary]Melee Damage[/secondary].,造成[secondary]近战伤害[/secondary]时，[primary]无爱[/primary]将获得一[secondary]层[/secondary][secondary]心流状态[/secondary]，并持续[secondary]一段时间[/secondary]。[secondary]叠加[/secondary]将提升[secondary]近战伤害[/secondary]。,При нанесении [secondary]урона в ближнем бою[/secondary] [primary]Нелюбовь[/primary] [secondary]временно[/secondary] получает [secondary]заряд[/secondary] [secondary]состояния потока[/secondary].[secondary]Заряды[/secondary] дают [secondary]урон в ближнем бою[/secondary].,"Wenn [primary]Loveless[/primary] [secondary]Nahkampfschaden[/secondary] verursacht, erhält sie [secondary]vorübergehend[/secondary] einen [secondary]Stapel[/secondary] [secondary]Im Flow[/secondary]. Die [secondary]Stapel[/secondary] gewähren [secondary]Nahkampfschaden[/secondary].",passive,279,342,405,468,531,402:Progress_Corpohacker_Branch_HackAndSlash_03:Branch - Row 1 - 1,blue,Hack / Slash,破解/劈砍,Ломай / руби,,Progress_corpohacker_branch_HackAndSlash_03,Branch - Row 1 - 1,,Tooltip_CH_Passive_60_FlowState,loveless_passive_blue_28__blue.png,/Game/DLC/Harmonica/uiresources/corpo_hacker_icons/Passives/loveless_passive_blue_28.loveless_passive_blue_28
402,Char_CorpoHacker,Loveless,Hard Reset,强行重启,Аппаратная перезагрузка,,[primary]Loveless[/primary] gains increased [secondary]Action Skill[/secondary] and [secondary]Ordnance Cooldown Rate[/secondary] for a [secondary]Duration[/secondary] after using her [primary]Empowered Melee[/primary].,[primary]无爱[/primary]使用[primary]强化近战[/primary]后，在[secondary]一段时间[/secondary]内提升其[secondary]主动技能[/secondary]和[secondary]炮械冷却速度[/secondary]。,После использования [primary]усиленного ближнего боя[/primary] [secondary]скорость восстановления активного навыка[/secondary] и [secondary]снарядов[/secondary] [primary]Нелюбви[/primary] [secondary]временно[/secondary] повышается.,Nach dem Einsatz ihres [primary]ermächtigten Nahkampfangriffs[/primary] erhält [primary]Loveless[/primary] [secondary]vorübergehend[/secondary] eine verbesserte [secondary]Action-Skill[/secondary]- und [secondary]Kampfmittel-Abklingzeit[/secondary].,passive,280,343,406,469,532,402:Progress_Corpohacker_Branch_HackAndSlash_03:Branch - Row 1 - 3,blue,Hack / Slash,破解/劈砍,Ломай / руби,,Progress_corpohacker_branch_HackAndSlash_03,Branch - Row 1 - 3,,Tooltip_CH_Passive_61_ViolentOutburst,loveless_passive_blue_29__blue.png,/Game/DLC/Harmonica/uiresources/corpo_hacker_icons/Passives/loveless_passive_blue_29.loveless_passive_blue_29
402,Char_CorpoHacker,Loveless,Tripwire,绊网,Растяжка,Stolperdraht,"[secondary]Footwork Skill. Moving[/secondary] generates [secondary]Stacks[/secondary] of [secondary]Footwork[/secondary]. [primary]Loveless[/primary] gains [secondary]Movement Speed[/secondary] for each [secondary]Footwork Stack[/secondary].[newline][newline][secondary]Footwork Stacks[/secondary] now provide [secondary]Ordnance Damage[/secondary]. When at [secondary]Max Stacks[/secondary], dealing [secondary]Ordnance Damage[/secondary] deals [nowrap][corrosive_icon][corrosive]Bonus Corrosive Melee Damage[/corrosive][/nowrap] and consumes the [secondary]Stacks[/secondary].",[secondary]步法技能。移动[/secondary]会生成[secondary]步法[/secondary][secondary]叠加[/secondary]。每有一层[secondary]步法叠加[/secondary]，都会提升[primary]无爱[/primary]的[secondary]移动速度[/secondary]。[newline][newline][secondary]步法叠加[/secondary]现在会提供[secondary]炮械伤害[/secondary]。当达到[secondary]最大层数[/secondary]，造成[secondary]炮械伤害[/secondary]时将造成[nowrap][corrosive_icon][corrosive]加成腐蚀近战伤害[/corrosive][/nowrap]并消耗[secondary]叠加[/secondary]。,"[secondary]Навык лавирования. Перемещение[/secondary] создает [secondary]заряды[/secondary] [secondary]лавирования[/secondary]. [primary]Нелюбовь[/primary] получает [secondary]скорость перемещения[/secondary] за каждый [secondary]заряд лавирования[/secondary].[newline][newline][secondary]Заряды лавирования[/secondary] дают [secondary]урон от снарядов[/secondary]. Когда [secondary]количество зарядов максимально[/secondary], при нанесении [secondary]урона от снарядов[/secondary] наносится [nowrap][corrosive_icon][corrosive]дополнительный урон в ближнем бою от коррозии[/corrosive][/nowrap], и [secondary]заряды[/secondary] тратятся.",[secondary]Beinarbeit-Skill. Fortbewegung[/secondary] erzeugt [secondary]Beinarbeit-Stapel[/secondary]. [primary]Loveless[/primary] erhält [secondary]Bewegungsgeschwindigkeit[/secondary] für jeden [secondary]Beinarbeit-Stapel[/secondary].[newline][newline][secondary]Beinarbeit-Stapel[/secondary] verursachen jetzt [secondary]Kampfmittel-Schaden[/secondary]. Bei [secondary]maximalen Stapeln[/secondary] wird beim Verursachen von [secondary]Kampfmittel-Schaden[/secondary] außerdem [nowrap][corrosive_icon][corrosive]Bonus-Korrosions-Nahkampfschaden[/corrosive][/nowrap] verursacht und die [secondary]Stapel[/secondary] werden verbraucht.,passive,281,344,407,470,533,402:Progress_Corpohacker_Branch_HackAndSlash_03:Branch - Row 2 - 1,blue,Hack / Slash,破解/劈砍,Ломай / руби,,Progress_corpohacker_branch_HackAndSlash_03,Branch - Row 2 - 1,,Tooltip_CH_Passive_58_WatchYourStep,loveless_passive_blue_25__blue.png,/Game/DLC/Harmonica/uiresources/corpo_hacker_icons/Passives/loveless_passive_blue_25.loveless_passive_blue_25
402,Char_CorpoHacker,Loveless,Wrap Around,回绕,Циклический переход,Umhüllung,[secondary]Overkill Melee Damage[/secondary] is converted into [secondary]Overshield[/secondary]. [primary]Loveless[/primary] gains increased [secondary]Melee Damage[/secondary] while she has [secondary]Overshield[/secondary].,[secondary]超杀近战伤害[/secondary]将转化为[secondary]超强护盾[/secondary]。如[primary]无爱[/primary]拥有[secondary]超强护盾[/secondary]，将提升她的[secondary]近战伤害[/secondary]。,"[secondary]Урон в ближнем бою от массовых убийств[/secondary] переводится в [secondary]суперщит[/secondary]. Когда у [primary]Нелюбви[/primary] есть [secondary]суперщит[/secondary], ее [secondary]урон в ближнем бою[/secondary] повышается.","[secondary]Overkill-Nahkampfschaden[/secondary] wird in [secondary]Überschild[/secondary] umgewandelt. [primary]Loveless[/primary] erhält erhöhten [secondary]Nahkampfschaden[/secondary], während sie über [secondary]Überschild[/secondary] verfügt.",passive,283,346,409,472,535,402:Progress_Corpohacker_Branch_HackAndSlash_03:Branch - Row 2 - 3,blue,Hack / Slash,破解/劈砍,Ломай / руби,,Progress_corpohacker_branch_HackAndSlash_03,Branch - Row 2 - 3,,Tooltip_CH_Passive_63_AssaultVest,loveless_passive_blue_32__blue.png,/Game/DLC/Harmonica/uiresources/corpo_hacker_icons/Passives/loveless_passive_blue_32.loveless_passive_blue_32
402,Char_CorpoHacker,Loveless,Upload,上传,Загрузка,Hochladen,[primary]Loveless'[/primary] [secondary]Melee Critical Hits[/secondary] now apply [primary]Contagion[/primary].,[primary]无爱[/primary]的[secondary]近战暴击[/secondary]现在会施加[primary]传染病[/primary]。,"[secondary]Критические удары в ближнем бою[/secondary] [primary]Нелюбви[/primary] активируют [primary]""Заражение""[/primary].",[primary]Loveless'[/primary] [secondary]kritische Nahkampftreffer[/secondary] wenden jetzt [primary]Virenbefall[/primary] an.,passive,284,347,410,473,536,402:Progress_Corpohacker_Branch_HackAndSlash_03:Branch - Row 3 - 1,blue,Hack / Slash,破解/劈砍,Ломай / руби,,Progress_corpohacker_branch_HackAndSlash_03,Branch - Row 3 - 1,,Tooltip_CH_Passive_65_Upload,loveless_passive_blue_33__blue.png,/Game/DLC/Harmonica/uiresources/corpo_hacker_icons/Passives/loveless_passive_blue_33.loveless_passive_blue_33
