Manufacturer & Weapon Type ID,Manufacturer,Weapon Type,Part ID,Part Type,String,Name
13,Daedalus,Assault Rifle,1,Body,DAD_AR.part_body,
13,Daedalus,Assault Rifle,2,Body Accessory,DAD_AR.part_body_a,
13,Daedalus,Assault Rifle,3,Body Accessory,DAD_AR.part_body_b,
13,Daedalus,Assault Rifle,4,Body Accessory,DAD_AR.part_body_c,
13,Daedalus,Assault Rifle,5,Body Accessory,DAD_AR.part_body_d,
13,Daedalus,Assault Rifle,6,Barrel,DAD_AR.part_barrel_01,Spec-Tec
13,Daedalus,Assault Rifle,7,Barrel,DAD_AR.part_barrel_02,F.A.N.G.
13,Daedalus,Assault Rifle,8,Barrel,DAD_AR.part_barrel_unique_om,Oscar Mike
13,Daedalus,Assault Rifle,9,Barrel Accessory,DAD_AR.part_barrel_01_a,
13,Daedalus,Assault Rifle,10,Barrel Accessory,DAD_AR.part_barrel_01_b,
13,Daedalus,Assault Rifle,11,Barrel Accessory,DAD_AR.part_barrel_01_c,
13,Daedalus,Assault Rifle,12,Barrel Accessory,DAD_AR.part_barrel_01_d,
13,Daedalus,Assault Rifle,13,Barrel Accessory,DAD_AR.part_barrel_02_a,
13,Daedalus,Assault Rifle,14,Barrel Accessory,DAD_AR.part_barrel_02_b,
13,Daedalus,Assault Rifle,15,Barrel Accessory,DAD_AR.part_barrel_02_c,
13,Daedalus,Assault Rifle,16,Barrel Accessory,DAD_AR.part_barrel_02_d,
13,Daedalus,Assault Rifle,17,Manufacturer Part,DAD_AR.part_barrel_licensed_jak,
13,Daedalus,Assault Rifle,18,Tediore Payload,DAD_AR.part_barrel_licensed_ted,Tediore Throw
13,Daedalus,Assault Rifle,20,Tediore Payload,DAD_AR.part_barrel_licensed_ted_shooting,Tediore Shooting
13,Daedalus,Assault Rifle,21,Tediore Payload,DAD_AR.part_barrel_licensed_ted_mirv,Tediore MIRV
13,Daedalus,Assault Rifle,22,Tediore Payload,DAD_AR.part_barrel_licensed_ted_combo,Tediore Combo
13,Daedalus,Assault Rifle,23,Manufacturer Part,DAD_AR.part_barrel_licensed_hyp,
13,Daedalus,Assault Rifle,24,Magazine,DAD_AR.part_mag_01,
13,Daedalus,Assault Rifle,25,Magazine,DAD_AR.part_mag_02,
13,Daedalus,Assault Rifle,26,Magazine,DAD_AR.part_mag_03_tor,
13,Daedalus,Assault Rifle,27,Magazine,DAD_AR.part_mag_04_cov,
13,Daedalus,Assault Rifle,28,Magazine,DAD_AR.part_mag_05_borg,
13,Daedalus,Assault Rifle,29,Manufacturer Part,DAD_AR.part_mag_torgue_normal,
13,Daedalus,Assault Rifle,30,Tediore Throw Reload,DAD_AR.part_mag_ted_thrown_01,
13,Daedalus,Assault Rifle,31,Tediore Throw Reload,DAD_AR.part_mag_ted_thrown_02,
13,Daedalus,Assault Rifle,32,Manufacturer Part,DAD_AR.part_mag_torgue_sticky,
13,Daedalus,Assault Rifle,33,Tediore Throw Reload,DAD_AR.part_mag_ted_thrown_03_tor,
13,Daedalus,Assault Rifle,34,Tediore Throw Reload,DAD_AR.part_mag_ted_thrown_04_cov,
13,Daedalus,Assault Rifle,35,Tediore Throw Reload,DAD_AR.part_mag_ted_thrown_05_bor,
13,Daedalus,Assault Rifle,36,Body,DAD_AR.part_body_bolt,
13,Daedalus,Assault Rifle,37,Scope,DAD_AR.part_scope_02_lens_02,
13,Daedalus,Assault Rifle,38,Scope,DAD_AR.part_scope_02_lens_01,
13,Daedalus,Assault Rifle,39,Scope,DAD_AR.part_scope_01_lens_02,
13,Daedalus,Assault Rifle,40,Scope,DAD_AR.part_scope_01_lens_01,
13,Daedalus,Assault Rifle,41,Scope,DAD_AR.part_scope_ironsight,
13,Daedalus,Assault Rifle,42,Scope Accessory,DAD_AR.part_scope_acc_s01_l01_a,
13,Daedalus,Assault Rifle,43,Scope Accessory,DAD_AR.part_scope_acc_s01_l01_b,
13,Daedalus,Assault Rifle,44,Scope Accessory,DAD_AR.part_scope_acc_s01_l02_a,
13,Daedalus,Assault Rifle,45,Scope Accessory,DAD_AR.part_scope_acc_s01_l02_b,
13,Daedalus,Assault Rifle,46,Scope Accessory,DAD_AR.part_scope_acc_s02_l01_a,
13,Daedalus,Assault Rifle,47,Scope Accessory,DAD_AR.part_scope_acc_s02_l01_b,
13,Daedalus,Assault Rifle,48,Scope Accessory,DAD_AR.part_scope_acc_s02_l02_a,
13,Daedalus,Assault Rifle,49,Scope Accessory,DAD_AR.part_scope_acc_s02_l02_b,
13,Daedalus,Assault Rifle,50,Grip,DAD_AR.part_grip_05c_ted_jav,
13,Daedalus,Assault Rifle,51,Grip,DAD_AR.part_grip_05a_ted_legs,
13,Daedalus,Assault Rifle,52,Grip,DAD_AR.part_grip_05b_ted_homing,
13,Daedalus,Assault Rifle,53,Grip,DAD_AR.part_grip_01,
13,Daedalus,Assault Rifle,54,Grip,DAD_AR.part_grip_02,
13,Daedalus,Assault Rifle,55,Grip,DAD_AR.part_grip_03,
13,Daedalus,Assault Rifle,56,Grip,DAD_AR.part_grip_04_hyp,
13,Daedalus,Assault Rifle,57,Barrel,DAD_AR.part_barrel_02_lumberjack,Bloody Lumberjack
13,Daedalus,Assault Rifle,58,Underbarrel,DAD_AR.part_underbarrel_04_atlas_ball,
13,Daedalus,Assault Rifle,59,Underbarrel,DAD_AR.part_underbarrel_04_atlas,
13,Daedalus,Assault Rifle,60,Underbarrel,DAD_AR.part_underbarrel_06_malswitch,
13,Daedalus,Assault Rifle,61,Underbarrel,DAD_AR.part_underbarrel_02_shotgun,
13,Daedalus,Assault Rifle,62,Underbarrel,DAD_AR.part_underbarrel_03_microrocket,
13,Daedalus,Assault Rifle,63,Underbarrel,DAD_AR.part_underbarrel_01_grenade,
13,Daedalus,Assault Rifle,64,Foregrip,DAD_AR.part_foregrip_01,
13,Daedalus,Assault Rifle,65,Foregrip,DAD_AR.part_foregrip_02,
13,Daedalus,Assault Rifle,66,Foregrip,DAD_AR.part_foregrip_03,
13,Daedalus,Assault Rifle,67,Underbarrel,DAD_AR.part_underbarrel_01_grenade_om,
13,Daedalus,Assault Rifle,68,Manufacturer Part,DAD_AR.part_body_mag_ps,
13,Daedalus,Assault Rifle,69,Manufacturer Part,DAD_AR.part_body_mag_smg,
13,Daedalus,Assault Rifle,70,Manufacturer Part,DAD_AR.part_body_mag_sg,
13,Daedalus,Assault Rifle,71,Manufacturer Part,DAD_AR.part_body_mag_sr,
13,Daedalus,Assault Rifle,75,Underbarrel,DAD_AR.part_underbarrel_om_spacelaser,
13,Daedalus,Assault Rifle,76,Underbarrel,DAD_AR.part_underbarrel_06_star_helix,Star Helix
13,Daedalus,Assault Rifle,77,Barrel,DAD_AR.part_barrel_02_star_helix,Star Helix
13,Daedalus,Assault Rifle,78,Manufacturer Part,DAD_AR.part_shield_default,
13,Daedalus,Assault Rifle,79,Manufacturer Part,DAD_AR.part_shield_ricochet,
13,Daedalus,Assault Rifle,80,Manufacturer Part,DAD_AR.part_shield_ammo,
13,Daedalus,Assault Rifle,81,Manufacturer Part,DAD_AR.part_shield_amp,
13,Daedalus,Assault Rifle,82,Barrel,DAD_AR.part_barrel_01_Mercredi,Mercredi
13,Daedalus,Assault Rifle,89,Underbarrel,DAD_AR.part_underbarrel_04_atlas_ball_Mercredi,
13,Daedalus,Assault Rifle,90,Underbarrel,DAD_AR.part_underbarrel_04_atlas_Mercredi,
13,Daedalus,Assault Rifle,86,Barrel,DAD_AR.part_barrel_02_harddark,Hard Dark
2,Daedalus,Pistol,1,Barrel,DAD_PS.part_barrel_01_zipgun,Zipper
2,Daedalus,Pistol,2,Body,DAD_PS.part_body,
2,Daedalus,Pistol,3,Body Accessory,DAD_PS.part_body_a,
2,Daedalus,Pistol,4,Body Accessory,DAD_PS.part_body_b,
2,Daedalus,Pistol,5,Body Accessory,DAD_PS.part_body_c,
2,Daedalus,Pistol,6,Body Accessory,DAD_PS.part_body_d,
2,Daedalus,Pistol,7,Barrel,DAD_PS.part_barrel_01,S23
2,Daedalus,Pistol,8,Barrel,DAD_PS.part_barrel_02,Bonn-91
2,Daedalus,Pistol,9,Manufacturer Part,DAD_PS.part_shield_default,
2,Daedalus,Pistol,10,Manufacturer Part,DAD_PS.part_shield_ricochet,
2,Daedalus,Pistol,11,Manufacturer Part,DAD_PS.part_shield_ammo,
2,Daedalus,Pistol,12,Manufacturer Part,DAD_PS.part_shield_amp,
2,Daedalus,Pistol,13,Magazine,DAD_PS.part_mag_01,
2,Daedalus,Pistol,14,Magazine,DAD_PS.part_mag_02,
2,Daedalus,Pistol,15,Magazine,DAD_PS.part_mag_03_tor,
2,Daedalus,Pistol,16,Magazine,DAD_PS.part_mag_04_cov,
2,Daedalus,Pistol,17,Magazine,DAD_PS.part_mag_05_borg,
2,Daedalus,Pistol,18,Manufacturer Part,DAD_PS.part_mag_torgue_normal,
2,Daedalus,Pistol,19,Manufacturer Part,DAD_PS.part_mag_torgue_sticky,
2,Daedalus,Pistol,20,Tediore Throw Reload,DAD_PS.part_mag_ted_thrown_01,
2,Daedalus,Pistol,21,Tediore Throw Reload,DAD_PS.part_mag_ted_thrown_02,
2,Daedalus,Pistol,22,Tediore Throw Reload,DAD_PS.part_mag_ted_thrown_03_tor,
2,Daedalus,Pistol,23,Tediore Throw Reload,DAD_PS.part_mag_ted_thrown_04_cov,
2,Daedalus,Pistol,24,Tediore Throw Reload,DAD_PS.part_mag_ted_thrown_05_bor,
2,Daedalus,Pistol,25,Scope,DAD_PS.part_scope_ironsight,
2,Daedalus,Pistol,26,Scope,DAD_PS.part_scope_01_lens_01,
2,Daedalus,Pistol,27,Scope,DAD_PS.part_scope_01_lens_02,
2,Daedalus,Pistol,28,Scope,DAD_PS.part_scope_02_lens_01,
2,Daedalus,Pistol,29,Scope,DAD_PS.part_scope_02_lens_02,
2,Daedalus,Pistol,30,Scope Accessory,DAD_PS.part_scope_acc_s01_l01_a,
2,Daedalus,Pistol,31,Scope Accessory,DAD_PS.part_scope_acc_s01_l01_b,
2,Daedalus,Pistol,32,Scope Accessory,DAD_PS.part_scope_acc_s02_l01_a,
2,Daedalus,Pistol,33,Scope Accessory,DAD_PS.part_scope_acc_s02_l01_b,
2,Daedalus,Pistol,34,Scope Accessory,DAD_PS.part_scope_acc_s01_l02_a,
2,Daedalus,Pistol,35,Scope Accessory,DAD_PS.part_scope_acc_s01_l02_b,
2,Daedalus,Pistol,36,Scope Accessory,DAD_PS.part_scope_acc_s02_l02_a,
2,Daedalus,Pistol,37,Scope Accessory,DAD_PS.part_scope_acc_s02_l02_b,
2,Daedalus,Pistol,38,Grip,DAD_PS.part_grip_05c_ted_jav,
2,Daedalus,Pistol,39,Grip,DAD_PS.part_grip_05a_ted_legs,
2,Daedalus,Pistol,40,Grip,DAD_PS.part_grip_05b_ted_homing,
2,Daedalus,Pistol,41,Grip,DAD_PS.part_grip_04_hyp,
2,Daedalus,Pistol,42,Grip,DAD_PS.part_grip_01,
2,Daedalus,Pistol,43,Grip,DAD_PS.part_grip_02,
2,Daedalus,Pistol,44,Grip,DAD_PS.part_grip_03,
2,Daedalus,Pistol,45,Underbarrel,DAD_PS.part_underbarrel_06_malswitch,
2,Daedalus,Pistol,46,Underbarrel,DAD_PS.part_underbarrel_04_atlas_ball,
2,Daedalus,Pistol,47,Underbarrel,DAD_PS.part_underbarrel_02_knifelauncher,
2,Daedalus,Pistol,48,Underbarrel,DAD_PS.part_underbarrel_01_taser,
2,Daedalus,Pistol,49,Foregrip,DAD_PS.part_foregrip_02,
2,Daedalus,Pistol,50,Foregrip,DAD_PS.part_foregrip_03,
2,Daedalus,Pistol,51,Manufacturer Part,DAD_PS.part_body_mag_smg,
2,Daedalus,Pistol,52,Manufacturer Part,DAD_PS.part_body_mag_ar,
2,Daedalus,Pistol,53,Manufacturer Part,DAD_PS.part_body_mag_sr,
2,Daedalus,Pistol,57,Borg Magazine Adapter,DAD_PS.part_mag_05_borg_barrel_02,
2,Daedalus,Pistol,58,Borg Magazine Adapter,DAD_PS.part_mag_05_borg_barrel_01,
2,Daedalus,Pistol,60,Barrel Accessory,DAD_PS.part_barrel_01_a,
2,Daedalus,Pistol,61,Barrel Accessory,DAD_PS.part_barrel_01_b,
2,Daedalus,Pistol,62,Barrel Accessory,DAD_PS.part_barrel_01_c,
2,Daedalus,Pistol,63,Barrel Accessory,DAD_PS.part_barrel_01_d,
2,Daedalus,Pistol,64,Barrel Accessory,DAD_PS.part_barrel_02_a,
2,Daedalus,Pistol,65,Barrel Accessory,DAD_PS.part_barrel_02_b,
2,Daedalus,Pistol,66,Barrel Accessory,DAD_PS.part_barrel_02_c,
2,Daedalus,Pistol,67,Barrel Accessory,DAD_PS.part_barrel_02_d,
2,Daedalus,Pistol,68,Manufacturer Part,DAD_PS.part_barrel_licensed_jak,
2,Daedalus,Pistol,69,Tediore Payload,DAD_PS.part_barrel_licensed_ted,Tediore Throw
2,Daedalus,Pistol,70,Tediore Payload,DAD_PS.part_barrel_licensed_ted_shooting,Tediore Shooting
2,Daedalus,Pistol,71,Tediore Payload,DAD_PS.part_barrel_licensed_ted_mirv,Tediore MIRV
2,Daedalus,Pistol,72,Tediore Payload,DAD_PS.part_barrel_licensed_ted_combo,Tediore Combo
2,Daedalus,Pistol,73,Manufacturer Part,DAD_PS.part_barrel_licensed_hyp,
2,Daedalus,Pistol,74,Underbarrel,DAD_PS.part_underbarrel_04_atlas,
2,Daedalus,Pistol,75,Underbarrel,DAD_PS.part_underbarrel_03_semtex,
2,Daedalus,Pistol,76,Foregrip,DAD_PS.part_foregrip_01,
2,Daedalus,Pistol,77,Manufacturer Part,DAD_PS.part_body_mag_sg,
2,Daedalus,Pistol,78,Barrel,DAD_PS.part_barrel_02_rangefinder,Rangefinder
2,Daedalus,Pistol,79,Barrel,DAD_PS.part_barrel_02_soulsurvivor,Soul Survivor
2,Daedalus,Pistol,82,Manufacturer Part,DAD_PS.part_mag_torgue_normal_soulsurvivor,Soul Survivor
2,Daedalus,Pistol,81,Manufacturer Part,DAD_PS.part_mag_torgue_sticky_soulsurvivor,Soul Survivor
8,Daedalus,Shotgun,2,Body,DAD_SG.part_body,
8,Daedalus,Shotgun,3,Body Accessory,DAD_SG.part_body_a,
8,Daedalus,Shotgun,4,Body Accessory,DAD_SG.part_body_b,
8,Daedalus,Shotgun,5,Body Accessory,DAD_SG.part_body_c,
8,Daedalus,Shotgun,6,Body Accessory,DAD_SG.part_body_d,
8,Daedalus,Shotgun,7,Barrel,DAD_SG.part_barrel_01,Caliburn
8,Daedalus,Shotgun,8,Barrel,DAD_SG.part_barrel_02,Durendal
8,Daedalus,Shotgun,9,Manufacturer Part,DAD_SG.part_shield_default,
8,Daedalus,Shotgun,10,Manufacturer Part,DAD_SG.part_shield_ricochet,
8,Daedalus,Shotgun,11,Manufacturer Part,DAD_SG.part_shield_ammo,
8,Daedalus,Shotgun,12,Manufacturer Part,DAD_SG.part_shield_amp,
8,Daedalus,Shotgun,13,Magazine,DAD_SG.part_mag_05_borg,
8,Daedalus,Shotgun,14,Magazine,DAD_SG.part_mag_04_cov,
8,Daedalus,Shotgun,15,Magazine,DAD_SG.part_mag_03_tor,
8,Daedalus,Shotgun,16,Magazine,DAD_SG.part_mag_01,
8,Daedalus,Shotgun,17,Magazine,DAD_SG.part_mag_02,
8,Daedalus,Shotgun,18,Tediore Throw Reload,DAD_SG.part_mag_ted_thrown_01,
8,Daedalus,Shotgun,19,Tediore Throw Reload,DAD_SG.part_mag_ted_thrown_02,
8,Daedalus,Shotgun,20,Tediore Throw Reload,DAD_SG.part_mag_ted_thrown_03_tor,
8,Daedalus,Shotgun,21,Tediore Throw Reload,DAD_SG.part_mag_ted_thrown_04_cov,
8,Daedalus,Shotgun,22,Tediore Throw Reload,DAD_SG.part_mag_ted_thrown_05_bor,
8,Daedalus,Shotgun,23,Scope,DAD_SG.part_scope_ironsight,
8,Daedalus,Shotgun,24,Scope,DAD_SG.part_scope_01_lens_01,
8,Daedalus,Shotgun,25,Scope,DAD_SG.part_scope_01_lens_02,
8,Daedalus,Shotgun,26,Scope,DAD_SG.part_scope_02_lens_01,
8,Daedalus,Shotgun,27,Scope,DAD_SG.part_scope_02_lens_02,
8,Daedalus,Shotgun,28,Scope Accessory,DAD_SG.part_scope_acc_s01_l01_a,
8,Daedalus,Shotgun,29,Scope Accessory,DAD_SG.part_scope_acc_s01_l01_b,
8,Daedalus,Shotgun,30,Scope Accessory,DAD_SG.part_scope_acc_s02_l01_a,
8,Daedalus,Shotgun,31,Scope Accessory,DAD_SG.part_scope_acc_s02_l01_b,
8,Daedalus,Shotgun,32,Scope Accessory,DAD_SG.part_scope_acc_s01_l02_a,
8,Daedalus,Shotgun,33,Scope Accessory,DAD_SG.part_scope_acc_s01_l02_b,
8,Daedalus,Shotgun,34,Scope Accessory,DAD_SG.part_scope_acc_s02_l02_a,
8,Daedalus,Shotgun,35,Scope Accessory,DAD_SG.part_scope_acc_s02_l02_b,
8,Daedalus,Shotgun,36,Grip,DAD_SG.part_grip_05a_ted_legs,
8,Daedalus,Shotgun,37,Grip,DAD_SG.part_grip_05c_ted_jav,
8,Daedalus,Shotgun,38,Grip,DAD_SG.part_grip_05b_ted_homing,
8,Daedalus,Shotgun,39,Grip,DAD_SG.part_grip_01,
8,Daedalus,Shotgun,40,Grip,DAD_SG.part_grip_02,
8,Daedalus,Shotgun,41,Grip,DAD_SG.part_grip_03,
8,Daedalus,Shotgun,42,Grip,DAD_SG.part_grip_04_hyp,
8,Daedalus,Shotgun,43,Underbarrel,DAD_SG.part_underbarrel_02_singularity,
8,Daedalus,Shotgun,44,Underbarrel,DAD_SG.part_underbarrel_06_malswitch,
8,Daedalus,Shotgun,45,Underbarrel,DAD_SG.part_underbarrel_01_microrocket,
8,Daedalus,Shotgun,46,Underbarrel,DAD_SG.part_underbarrel_04_atlas,
8,Daedalus,Shotgun,47,Foregrip,DAD_SG.part_foregrip_01,
8,Daedalus,Shotgun,48,Foregrip,DAD_SG.part_foregrip_03,
8,Daedalus,Shotgun,49,Foregrip,DAD_SG.part_foregrip_02,
8,Daedalus,Shotgun,50,Underbarrel,DAD_SG.part_underbarrel_03_mine,
8,Daedalus,Shotgun,51,Underbarrel,DAD_SG.part_underbarrel_04_atlas_ball,
8,Daedalus,Shotgun,52,Barrel,DAD_SG.part_barrel_01_bod,Bod
8,Daedalus,Shotgun,54,Barrel,DAD_SG.part_barrel_heartgun,Acey May
8,Daedalus,Shotgun,56,Underbarrel,DAD_SG.part_underbarrel_01_misslaser,Missilaser
8,Daedalus,Shotgun,57,Barrel,DAD_SG.part_barrel_misslaser,Missilaser
8,Daedalus,Shotgun,61,Barrel Accessory,DAD_SG.part_barrel_01_a,
8,Daedalus,Shotgun,62,Barrel Accessory,DAD_SG.part_barrel_01_b,
8,Daedalus,Shotgun,63,Barrel Accessory,DAD_SG.part_barrel_01_c,
8,Daedalus,Shotgun,64,Barrel Accessory,DAD_SG.part_barrel_01_d,
8,Daedalus,Shotgun,65,Barrel Accessory,DAD_SG.part_barrel_02_a,
8,Daedalus,Shotgun,66,Barrel Accessory,DAD_SG.part_barrel_02_b,
8,Daedalus,Shotgun,67,Barrel Accessory,DAD_SG.part_barrel_02_c,
8,Daedalus,Shotgun,68,Barrel Accessory,DAD_SG.part_barrel_02_d,
8,Daedalus,Shotgun,69,Manufacturer Part,DAD_SG.part_barrel_licensed_jak,
8,Daedalus,Shotgun,70,Tediore Payload,DAD_SG.part_barrel_licensed_ted,Tediore Throw
8,Daedalus,Shotgun,71,Tediore Payload,DAD_SG.part_barrel_licensed_ted_shooting,Tediore Shooting
8,Daedalus,Shotgun,72,Tediore Payload,DAD_SG.part_barrel_licensed_ted_mirv,Tediore MIRV
8,Daedalus,Shotgun,73,Tediore Payload,DAD_SG.part_barrel_licensed_ted_combo,Tediore Combo
8,Daedalus,Shotgun,74,Manufacturer Part,DAD_SG.part_barrel_licensed_hyp,
8,Daedalus,Shotgun,75,Manufacturer Part,DAD_SG.part_mag_torgue_normal,
8,Daedalus,Shotgun,76,Manufacturer Part,DAD_SG.part_mag_torgue_sticky,
8,Daedalus,Shotgun,77,Manufacturer Part,DAD_SG.part_body_mag_ps,
8,Daedalus,Shotgun,78,Manufacturer Part,DAD_SG.part_body_mag_smg,
8,Daedalus,Shotgun,79,Manufacturer Part,DAD_SG.part_body_mag_ar,
8,Daedalus,Shotgun,80,Manufacturer Part,DAD_SG.part_body_mag_sr,
8,Daedalus,Shotgun,60,Barrel,DAD_SG.part_barrel_cannonbrawl,Swan Song
8,Daedalus,Shotgun,81,Foregrip,DAD_SG.part_underbarrel_01_cannonbrawl,Swan Song
20,Daedalus,SMG,3,Body Accessory,DAD_SM.part_body_a,
20,Daedalus,SMG,4,Body Accessory,DAD_SM.part_body_b,
20,Daedalus,SMG,5,Body Accessory,DAD_SM.part_body_c,
20,Daedalus,SMG,6,Body Accessory,DAD_SM.part_body_d,
20,Daedalus,SMG,7,Barrel,DAD_SM.part_barrel_01,GCX
20,Daedalus,SMG,8,Barrel,DAD_SM.part_barrel_02,Painter
20,Daedalus,SMG,9,Manufacturer Part,DAD_SM.part_shield_default,
20,Daedalus,SMG,10,Manufacturer Part,DAD_SM.part_shield_ricochet,
20,Daedalus,SMG,11,Manufacturer Part,DAD_SM.part_shield_ammo,
20,Daedalus,SMG,12,Manufacturer Part,DAD_SM.part_shield_amp,
20,Daedalus,SMG,13,Magazine,DAD_SM.part_mag_01,
20,Daedalus,SMG,14,Magazine,DAD_SM.part_mag_02,
20,Daedalus,SMG,15,Magazine,DAD_SM.part_mag_03_tor,
20,Daedalus,SMG,16,Magazine,DAD_SM.part_mag_04_cov,
20,Daedalus,SMG,17,Magazine,DAD_SM.part_mag_05_borg,
20,Daedalus,SMG,18,Manufacturer Part,DAD_SM.part_mag_torgue_normal,
20,Daedalus,SMG,19,Manufacturer Part,DAD_SM.part_mag_torgue_sticky,
20,Daedalus,SMG,20,Tediore Throw Reload,DAD_SM.part_mag_ted_thrown_01,
20,Daedalus,SMG,21,Tediore Throw Reload,DAD_SM.part_mag_ted_thrown_02,
20,Daedalus,SMG,22,Tediore Throw Reload,DAD_SM.part_mag_ted_thrown_03_tor,
20,Daedalus,SMG,23,Tediore Throw Reload,DAD_SM.part_mag_ted_thrown_04_cov,
20,Daedalus,SMG,24,Tediore Throw Reload,DAD_SM.part_mag_ted_thrown_05_bor,
20,Daedalus,SMG,25,Scope,DAD_SM.part_scope_02_lens_02,
20,Daedalus,SMG,26,Scope,DAD_SM.part_scope_02_lens_01,
20,Daedalus,SMG,27,Scope,DAD_SM.part_scope_01_lens_02,
20,Daedalus,SMG,28,Scope,DAD_SM.part_scope_01_lens_01,
20,Daedalus,SMG,29,Scope,DAD_SM.part_scope_ironsight,
20,Daedalus,SMG,30,Scope Accessory,DAD_SM.part_scope_acc_s02_lb_b,
20,Daedalus,SMG,31,Scope Accessory,DAD_SM.part_scope_acc_s02_lb_a,
20,Daedalus,SMG,32,Scope Accessory,DAD_SM.part_scope_acc_s01_l01_a,
20,Daedalus,SMG,33,Scope Accessory,DAD_SM.part_scope_acc_s01_l01_b,
20,Daedalus,SMG,34,Scope Accessory,DAD_SM.part_scope_acc_s01_l02_a,
20,Daedalus,SMG,35,Scope Accessory,DAD_SM.part_scope_acc_s01_l02_b,
20,Daedalus,SMG,36,Scope Accessory,DAD_SM.part_scope_acc_s02_l01_a,
20,Daedalus,SMG,37,Scope Accessory,DAD_SM.part_scope_acc_s02_l01_b,
20,Daedalus,SMG,38,Scope Accessory,DAD_SM.part_scope_acc_s02_l02_a,
20,Daedalus,SMG,39,Scope Accessory,DAD_SM.part_scope_acc_s02_l02_b,
20,Daedalus,SMG,40,Grip,DAD_SM.part_grip_05a_ted_legs,
20,Daedalus,SMG,41,Grip,DAD_SM.part_grip_05c_ted_jav,
20,Daedalus,SMG,42,Grip,DAD_SM.part_grip_05b_ted_homing,
20,Daedalus,SMG,43,Grip,DAD_SM.part_grip_04_hyp,
20,Daedalus,SMG,44,Grip,DAD_SM.part_grip_01,
20,Daedalus,SMG,45,Grip,DAD_SM.part_grip_02,
20,Daedalus,SMG,46,Grip,DAD_SM.part_grip_03,
20,Daedalus,SMG,47,Underbarrel,DAD_SM.part_underbarrel_06_malswitch,
20,Daedalus,SMG,48,Underbarrel,DAD_SM.part_underbarrel_02_shotgun,
20,Daedalus,SMG,49,Underbarrel,DAD_SM.part_underbarrel_03_overcharge,
20,Daedalus,SMG,50,Underbarrel,DAD_SM.part_underbarrel_04_atlas,
20,Daedalus,SMG,51,Foregrip,DAD_SM.part_foregrip_02,
20,Daedalus,SMG,52,Foregrip,DAD_SM.part_foregrip_01,
20,Daedalus,SMG,53,Foregrip,DAD_SM.part_foregrip_03,
20,Daedalus,SMG,54,Underbarrel,DAD_SM.part_underbarrel_04_atlas_ball,
20,Daedalus,SMG,55,Manufacturer Part,DAD_SM.part_body_mag_ps,
20,Daedalus,SMG,56,Manufacturer Part,DAD_SM.part_body_mag_ar,
20,Daedalus,SMG,57,Manufacturer Part,DAD_SM.part_body_mag_sr,
20,Daedalus,SMG,58,Manufacturer Part,DAD_SM.part_body_mag_sg,
20,Daedalus,SMG,60,Barrel,DAD_SM.part_barrel_01_luty,Luty Madlad
20,Daedalus,SMG,62,Body,DAD_SM.part_body,
20,Daedalus,SMG,64,Barrel,DAD_SM.part_barrel_01_bloodstarved,Darkbeast
20,Daedalus,SMG,66,Borg Magazine Adapter,DAD_SM.part_mag_borg_barrel_02,
20,Daedalus,SMG,67,Borg Magazine Adapter,DAD_SM.part_mag_borg_barrel_01,
20,Daedalus,SMG,69,Barrel,DAD_SM.part_barrel_01_loarmaster,Daedalus SMG
20,Daedalus,SMG,79,Underbarrel,DAD_SM.part_underbarrel_01_stungrenade,
20,Daedalus,SMG,80,Barrel Accessory,DAD_SM.part_barrel_01_a,
20,Daedalus,SMG,81,Barrel Accessory,DAD_SM.part_barrel_01_b,
20,Daedalus,SMG,82,Barrel Accessory,DAD_SM.part_barrel_01_c,
20,Daedalus,SMG,83,Barrel Accessory,DAD_SM.part_barrel_01_d,
20,Daedalus,SMG,84,Barrel Accessory,DAD_SM.part_barrel_02_a,
20,Daedalus,SMG,85,Barrel Accessory,DAD_SM.part_barrel_02_b,
20,Daedalus,SMG,86,Barrel Accessory,DAD_SM.part_barrel_02_c,
20,Daedalus,SMG,87,Barrel Accessory,DAD_SM.part_barrel_02_d,
20,Daedalus,SMG,88,Manufacturer Part,DAD_SM.part_barrel_licensed_jak,
20,Daedalus,SMG,89,Tediore Payload,DAD_SM.part_barrel_licensed_ted,Tediore Throw
20,Daedalus,SMG,90,Tediore Payload,DAD_SM.part_barrel_licensed_ted_shooting,Tediore Shooting
20,Daedalus,SMG,91,Tediore Payload,DAD_SM.part_barrel_licensed_ted_mirv,Tediore MIRV
20,Daedalus,SMG,92,Tediore Payload,DAD_SM.part_barrel_licensed_ted_combo,Tediore Combo
20,Daedalus,SMG,93,Manufacturer Part,DAD_SM.part_barrel_licensed_hyp,
20,Daedalus,SMG,1,Barrel,DAD_SM.part_barrel_02_follower,Prowler
20,Daedalus,SMG,71,Barrel,DAD_SM.part_barrel_02_screwed,Screwstonian
20,Daedalus,SMG,59,Barrel,DAD_SM.part_barrel_01_raiden,Raiden
27,Jakobs,Assault Rifle,2,Body,JAK_AR.part_body,
27,Jakobs,Assault Rifle,3,Body Accessory,JAK_AR.part_body_a,
27,Jakobs,Assault Rifle,4,Body Accessory,JAK_AR.part_body_b,
27,Jakobs,Assault Rifle,5,Body Accessory,JAK_AR.part_body_c,
27,Jakobs,Assault Rifle,6,Body Accessory,JAK_AR.part_body_d,
27,Jakobs,Assault Rifle,7,Barrel,JAK_AR.part_barrel_01,Karkadann
27,Jakobs,Assault Rifle,8,Barrel,JAK_AR.part_barrel_02,Rougarou
27,Jakobs,Assault Rifle,9,Barrel Accessory,JAK_AR.part_barrel_01_a,
27,Jakobs,Assault Rifle,10,Barrel Accessory,JAK_AR.part_barrel_01_b,
27,Jakobs,Assault Rifle,11,Barrel Accessory,JAK_AR.part_barrel_01_c,
27,Jakobs,Assault Rifle,12,Barrel Accessory,JAK_AR.part_barrel_01_d,
27,Jakobs,Assault Rifle,13,Barrel Accessory,JAK_AR.part_barrel_02_a,
27,Jakobs,Assault Rifle,14,Barrel Accessory,JAK_AR.part_barrel_02_b,
27,Jakobs,Assault Rifle,15,Barrel Accessory,JAK_AR.part_barrel_02_c,
27,Jakobs,Assault Rifle,16,Barrel Accessory,JAK_AR.part_barrel_02_d,
27,Jakobs,Assault Rifle,17,Tediore Payload,JAK_AR.part_barrel_licensed_ted,Tediore Throw
27,Jakobs,Assault Rifle,18,Tediore Payload,JAK_AR.part_barrel_licensed_ted_shooting,Tediore Shooting
27,Jakobs,Assault Rifle,19,Tediore Payload,JAK_AR.part_barrel_licensed_ted_combo,Tediore Combo
27,Jakobs,Assault Rifle,20,Tediore Payload,JAK_AR.part_barrel_licensed_ted_mirv,Tediore MIRV
27,Jakobs,Assault Rifle,21,Manufacturer Part,JAK_AR.part_barrel_licensed_hyp,
27,Jakobs,Assault Rifle,22,Manufacturer Part,JAK_AR.part_shield_default,
27,Jakobs,Assault Rifle,23,Manufacturer Part,JAK_AR.part_shield_ricochet,
27,Jakobs,Assault Rifle,24,Manufacturer Part,JAK_AR.part_shield_amp,
27,Jakobs,Assault Rifle,25,Magazine,JAK_AR.part_mag_01,
27,Jakobs,Assault Rifle,26,Magazine,JAK_AR.part_mag_02,
27,Jakobs,Assault Rifle,27,Magazine,JAK_AR.part_mag_03_tor,
27,Jakobs,Assault Rifle,28,Magazine,JAK_AR.part_mag_04_cov,
27,Jakobs,Assault Rifle,29,Magazine,JAK_AR.part_mag_05_borg,
27,Jakobs,Assault Rifle,30,Manufacturer Part,JAK_AR.part_mag_torgue_normal,
27,Jakobs,Assault Rifle,31,Manufacturer Part,JAK_AR.part_mag_torgue_sticky,
27,Jakobs,Assault Rifle,32,Tediore Throw Reload,JAK_AR.part_mag_ted_thrown_01,
27,Jakobs,Assault Rifle,33,Tediore Throw Reload,JAK_AR.part_mag_ted_thrown_02,
27,Jakobs,Assault Rifle,34,Tediore Throw Reload,JAK_AR.part_mag_ted_thrown_03_tor,
27,Jakobs,Assault Rifle,35,Tediore Throw Reload,JAK_AR.part_mag_ted_thrown_04_cov,
27,Jakobs,Assault Rifle,36,Tediore Throw Reload,JAK_AR.part_mag_ted_thrown_05_bor,
27,Jakobs,Assault Rifle,37,Scope,JAK_AR.part_scope_ironsight,
27,Jakobs,Assault Rifle,38,Scope,JAK_AR.part_scope_01_lens_01,
27,Jakobs,Assault Rifle,39,Scope,JAK_AR.part_scope_01_lens_02,
27,Jakobs,Assault Rifle,40,Scope,JAK_AR.part_scope_02_lens_01,
27,Jakobs,Assault Rifle,41,Scope,JAK_AR.part_scope_02_lens_02,
27,Jakobs,Assault Rifle,42,Scope Accessory,JAK_AR.part_scope_acc_s01_l01_a,
27,Jakobs,Assault Rifle,43,Scope Accessory,JAK_AR.part_scope_acc_s01_l01_b,
27,Jakobs,Assault Rifle,44,Scope Accessory,JAK_AR.part_scope_acc_s02_l01_a,
27,Jakobs,Assault Rifle,45,Scope Accessory,JAK_AR.part_scope_acc_s02_l01_b,
27,Jakobs,Assault Rifle,46,Scope Accessory,JAK_AR.part_scope_acc_s01_l02_a,
27,Jakobs,Assault Rifle,47,Scope Accessory,JAK_AR.part_scope_acc_s01_l02_b,
27,Jakobs,Assault Rifle,48,Grip,JAK_AR.part_grip_05a_ted_legs,
27,Jakobs,Assault Rifle,49,Grip,JAK_AR.part_grip_05c_ted_jav,
27,Jakobs,Assault Rifle,50,Grip,JAK_AR.part_grip_05b_ted_homing,
27,Jakobs,Assault Rifle,51,Grip,JAK_AR.part_grip_04_hyp,
27,Jakobs,Assault Rifle,52,Grip,JAK_AR.part_grip_01,
27,Jakobs,Assault Rifle,53,Grip,JAK_AR.part_grip_02,
27,Jakobs,Assault Rifle,54,Grip,JAK_AR.part_grip_03,
27,Jakobs,Assault Rifle,55,Underbarrel,JAK_AR.part_underbarrel_03_shotgun,
27,Jakobs,Assault Rifle,56,Underbarrel,JAK_AR.part_underbarrel_01_flintlock,
27,Jakobs,Assault Rifle,57,Underbarrel,JAK_AR.part_underbarrel_02_crank,
27,Jakobs,Assault Rifle,58,Underbarrel,JAK_AR.part_underbarrel_04_atlas_ball,
27,Jakobs,Assault Rifle,59,Underbarrel,JAK_AR.part_underbarrel_04_atlas,
27,Jakobs,Assault Rifle,60,Underbarrel,JAK_AR.part_underbarrel_05_ammoswitcher,
27,Jakobs,Assault Rifle,61,Foregrip,JAK_AR.part_foregrip_01,
27,Jakobs,Assault Rifle,62,Foregrip,JAK_AR.part_foregrip_02,
27,Jakobs,Assault Rifle,63,Foregrip,JAK_AR.part_foregrip_03,
27,Jakobs,Assault Rifle,64,Manufacturer Part,JAK_AR.part_secondary_ammo_smg,
27,Jakobs,Assault Rifle,65,Manufacturer Part,JAK_AR.part_secondary_ammo_sg,
27,Jakobs,Assault Rifle,66,Manufacturer Part,JAK_AR.part_secondary_ammo_sr,
27,Jakobs,Assault Rifle,67,Manufacturer Part,JAK_AR.part_secondary_ammo_ps,
27,Jakobs,Assault Rifle,68,Scope Accessory,JAK_AR.part_scope_acc_s02_l02_a,
27,Jakobs,Assault Rifle,69,Scope Accessory,JAK_AR.part_scope_acc_s02_l02_b,
27,Jakobs,Assault Rifle,71,Scope,JAK_AR.part_scope_02_lens_02_b02,
27,Jakobs,Assault Rifle,73,Barrel,JAK_AR.part_barrel_01_bonnieclyde,Bonnie and Clyde
27,Jakobs,Assault Rifle,75,Barrel,JAK_AR.part_barrel_02_rowan,Rowan's Charge
27,Jakobs,Assault Rifle,76,Barrel,JAK_AR.part_barrel_02_screenwriter,
27,Jakobs,Assault Rifle,78,Barrel,JAK_AR.part_barrel_02_rowdy,Rowdy Rider
27,Jakobs,Assault Rifle,85,Manufacturer Part,JAK_AR.part_shield_ammo,
27,Jakobs,Assault Rifle,80,Barrel,JAK_AR.part_barrel_01_gomie,Gomie
27,Jakobs,Assault Rifle,82,Barrel,JAK_AR.part_barrel_02_fishward,Fishward
27,Jakobs,Assault Rifle,84,Foregrip,JAK_AR.part_underbarrel_02_crank_fishward,
3,Jakobs,Pistol,2,Body,JAK_PS.part_body,
3,Jakobs,Pistol,3,Body Accessory,JAK_PS.part_body_a,
3,Jakobs,Pistol,4,Body Accessory,JAK_PS.part_body_b,
3,Jakobs,Pistol,5,Body Accessory,JAK_PS.part_body_c,
3,Jakobs,Pistol,6,Body Accessory,JAK_PS.part_body_d,
3,Jakobs,Pistol,7,Barrel,JAK_PS.part_barrel_01,Cuca
3,Jakobs,Pistol,8,Barrel,JAK_PS.part_barrel_02,Muki
3,Jakobs,Pistol,9,Manufacturer Part,JAK_PS.part_shield_default,
3,Jakobs,Pistol,10,Manufacturer Part,JAK_PS.part_shield_ricochet,
3,Jakobs,Pistol,11,Manufacturer Part,JAK_PS.part_shield_ammo,
3,Jakobs,Pistol,12,Manufacturer Part,JAK_PS.part_shield_amp,
3,Jakobs,Pistol,13,Magazine,JAK_PS.part_mag_01,
3,Jakobs,Pistol,14,Magazine,JAK_PS.part_mag_02,
3,Jakobs,Pistol,15,Magazine,JAK_PS.part_mag_03_tor,
3,Jakobs,Pistol,16,Magazine,JAK_PS.part_mag_04_cov,
3,Jakobs,Pistol,17,Magazine,JAK_PS.part_mag_05_borg,
3,Jakobs,Pistol,18,Manufacturer Part,JAK_PS.part_mag_torgue_normal,
3,Jakobs,Pistol,19,Manufacturer Part,JAK_PS.part_mag_torgue_sticky,
3,Jakobs,Pistol,20,Tediore Throw Reload,JAK_PS.part_mag_ted_thrown_01,
3,Jakobs,Pistol,21,Tediore Throw Reload,JAK_PS.part_mag_ted_thrown_02,
3,Jakobs,Pistol,22,Tediore Throw Reload,JAK_PS.part_mag_ted_thrown_03_tor,
3,Jakobs,Pistol,23,Tediore Throw Reload,JAK_PS.part_mag_ted_thrown_04_cov,
3,Jakobs,Pistol,24,Tediore Throw Reload,JAK_PS.part_mag_ted_thrown_05_bor,
3,Jakobs,Pistol,25,Scope,JAK_PS.part_scope_ironsight,
3,Jakobs,Pistol,26,Scope,JAK_PS.part_scope_01_lens_01,
3,Jakobs,Pistol,27,Scope,JAK_PS.part_scope_01_lens_02,
3,Jakobs,Pistol,28,Scope,JAK_PS.part_scope_02_lens_01,
3,Jakobs,Pistol,29,Scope,JAK_PS.part_scope_02_lens_02,
3,Jakobs,Pistol,30,Scope Accessory,JAK_PS.part_scope_acc_s01_l01_a,
3,Jakobs,Pistol,31,Scope Accessory,JAK_PS.part_scope_acc_s01_l01_b,
3,Jakobs,Pistol,32,Scope Accessory,JAK_PS.part_scope_acc_s02_l01_a,
3,Jakobs,Pistol,33,Scope Accessory,JAK_PS.part_scope_acc_s02_l01_b,
3,Jakobs,Pistol,34,Scope Accessory,JAK_PS.part_scope_acc_s01_l02_a,
3,Jakobs,Pistol,35,Scope Accessory,JAK_PS.part_scope_acc_s01_l02_b,
3,Jakobs,Pistol,36,Scope Accessory,JAK_PS.part_scope_acc_s02_l02_a,
3,Jakobs,Pistol,37,Scope Accessory,JAK_PS.part_scope_acc_s02_l02_b,
3,Jakobs,Pistol,38,Grip,JAK_PS.part_grip_05b_ted_homing,
3,Jakobs,Pistol,39,Grip,JAK_PS.part_grip_05c_ted_jav,
3,Jakobs,Pistol,40,Grip,JAK_PS.part_grip_05a_ted_legs,
3,Jakobs,Pistol,41,Grip,JAK_PS.part_grip_01,
3,Jakobs,Pistol,42,Grip,JAK_PS.part_grip_02,
3,Jakobs,Pistol,43,Grip,JAK_PS.part_grip_03,
3,Jakobs,Pistol,44,Grip,JAK_PS.part_grip_04_hyp,
3,Jakobs,Pistol,45,Underbarrel,JAK_PS.part_underbarrel_02_knifelauncher,
3,Jakobs,Pistol,46,Underbarrel,JAK_PS.part_underbarrel_01_microrocket,
3,Jakobs,Pistol,47,Underbarrel,JAK_PS.part_underbarrel_05_ammoswitcher,
3,Jakobs,Pistol,48,Underbarrel,JAK_PS.part_underbarrel_04_atlas,
3,Jakobs,Pistol,49,Foregrip,JAK_PS.part_foregrip_02,
3,Jakobs,Pistol,50,Foregrip,JAK_PS.part_foregrip_03,
3,Jakobs,Pistol,51,Barrel Accessory,JAK_PS.part_barrel_01_a,
3,Jakobs,Pistol,52,Barrel Accessory,JAK_PS.part_barrel_01_b,
3,Jakobs,Pistol,53,Barrel Accessory,JAK_PS.part_barrel_01_c,
3,Jakobs,Pistol,54,Barrel Accessory,JAK_PS.part_barrel_01_d,
3,Jakobs,Pistol,55,Barrel Accessory,JAK_PS.part_barrel_02_a,
3,Jakobs,Pistol,56,Barrel Accessory,JAK_PS.part_barrel_02_b,
3,Jakobs,Pistol,57,Barrel Accessory,JAK_PS.part_barrel_02_c,
3,Jakobs,Pistol,58,Barrel Accessory,JAK_PS.part_barrel_02_d,
3,Jakobs,Pistol,59,Tediore Payload,JAK_PS.part_barrel_licensed_ted,Tediore Throw
3,Jakobs,Pistol,60,Tediore Payload,JAK_PS.part_barrel_licensed_ted_shooting,Tediore Shooting
3,Jakobs,Pistol,61,Tediore Payload,JAK_PS.part_barrel_licensed_ted_mirv,Tediore MIRV
3,Jakobs,Pistol,62,Tediore Payload,JAK_PS.part_barrel_licensed_ted_combo,Tediore Combo
3,Jakobs,Pistol,63,Manufacturer Part,JAK_PS.part_barrel_licensed_hyp,
3,Jakobs,Pistol,64,Manufacturer Part,JAK_PS.part_secondary_ammo_smg,
3,Jakobs,Pistol,65,Manufacturer Part,JAK_PS.part_secondary_ammo_sg,
3,Jakobs,Pistol,66,Manufacturer Part,JAK_PS.part_secondary_ammo_ar,
3,Jakobs,Pistol,67,Manufacturer Part,JAK_PS.part_secondary_ammo_sr,
3,Jakobs,Pistol,68,Underbarrel,JAK_PS.part_underbarrel_03_vial,
3,Jakobs,Pistol,69,Underbarrel,JAK_PS.part_underbarrel_04_atlas_ball,
3,Jakobs,Pistol,70,Foregrip,JAK_PS.part_foregrip_01,
3,Jakobs,Pistol,72,Barrel,JAK_PS.part_barrel_quickdraw,San Saba Songbird
3,Jakobs,Pistol,75,Barrel,JAK_PS.part_barrel_02_kingsgambit,King's Gambit
3,Jakobs,Pistol,77,Barrel,JAK_PS.part_barrel_01_phantom_flame,Phantom Flame
3,Jakobs,Pistol,80,Barrel,JAK_PS.part_barrel_01_seventh_sense,Seventh Sense
3,Jakobs,Pistol,82,Barrel,JAK_PS.part_barrel_shalashaska,Shalashaska
3,Jakobs,Pistol,84,Barrel,JAK_PS.part_barrel_shoals,Shoals
9,Jakobs,Shotgun,1,Special Element Set,JAK_SG.part_body_ele_rainbowvomit_cryo_fire_shock,
9,Jakobs,Shotgun,2,Body,JAK_SG.part_body,
9,Jakobs,Shotgun,3,Body Accessory,JAK_SG.part_body_a,
9,Jakobs,Shotgun,4,Body Accessory,JAK_SG.part_body_b,
9,Jakobs,Shotgun,5,Body Accessory,JAK_SG.part_body_c,
9,Jakobs,Shotgun,6,Body Accessory,JAK_SG.part_body_d,
9,Jakobs,Shotgun,7,Barrel,JAK_SG.part_barrel_01,Dullahan
9,Jakobs,Shotgun,8,Barrel,JAK_SG.part_barrel_02,Balor
9,Jakobs,Shotgun,9,Manufacturer Part,JAK_SG.part_shield_default,
9,Jakobs,Shotgun,10,Manufacturer Part,JAK_SG.part_shield_ricochet,
9,Jakobs,Shotgun,11,Manufacturer Part,JAK_SG.part_shield_ammo,
9,Jakobs,Shotgun,12,Manufacturer Part,JAK_SG.part_shield_amp,
9,Jakobs,Shotgun,13,Magazine,JAK_SG.part_mag_05_borg,
9,Jakobs,Shotgun,14,Magazine,JAK_SG.part_mag_04_cov,
9,Jakobs,Shotgun,15,Magazine,JAK_SG.part_mag_03_tor,
9,Jakobs,Shotgun,16,Special Element Set,JAK_SG.part_body_ele_rainbowvomit_cryo_fire_rad,
9,Jakobs,Shotgun,17,Magazine,JAK_SG.part_mag_02,
9,Jakobs,Shotgun,18,Tediore Throw Reload,JAK_SG.part_mag_ted_thrown_01,
9,Jakobs,Shotgun,19,Tediore Throw Reload,JAK_SG.part_mag_ted_thrown_02,
9,Jakobs,Shotgun,20,Tediore Throw Reload,JAK_SG.part_mag_ted_thrown_03_tor,
9,Jakobs,Shotgun,21,Tediore Throw Reload,JAK_SG.part_mag_ted_thrown_04_cov,
9,Jakobs,Shotgun,22,Tediore Throw Reload,JAK_SG.part_mag_ted_thrown_05_bor,
9,Jakobs,Shotgun,23,Scope,JAK_SG.part_scope_ironsight,
9,Jakobs,Shotgun,24,Scope,JAK_SG.part_scope_01_lens_01,
9,Jakobs,Shotgun,25,Scope,JAK_SG.part_scope_01_lens_02,
9,Jakobs,Shotgun,26,Scope,JAK_SG.part_scope_02_lens_01,
9,Jakobs,Shotgun,27,Scope,JAK_SG.part_scope_02_lens_02,
9,Jakobs,Shotgun,28,Scope Accessory,JAK_SG.part_scope_acc_s01_l01_a,
9,Jakobs,Shotgun,29,Scope Accessory,JAK_SG.part_scope_acc_s01_l01_b,
9,Jakobs,Shotgun,30,Scope Accessory,JAK_SG.part_scope_acc_s02_l01_a,
9,Jakobs,Shotgun,31,Scope Accessory,JAK_SG.part_scope_acc_s02_l01_b,
9,Jakobs,Shotgun,32,Scope Accessory,JAK_SG.part_scope_acc_s01_l02_a,
9,Jakobs,Shotgun,33,Scope Accessory,JAK_SG.part_scope_acc_s01_l02_b,
9,Jakobs,Shotgun,34,Scope Accessory,JAK_SG.part_scope_acc_s02_l02_a,
9,Jakobs,Shotgun,35,Scope Accessory,JAK_SG.part_scope_acc_s02_l02_b,
9,Jakobs,Shotgun,36,Grip,JAK_SG.part_grip_05c_ted_jav,
9,Jakobs,Shotgun,37,Grip,JAK_SG.part_grip_05b_ted_homing,
9,Jakobs,Shotgun,38,Grip,JAK_SG.part_grip_04_hyp,
9,Jakobs,Shotgun,39,Grip,JAK_SG.part_grip_05a_ted_legs,
9,Jakobs,Shotgun,40,Grip,JAK_SG.part_grip_01,
9,Jakobs,Shotgun,41,Grip,JAK_SG.part_grip_02,
9,Jakobs,Shotgun,42,Grip,JAK_SG.part_grip_03,
9,Jakobs,Shotgun,43,Underbarrel,JAK_SG.part_underbarrel_04_atlas_ball,
9,Jakobs,Shotgun,44,Underbarrel,JAK_SG.part_underbarrel_04_atlas,
9,Jakobs,Shotgun,45,Underbarrel,JAK_SG.part_underbarrel_03_grenade,
9,Jakobs,Shotgun,46,Underbarrel,JAK_SG.part_underbarrel_02_meathook,
9,Jakobs,Shotgun,47,Foregrip,JAK_SG.part_foregrip_02,
9,Jakobs,Shotgun,48,Foregrip,JAK_SG.part_foregrip_03,
9,Jakobs,Shotgun,49,Underbarrel,JAK_SG.part_underbarrel_05_ammoswitcher,
9,Jakobs,Shotgun,50,Underbarrel,JAK_SG.part_underbarrel_01_knifelauncher,
9,Jakobs,Shotgun,51,Manufacturer Part,JAK_SG.part_secondary_ammo_smg,
9,Jakobs,Shotgun,52,Manufacturer Part,JAK_SG.part_secondary_ammo_ps,
9,Jakobs,Shotgun,53,Manufacturer Part,JAK_SG.part_secondary_ammo_assaultrifle,
9,Jakobs,Shotgun,54,Manufacturer Part,JAK_SG.part_secondary_ammo_sr,
9,Jakobs,Shotgun,55,Barrel Accessory,JAK_SG.part_barrel_01_a,
9,Jakobs,Shotgun,56,Barrel Accessory,JAK_SG.part_barrel_01_b,
9,Jakobs,Shotgun,57,Barrel Accessory,JAK_SG.part_barrel_01_c,
9,Jakobs,Shotgun,58,Barrel Accessory,JAK_SG.part_barrel_01_d,
9,Jakobs,Shotgun,59,Barrel Accessory,JAK_SG.part_barrel_02_a,
9,Jakobs,Shotgun,60,Barrel Accessory,JAK_SG.part_barrel_02_b,
9,Jakobs,Shotgun,61,Barrel Accessory,JAK_SG.part_barrel_02_c,
9,Jakobs,Shotgun,62,Barrel Accessory,JAK_SG.part_barrel_02_d,
9,Jakobs,Shotgun,63,Tediore Payload,JAK_SG.part_barrel_licensed_ted,Tediore Throw
9,Jakobs,Shotgun,64,Tediore Payload,JAK_SG.part_barrel_licensed_ted_shooting,Tediore Shooting
9,Jakobs,Shotgun,65,Tediore Payload,JAK_SG.part_barrel_licensed_ted_mirv,Tediore MIRV
9,Jakobs,Shotgun,66,Tediore Payload,JAK_SG.part_barrel_licensed_ted_combo,Tediore Combo
9,Jakobs,Shotgun,67,Manufacturer Part,JAK_SG.part_barrel_licensed_hyp,
9,Jakobs,Shotgun,68,Foregrip,JAK_SG.part_foregrip_01,
9,Jakobs,Shotgun,69,Manufacturer Part,JAK_SG.part_mag_torgue_normal,
9,Jakobs,Shotgun,70,Manufacturer Part,JAK_SG.part_mag_torgue_sticky,
9,Jakobs,Shotgun,71,Special Element Set,JAK_SG.part_body_ele_rainbowvomit_cor_rad_shock,
9,Jakobs,Shotgun,72,Special Element Set,JAK_SG.part_body_ele_rainbowvomit_cor_fire_shock,
9,Jakobs,Shotgun,73,Special Element Set,JAK_SG.part_body_ele_rainbowvomit_cor_fire_rad,
9,Jakobs,Shotgun,74,Special Element Set,JAK_SG.part_body_ele_rainbowvomit_cor_cryo_shock,
9,Jakobs,Shotgun,75,Special Element Set,JAK_SG.part_body_ele_rainbowvomit_cor_cryo_rad,
9,Jakobs,Shotgun,76,Special Element Set,JAK_SG.part_body_ele_rainbowvomit_cor_cryo_fire,
9,Jakobs,Shotgun,77,Special Element Set,JAK_SG.part_body_ele_rainbowvomit_fire_rad_shock,
9,Jakobs,Shotgun,78,Magazine,JAK_SG.part_mag_01_slugger,Hot Slugger
9,Jakobs,Shotgun,79,Barrel,JAK_SG.part_barrel_01_slugger,Hot Slugger
9,Jakobs,Shotgun,82,Barrel,JAK_SG.part_barrel_01_hellwalker,Hellwalker
9,Jakobs,Shotgun,84,Special Element Set,JAK_SG.part_body_ele_rainbowvomit_cryo_rad_shock,
9,Jakobs,Shotgun,86,Barrel,JAK_SG.part_barrel_rainbowvomit,Rainbow Vomit
9,Jakobs,Shotgun,87,Magazine,JAK_SG.part_mag_rainbowvomit,Rainbow Vomit
9,Jakobs,Shotgun,88,Manufacturer Part,JAK_SG.part_mag_torgue_sticky_tkswave,T.K's Wave
9,Jakobs,Shotgun,89,Manufacturer Part,JAK_SG.part_mag_torgue_normal_tkswave,T.K's Wave
9,Jakobs,Shotgun,90,Barrel,JAK_SG.part_barrel_tkswave,T.K's Wave
9,Jakobs,Shotgun,92,Magazine,JAK_SG.part_mag_02_b02,
9,Jakobs,Shotgun,93,Magazine,JAK_SG.part_mag_01_b01,
9,Jakobs,Shotgun,94,Magazine,JAK_SG.part_mag_01_b02,
9,Jakobs,Shotgun,99,Barrel,JAK_SG.part_barrel_Doeshot,Doeshot
9,Jakobs,Shotgun,102,Barrel,JAK_SG.part_barrel_01_constable,Constable
24,Jakobs,Sniper,2,Body,JAK_SR.part_body,
24,Jakobs,Sniper,3,Body Accessory,JAK_SR.part_body_a,
24,Jakobs,Sniper,4,Body Accessory,JAK_SR.part_body_b,
24,Jakobs,Sniper,5,Body Accessory,JAK_SR.part_body_c,
24,Jakobs,Sniper,6,Body Accessory,JAK_SR.part_body_d,
24,Jakobs,Sniper,7,Barrel,JAK_SR.part_barrel_01,Inkanyamba
24,Jakobs,Sniper,8,Barrel,JAK_SR.part_barrel_02,Xiuhcoatl
24,Jakobs,Sniper,9,Manufacturer Part,JAK_SR.part_shield_default,
24,Jakobs,Sniper,10,Manufacturer Part,JAK_SR.part_shield_ricochet,
24,Jakobs,Sniper,11,Manufacturer Part,JAK_SR.part_shield_ammo,
24,Jakobs,Sniper,12,Manufacturer Part,JAK_SR.part_shield_amp,
24,Jakobs,Sniper,13,Magazine,JAK_SR.part_mag_01,
24,Jakobs,Sniper,14,Magazine,JAK_SR.part_mag_02,
24,Jakobs,Sniper,15,Magazine,JAK_SR.part_mag_03_tor,
24,Jakobs,Sniper,16,Magazine,JAK_SR.part_mag_04_cov,
24,Jakobs,Sniper,17,Magazine,JAK_SR.part_mag_05_borg,
24,Jakobs,Sniper,18,Manufacturer Part,JAK_SR.part_mag_torgue_normal,
24,Jakobs,Sniper,19,Manufacturer Part,JAK_SR.part_mag_torgue_sticky,
24,Jakobs,Sniper,20,Tediore Throw Reload,JAK_SR.part_mag_ted_thrown_01,
24,Jakobs,Sniper,21,Tediore Throw Reload,JAK_SR.part_mag_ted_thrown_02,
24,Jakobs,Sniper,22,Tediore Throw Reload,JAK_SR.part_mag_ted_thrown_03_tor,
24,Jakobs,Sniper,23,Tediore Throw Reload,JAK_SR.part_mag_ted_thrown_04_cov,
24,Jakobs,Sniper,24,Tediore Throw Reload,JAK_SR.part_mag_ted_thrown_05_bor,
24,Jakobs,Sniper,25,Scope,JAK_SR.part_scope_ironsight,
24,Jakobs,Sniper,26,Scope,JAK_SR.part_scope_01_lens_01,
24,Jakobs,Sniper,27,Scope,JAK_SR.part_scope_01_lens_02,
24,Jakobs,Sniper,28,Scope,JAK_SR.part_scope_02_lens_01,
24,Jakobs,Sniper,29,Scope,JAK_SR.part_scope_02_lens_02,
24,Jakobs,Sniper,30,Scope Accessory,JAK_SR.part_scope_acc_s01_l01_a,
24,Jakobs,Sniper,31,Scope Accessory,JAK_SR.part_scope_acc_s01_l01_b,
24,Jakobs,Sniper,32,Scope Accessory,JAK_SR.part_scope_acc_s02_l01_a,
24,Jakobs,Sniper,33,Scope Accessory,JAK_SR.part_scope_acc_s02_l01_b,
24,Jakobs,Sniper,34,Scope Accessory,JAK_SR.part_scope_acc_s01_l02_a,
24,Jakobs,Sniper,35,Scope Accessory,JAK_SR.part_scope_acc_s01_l02_b,
24,Jakobs,Sniper,36,Scope Accessory,JAK_SR.part_scope_acc_s02_l02_a,
24,Jakobs,Sniper,37,Scope Accessory,JAK_SR.part_scope_acc_s02_l02_b,
24,Jakobs,Sniper,38,Grip,JAK_SR.part_grip_05a_ted_legs,
24,Jakobs,Sniper,39,Grip,JAK_SR.part_grip_05c_ted_jav,
24,Jakobs,Sniper,40,Grip,JAK_SR.part_grip_05b_ted_homing,
24,Jakobs,Sniper,41,Grip,JAK_SR.part_grip_04_hyp,
24,Jakobs,Sniper,42,Grip,JAK_SR.part_grip_01,
24,Jakobs,Sniper,43,Grip,JAK_SR.part_grip_02,
24,Jakobs,Sniper,44,Grip,JAK_SR.part_grip_03,
24,Jakobs,Sniper,45,Underbarrel,JAK_SR.part_underbarrel_01_shotgun,
24,Jakobs,Sniper,46,Underbarrel,JAK_SR.part_underbarrel_02_rocket,
24,Jakobs,Sniper,47,Underbarrel,JAK_SR.part_underbarrel_04_atlas_ball,
24,Jakobs,Sniper,48,Underbarrel,JAK_SR.part_underbarrel_05_ammoswitcher,
24,Jakobs,Sniper,49,Foregrip,JAK_SR.part_foregrip_02,
24,Jakobs,Sniper,50,Foregrip,JAK_SR.part_foregrip_03,
24,Jakobs,Sniper,51,Foregrip,JAK_SR.part_foregrip_01,
24,Jakobs,Sniper,52,Underbarrel,JAK_SR.part_underbarrel_04_atlas,
24,Jakobs,Sniper,53,Underbarrel,JAK_SR.part_underbarrel_03_crank,
24,Jakobs,Sniper,54,Manufacturer Part,JAK_SR.part_secondary_ammo_smg,
24,Jakobs,Sniper,55,Manufacturer Part,JAK_SR.part_secondary_ammo_ar,
24,Jakobs,Sniper,56,Manufacturer Part,JAK_SR.part_secondary_ammo_ps,
24,Jakobs,Sniper,57,Barrel Accessory,JAK_SR.part_barrel_01_a,
24,Jakobs,Sniper,58,Barrel Accessory,JAK_SR.part_barrel_01_b,
24,Jakobs,Sniper,59,Barrel Accessory,JAK_SR.part_barrel_01_c,
24,Jakobs,Sniper,60,Barrel Accessory,JAK_SR.part_barrel_01_d,
24,Jakobs,Sniper,61,Barrel Accessory,JAK_SR.part_barrel_02_a,
24,Jakobs,Sniper,62,Barrel Accessory,JAK_SR.part_barrel_02_b,
24,Jakobs,Sniper,63,Barrel Accessory,JAK_SR.part_barrel_02_c,
24,Jakobs,Sniper,64,Barrel Accessory,JAK_SR.part_barrel_02_d,
24,Jakobs,Sniper,65,Tediore Payload,JAK_SR.part_barrel_licensed_ted,Tediore Throw
24,Jakobs,Sniper,66,Tediore Payload,JAK_SR.part_barrel_licensed_ted_shooting,Tediore Shooting
24,Jakobs,Sniper,67,Tediore Payload,JAK_SR.part_barrel_licensed_ted_combo,Tediore Combo
24,Jakobs,Sniper,68,Tediore Payload,JAK_SR.part_barrel_licensed_ted_mirv,Tediore MIRV
24,Jakobs,Sniper,69,Manufacturer Part,JAK_SR.part_barrel_licensed_hyp,
24,Jakobs,Sniper,70,Manufacturer Part,JAK_SR.part_secondary_ammo_sg,
24,Jakobs,Sniper,72,Barrel,JAK_SR.part_barrel_ballista,Borstel Ballista
24,Jakobs,Sniper,74,Barrel,JAK_SR.part_barrel_02_boomslang,Boomslang
24,Jakobs,Sniper,75,Barrel,JAK_SR.part_barrel_truck,Truck
24,Jakobs,Sniper,77,Barrel,JAK_SR.part_barrel_02_fearstalker,Fearstalker
24,Jakobs,Sniper,81,Manufacturer Part,JAK_SR.part_mag_torgue_normal_fearstalker,Fearstalker
24,Jakobs,Sniper,80,Manufacturer Part,JAK_SR.part_mag_torgue_sticky_fearstalker,Fearstalker
10,Maliwan,Shotgun,2,Body,MAL_SG.part_body,
10,Maliwan,Shotgun,3,Body Accessory,MAL_SG.part_body_a,
10,Maliwan,Shotgun,4,Body Accessory,MAL_SG.part_body_b,
10,Maliwan,Shotgun,5,Body Accessory,MAL_SG.part_body_c,
10,Maliwan,Shotgun,6,Body Accessory,MAL_SG.part_body_d,
10,Maliwan,Shotgun,7,Barrel,MAL_SG.part_barrel_01_kickballer,Kickballer
10,Maliwan,Shotgun,8,Barrel,MAL_SG.part_barrel_01,Stellium
10,Maliwan,Shotgun,9,Barrel,MAL_SG.part_barrel_02,Vertex
10,Maliwan,Shotgun,10,Manufacturer Part,MAL_SG.part_shield_default,
10,Maliwan,Shotgun,11,Manufacturer Part,MAL_SG.part_shield_ricochet,
10,Maliwan,Shotgun,12,Manufacturer Part,MAL_SG.part_shield_ammo,
10,Maliwan,Shotgun,13,Manufacturer Part,MAL_SG.part_shield_amp,
10,Maliwan,Shotgun,14,Magazine,MAL_SG.part_mag_05_borg,
10,Maliwan,Shotgun,15,Magazine,MAL_SG.part_mag_04_cov,
10,Maliwan,Shotgun,16,Magazine,MAL_SG.part_mag_01,
10,Maliwan,Shotgun,17,Magazine,MAL_SG.part_mag_02,
10,Maliwan,Shotgun,18,Tediore Throw Reload,MAL_SG.part_mag_ted_thrown_01,
10,Maliwan,Shotgun,19,Tediore Throw Reload,MAL_SG.part_mag_ted_thrown_02,
10,Maliwan,Shotgun,20,Tediore Throw Reload,MAL_SG.part_mag_ted_thrown_03_tor,
10,Maliwan,Shotgun,21,Tediore Throw Reload,MAL_SG.part_mag_ted_thrown_04_cov,
10,Maliwan,Shotgun,22,Tediore Throw Reload,MAL_SG.part_mag_ted_thrown_05_bor,
10,Maliwan,Shotgun,23,Scope,MAL_SG.part_scope_ironsight,
10,Maliwan,Shotgun,24,Scope,MAL_SG.part_scope_01_lens_01,
10,Maliwan,Shotgun,25,Scope,MAL_SG.part_scope_01_lens_02,
10,Maliwan,Shotgun,26,Scope,MAL_SG.part_scope_02_lens_01,
10,Maliwan,Shotgun,27,Scope,MAL_SG.part_scope_02_lens_02,
10,Maliwan,Shotgun,28,Scope Accessory,MAL_SG.part_scope_acc_s01_l01_a,
10,Maliwan,Shotgun,29,Scope Accessory,MAL_SG.part_scope_acc_s01_l01_b,
10,Maliwan,Shotgun,30,Scope Accessory,MAL_SG.part_scope_acc_s02_l01_a,
10,Maliwan,Shotgun,31,Scope Accessory,MAL_SG.part_scope_acc_s02_l01_b,
10,Maliwan,Shotgun,32,Scope Accessory,MAL_SG.part_scope_acc_s01_l02_a,
10,Maliwan,Shotgun,33,Scope Accessory,MAL_SG.part_scope_acc_s01_l02_b,
10,Maliwan,Shotgun,34,Scope Accessory,MAL_SG.part_scope_acc_s02_l02_a,
10,Maliwan,Shotgun,35,Scope Accessory,MAL_SG.part_scope_acc_s02_l02_b,
10,Maliwan,Shotgun,36,Grip,MAL_SG.part_grip_05a_ted_legs,
10,Maliwan,Shotgun,37,Grip,MAL_SG.part_grip_05b_ted_homing,
10,Maliwan,Shotgun,38,Grip,MAL_SG.part_grip_05c_ted_jav,
10,Maliwan,Shotgun,39,Grip,MAL_SG.part_grip_04_hyp,
10,Maliwan,Shotgun,40,Grip,MAL_SG.part_grip_01,
10,Maliwan,Shotgun,41,Grip,MAL_SG.part_grip_02,
10,Maliwan,Shotgun,42,Grip,MAL_SG.part_grip_03,
10,Maliwan,Shotgun,43,Underbarrel,MAL_SG.part_underbarrel_03_beam_tosser,
10,Maliwan,Shotgun,44,Underbarrel,MAL_SG.part_underbarrel_02_energydisc,
10,Maliwan,Shotgun,45,Underbarrel,MAL_SG.part_underbarrel_04_atlas_ball,
10,Maliwan,Shotgun,46,Underbarrel,MAL_SG.part_underbarrel_05_ammoswitcher,
10,Maliwan,Shotgun,47,Foregrip,MAL_SG.part_foregrip_02,
10,Maliwan,Shotgun,48,Foregrip,MAL_SG.part_foregrip_03,
10,Maliwan,Shotgun,49,Underbarrel,MAL_SG.part_underbarrel_01_blowback,
10,Maliwan,Shotgun,50,Underbarrel,MAL_SG.part_underbarrel_04_atlas,
10,Maliwan,Shotgun,51,Foregrip,MAL_SG.part_foregrip_01,
10,Maliwan,Shotgun,52,Manufacturer Part,MAL_SG.part_secondary_ammo_smg,
10,Maliwan,Shotgun,53,Manufacturer Part,MAL_SG.part_secondary_ammo_ar,
10,Maliwan,Shotgun,54,Manufacturer Part,MAL_SG.part_secondary_ammo_ps,
10,Maliwan,Shotgun,55,Manufacturer Part,MAL_SG.part_secondary_ammo_sr,
10,Maliwan,Shotgun,56,Barrel,MAL_SG.part_barrel_01_kaleidosplode,Kaleidosplode
10,Maliwan,Shotgun,58,Barrel,MAL_SG.part_barrel_02_sweet_embrace,Sweet Embrace
10,Maliwan,Shotgun,59,Foregrip,MAL_SG.part_foregrip_04,
10,Maliwan,Shotgun,62,Barrel,MAL_SG.part_barrel_02_mantra,Mantra
10,Maliwan,Shotgun,63,Barrel Accessory,MAL_SG.part_barrel_01_a,
10,Maliwan,Shotgun,64,Barrel Accessory,MAL_SG.part_barrel_01_b,
10,Maliwan,Shotgun,65,Barrel Accessory,MAL_SG.part_barrel_01_c,
10,Maliwan,Shotgun,66,Barrel Accessory,MAL_SG.part_barrel_01_d,
10,Maliwan,Shotgun,67,Barrel Accessory,MAL_SG.part_barrel_02_a,
10,Maliwan,Shotgun,68,Barrel Accessory,MAL_SG.part_barrel_02_b,
10,Maliwan,Shotgun,69,Barrel Accessory,MAL_SG.part_barrel_02_c,
10,Maliwan,Shotgun,70,Barrel Accessory,MAL_SG.part_barrel_02_d,
10,Maliwan,Shotgun,71,Manufacturer Part,MAL_SG.part_barrel_licensed_jak,
10,Maliwan,Shotgun,72,Tediore Payload,MAL_SG.part_barrel_licensed_ted,Tediore Throw
10,Maliwan,Shotgun,73,Tediore Payload,MAL_SG.part_barrel_licensed_ted_shooting,Tediore Shooting
10,Maliwan,Shotgun,74,Tediore Payload,MAL_SG.part_barrel_licensed_ted_mirv,Tediore MIRV
10,Maliwan,Shotgun,75,Tediore Payload,MAL_SG.part_barrel_licensed_ted_combo,Tediore Combo
10,Maliwan,Shotgun,76,Manufacturer Part,MAL_SG.part_barrel_licensed_hyp,
10,Maliwan,Shotgun,77,Manufacturer Part,MAL_SG.part_mag_torgue_normal,
10,Maliwan,Shotgun,78,Manufacturer Part,MAL_SG.part_mag_torgue_sticky,
10,Maliwan,Shotgun,79,Magazine,MAL_SG.part_mag_03_tor,
10,Maliwan,Shotgun,60,Barrel,MAL_SG.part_barrel_01_reminisce,Reminisce
10,Maliwan,Shotgun,82,Barrel,MAL_SG.part_barrel_01_discybusiness,Discy Business
21,Maliwan,SMG,2,Body,MAL_SM.part_body,
21,Maliwan,SMG,3,Body Accessory,MAL_SM.part_body_a,
21,Maliwan,SMG,4,Body Accessory,MAL_SM.part_body_b,
21,Maliwan,SMG,5,Body Accessory,MAL_SM.part_body_c,
21,Maliwan,SMG,6,Body Accessory,MAL_SM.part_body_d,
21,Maliwan,SMG,7,Barrel,MAL_SM.part_barrel_01,Ephemeris
21,Maliwan,SMG,8,Barrel,MAL_SM.part_barrel_02,Synastry
21,Maliwan,SMG,9,Manufacturer Part,MAL_SM.part_shield_default,
21,Maliwan,SMG,10,Manufacturer Part,MAL_SM.part_shield_ricochet,
21,Maliwan,SMG,11,Manufacturer Part,MAL_SM.part_shield_ammo,
21,Maliwan,SMG,12,Manufacturer Part,MAL_SM.part_shield_amp,
21,Maliwan,SMG,13,Magazine,MAL_SM.part_mag_01,
21,Maliwan,SMG,14,Magazine,MAL_SM.part_mag_02,
21,Maliwan,SMG,15,Magazine,MAL_SM.part_mag_03_tor,
21,Maliwan,SMG,16,Magazine,MAL_SM.part_mag_04_cov,
21,Maliwan,SMG,17,Magazine,MAL_SM.part_mag_05_borg,
21,Maliwan,SMG,18,Manufacturer Part,MAL_SM.part_mag_torgue_normal,
21,Maliwan,SMG,19,Manufacturer Part,MAL_SM.part_mag_torgue_sticky,
21,Maliwan,SMG,20,Tediore Throw Reload,MAL_SM.part_mag_ted_thrown_01,
21,Maliwan,SMG,21,Tediore Throw Reload,MAL_SM.part_mag_ted_thrown_02,
21,Maliwan,SMG,22,Tediore Throw Reload,MAL_SM.part_mag_ted_thrown_03_tor,
21,Maliwan,SMG,23,Tediore Throw Reload,MAL_SM.part_mag_ted_thrown_04_cov,
21,Maliwan,SMG,24,Tediore Throw Reload,MAL_SM.part_mag_ted_thrown_05_bor,
21,Maliwan,SMG,25,Scope,MAL_SM.part_scope_ironsight,
21,Maliwan,SMG,26,Scope,MAL_SM.part_scope_01_lens_01,
21,Maliwan,SMG,27,Scope,MAL_SM.part_scope_01_lens_02,
21,Maliwan,SMG,28,Scope,MAL_SM.part_scope_02_lens_01,
21,Maliwan,SMG,29,Scope,MAL_SM.part_scope_02_lens_02,
21,Maliwan,SMG,30,Scope Accessory,MAL_SM.part_scope_acc_S01_L01_a,
21,Maliwan,SMG,31,Scope Accessory,MAL_SM.part_scope_acc_S01_L01_b,
21,Maliwan,SMG,32,Scope Accessory,MAL_SM.part_scope_acc_S02_L01_a,
21,Maliwan,SMG,33,Scope Accessory,MAL_SM.part_scope_acc_S02_L01_b,
21,Maliwan,SMG,34,Scope Accessory,MAL_SM.part_scope_acc_S01_L02_a,
21,Maliwan,SMG,35,Scope Accessory,MAL_SM.part_scope_acc_S01_L02_b,
21,Maliwan,SMG,36,Scope Accessory,MAL_SM.part_scope_acc_S02_L02_a,
21,Maliwan,SMG,37,Scope Accessory,MAL_SM.part_scope_acc_S02_L02_b,
21,Maliwan,SMG,38,Grip,MAL_SM.part_grip_05c_ted_jav,
21,Maliwan,SMG,39,Grip,MAL_SM.part_grip_05b_ted_homing,
21,Maliwan,SMG,40,Grip,MAL_SM.part_grip_05a_ted_legs,
21,Maliwan,SMG,41,Grip,MAL_SM.part_grip_04_hyp,
21,Maliwan,SMG,42,Grip,MAL_SM.part_grip_01,
21,Maliwan,SMG,43,Grip,MAL_SM.part_grip_02,
21,Maliwan,SMG,44,Grip,MAL_SM.part_grip_03,
21,Maliwan,SMG,45,Underbarrel,MAL_SM.part_underbarrel_03_railgun,
21,Maliwan,SMG,46,Underbarrel,MAL_SM.part_underbarrel_02_overcharge,
21,Maliwan,SMG,47,Underbarrel,MAL_SM.part_underbarrel_04_atlas_ball,
21,Maliwan,SMG,48,Underbarrel,MAL_SM.part_underbarrel_05_ammoswitcher,
21,Maliwan,SMG,49,Foregrip,MAL_SM.part_foregrip_02,
21,Maliwan,SMG,50,Foregrip,MAL_SM.part_foregrip_03,
21,Maliwan,SMG,51,Foregrip,MAL_SM.part_foregrip_01,
21,Maliwan,SMG,52,Underbarrel,MAL_SM.part_underbarrel_04_atlas,
21,Maliwan,SMG,53,Underbarrel,MAL_SM.part_underbarrel_01_laserwire,
21,Maliwan,SMG,54,Manufacturer Part,MAL_SM.part_secondary_ammo_sg,
21,Maliwan,SMG,55,Manufacturer Part,MAL_SM.part_secondary_ammo_ar,
21,Maliwan,SMG,56,Manufacturer Part,MAL_SM.part_secondary_ammo_ps,
21,Maliwan,SMG,57,Manufacturer Part,MAL_SM.part_secondary_ammo_sr,
21,Maliwan,SMG,59,Barrel,MAL_SM.part_barrel_01_OhmIGot,Ohm I Got
21,Maliwan,SMG,61,Barrel Accessory,MAL_SM.part_barrel_02_d_PlasmaCoil,Superconducting Plasma Coil
21,Maliwan,SMG,62,Barrel,MAL_SM.part_barrel_02_PlasmaCoil,Plasma Coil
21,Maliwan,SMG,65,Barrel Accessory,MAL_SM.part_barrel_01_a,
21,Maliwan,SMG,66,Barrel Accessory,MAL_SM.part_barrel_01_b,
21,Maliwan,SMG,67,Barrel Accessory,MAL_SM.part_barrel_01_c,
21,Maliwan,SMG,68,Barrel Accessory,MAL_SM.part_barrel_01_d,
21,Maliwan,SMG,69,Barrel Accessory,MAL_SM.part_barrel_02_a,
21,Maliwan,SMG,70,Barrel Accessory,MAL_SM.part_barrel_02_b,
21,Maliwan,SMG,71,Barrel Accessory,MAL_SM.part_barrel_02_c,
21,Maliwan,SMG,72,Barrel Accessory,MAL_SM.part_barrel_02_d,
21,Maliwan,SMG,73,Manufacturer Part,MAL_SM.part_barrel_licensed_jak,
21,Maliwan,SMG,74,Tediore Payload,MAL_SM.part_barrel_licensed_ted,Tediore Throw
21,Maliwan,SMG,75,Tediore Payload,MAL_SM.part_barrel_licensed_ted_shooting,Tediore Shooting
21,Maliwan,SMG,76,Tediore Payload,MAL_SM.part_barrel_licensed_ted_mirv,Tediore MIRV
21,Maliwan,SMG,77,Tediore Payload,MAL_SM.part_barrel_licensed_ted_combo,Tediore Combo
21,Maliwan,SMG,78,Manufacturer Part,MAL_SM.part_barrel_licensed_hyp,
21,Maliwan,SMG,79,Manufacturer Part,MAL_SM.part_mag_torgue_normal_songbird,Broken Wings
21,Maliwan,SMG,80,Barrel,MAL_SM.part_barrel_02_songbird,Broken Wings
21,Maliwan,SMG,84,Barrel,MAL_SM.part_barrel_02_flashcyclone,Flash Cyclone
21,Maliwan,SMG,88,Foregrip,MAL_SM.part_foregrip_01_flashcyclone,Flash Cyclone
21,Maliwan,SMG,87,Foregrip,MAL_SM.part_foregrip_02_flashcyclone,Flash Cyclone
21,Maliwan,SMG,86,Foregrip,MAL_SM.part_foregrip_03_flashcyclone,Flash Cyclone
21,Maliwan,SMG,89,Barrel,MAL_SM.part_barrel_02_juliet,Juliet's Sparkle
25,Maliwan,Sniper,2,Body,MAL_SR.part_body,
25,Maliwan,Sniper,3,Body Accessory,MAL_SR.part_body_a,
25,Maliwan,Sniper,4,Body Accessory,MAL_SR.part_body_b,
25,Maliwan,Sniper,5,Body Accessory,MAL_SR.part_body_c,
25,Maliwan,Sniper,6,Body Accessory,MAL_SR.part_body_d,
25,Maliwan,Sniper,7,Barrel,MAL_SR.part_barrel_01,Midheaven
25,Maliwan,Sniper,8,Barrel,MAL_SR.part_barrel_02,Transit
25,Maliwan,Sniper,9,Manufacturer Part,MAL_SR.part_shield_default,
25,Maliwan,Sniper,10,Manufacturer Part,MAL_SR.part_shield_ricochet,
25,Maliwan,Sniper,11,Manufacturer Part,MAL_SR.part_shield_ammo,
25,Maliwan,Sniper,12,Manufacturer Part,MAL_SR.part_shield_amp,
25,Maliwan,Sniper,13,Magazine,MAL_SR.part_mag_01,
25,Maliwan,Sniper,14,Magazine,MAL_SR.part_mag_02,
25,Maliwan,Sniper,15,Magazine,MAL_SR.part_mag_03_tor,
25,Maliwan,Sniper,16,Magazine,MAL_SR.part_mag_04_cov,
25,Maliwan,Sniper,17,Magazine,MAL_SR.part_mag_05_borg,
25,Maliwan,Sniper,18,Manufacturer Part,MAL_SR.part_mag_torgue_normal,
25,Maliwan,Sniper,19,Manufacturer Part,MAL_SR.part_mag_torgue_sticky,
25,Maliwan,Sniper,20,Barrel,MAL_SR.part_barrel_01_complex_root,Complex Root
25,Maliwan,Sniper,21,Tediore Throw Reload,MAL_SR.part_mag_ted_thrown_01,
25,Maliwan,Sniper,22,Tediore Throw Reload,MAL_SR.part_mag_ted_thrown_02,
25,Maliwan,Sniper,23,Tediore Throw Reload,MAL_SR.part_mag_ted_thrown_03_tor,
25,Maliwan,Sniper,24,Tediore Throw Reload,MAL_SR.part_mag_ted_thrown_04_cov,
25,Maliwan,Sniper,25,Tediore Throw Reload,MAL_SR.part_mag_ted_thrown_05_bor,
25,Maliwan,Sniper,26,Scope,MAL_SR.part_scope_ironsight,
25,Maliwan,Sniper,27,Scope,MAL_SR.part_scope_01_lens_01,
25,Maliwan,Sniper,28,Scope,MAL_SR.part_scope_01_lens_02,
25,Maliwan,Sniper,29,Scope,MAL_SR.part_scope_02_lens_01,
25,Maliwan,Sniper,30,Scope,MAL_SR.part_scope_02_lens_02,
25,Maliwan,Sniper,31,Scope Accessory,MAL_SR.part_scope_acc_s01_l01_a,
25,Maliwan,Sniper,32,Scope Accessory,MAL_SR.part_scope_acc_s01_l01_b,
25,Maliwan,Sniper,33,Scope Accessory,MAL_SR.part_scope_acc_s02_l01_a,
25,Maliwan,Sniper,34,Scope Accessory,MAL_SR.part_scope_acc_s02_l01_b,
25,Maliwan,Sniper,35,Scope Accessory,MAL_SR.part_scope_acc_s01_l02_a,
25,Maliwan,Sniper,36,Scope Accessory,MAL_SR.part_scope_acc_s01_l02_b,
25,Maliwan,Sniper,37,Scope Accessory,MAL_SR.part_scope_acc_s02_l02_a,
25,Maliwan,Sniper,38,Scope Accessory,MAL_SR.part_scope_acc_s02_l02_b,
25,Maliwan,Sniper,39,Grip,MAL_SR.part_grip_05c_ted_jav,
25,Maliwan,Sniper,40,Grip,MAL_SR.part_grip_05b_ted_homing,
25,Maliwan,Sniper,41,Grip,MAL_SR.part_grip_05a_ted_legs,
25,Maliwan,Sniper,42,Grip,MAL_SR.part_grip_04_hyp,
25,Maliwan,Sniper,43,Grip,MAL_SR.part_grip_01,
25,Maliwan,Sniper,44,Grip,MAL_SR.part_grip_02,
25,Maliwan,Sniper,45,Grip,MAL_SR.part_grip_03,
25,Maliwan,Sniper,46,Underbarrel,MAL_SR.part_underbarrel_05_ammoswitcher,
25,Maliwan,Sniper,47,Underbarrel,MAL_SR.part_underbarrel_04_atlas_ball,
25,Maliwan,Sniper,48,Underbarrel,MAL_SR.part_underbarrel_02_multitaser,
25,Maliwan,Sniper,49,Underbarrel,MAL_SR.part_underbarrel_01_singularity,
25,Maliwan,Sniper,50,Foregrip,MAL_SR.part_foregrip_02,
25,Maliwan,Sniper,51,Foregrip,MAL_SR.part_foregrip_03,
25,Maliwan,Sniper,52,Foregrip,MAL_SR.part_foregrip_01,
25,Maliwan,Sniper,53,Underbarrel,MAL_SR.part_underbarrel_03_rocketpod,
25,Maliwan,Sniper,54,Underbarrel,MAL_SR.part_underbarrel_04_atlas,
25,Maliwan,Sniper,55,Manufacturer Part,MAL_SR.part_secondary_ammo_smg,
25,Maliwan,Sniper,56,Manufacturer Part,MAL_SR.part_secondary_ammo_sg,
25,Maliwan,Sniper,57,Manufacturer Part,MAL_SR.part_secondary_ammo_ar,
25,Maliwan,Sniper,58,Manufacturer Part,MAL_SR.part_secondary_ammo_ps,
25,Maliwan,Sniper,60,Barrel,MAL_SR.part_barrel_02_katagawa,Katagawa's Revenge
25,Maliwan,Sniper,62,Foregrip,MAL_SR.part_foregrip_04,
25,Maliwan,Sniper,63,Borg Magazine Adapter,MAL_SR.part_mag_05_borg_barrel_02,
25,Maliwan,Sniper,64,Borg Magazine Adapter,MAL_SR.part_mag_05_borg_barrel_01,
25,Maliwan,Sniper,65,Barrel Accessory,MAL_SR.part_barrel_01_a,
25,Maliwan,Sniper,66,Barrel Accessory,MAL_SR.part_barrel_01_b,
25,Maliwan,Sniper,67,Barrel Accessory,MAL_SR.part_barrel_01_c,
25,Maliwan,Sniper,68,Barrel Accessory,MAL_SR.part_barrel_01_d,
25,Maliwan,Sniper,69,Barrel Accessory,MAL_SR.part_barrel_02_a,
25,Maliwan,Sniper,70,Barrel Accessory,MAL_SR.part_barrel_02_b,
25,Maliwan,Sniper,71,Barrel Accessory,MAL_SR.part_barrel_02_c,
25,Maliwan,Sniper,72,Barrel Accessory,MAL_SR.part_barrel_02_d,
25,Maliwan,Sniper,73,Manufacturer Part,MAL_SR.part_barrel_licensed_jak,
25,Maliwan,Sniper,74,Tediore Payload,MAL_SR.part_barrel_licensed_ted,Tediore Throw
25,Maliwan,Sniper,75,Tediore Payload,MAL_SR.part_barrel_licensed_ted_shooting,Tediore Shooting
25,Maliwan,Sniper,76,Tediore Payload,MAL_SR.part_barrel_licensed_ted_mirv,Tediore MIRV
25,Maliwan,Sniper,77,Tediore Payload,MAL_SR.part_barrel_licensed_ted_combo,Tediore Combo
25,Maliwan,Sniper,78,Manufacturer Part,MAL_SR.part_barrel_licensed_hyp,
25,Maliwan,Sniper,79,Barrel,MAL_SR.part_barrel_01_asher,Asher's Rise
25,Maliwan,Sniper,81,Barrel,MAL_SR.part_barrel_02_conflux,Conflux
25,Maliwan,Sniper,85,Barrel,MAL_SR.part_barrel_01_manifest,Marshall's Claw
25,Maliwan,Sniper,86,Magazine Accessory,MAL_SR.part_mag_05_borg_acc_manifest,Marshall's Claw
15,Order,Assault Rifle,1,Scope,ORD_AR.part_scope_02_lens_02_gmr,
15,Order,Assault Rifle,2,Barrel,ORD_AR.part_barrel_02_gmr,G.M.R.
15,Order,Assault Rifle,3,Body Accessory,ORD_AR.part_body_a,
15,Order,Assault Rifle,4,Body Accessory,ORD_AR.part_body_b,
15,Order,Assault Rifle,5,Body Accessory,ORD_AR.part_body_c,
15,Order,Assault Rifle,6,Body Accessory,ORD_AR.part_body_d,
15,Order,Assault Rifle,7,Barrel,ORD_AR.part_barrel_01,Indiction
15,Order,Assault Rifle,8,Barrel,ORD_AR.part_barrel_02,Schema
15,Order,Assault Rifle,9,Manufacturer Part,ORD_AR.part_shield_default,
15,Order,Assault Rifle,10,Manufacturer Part,ORD_AR.part_shield_ricochet,
15,Order,Assault Rifle,11,Manufacturer Part,ORD_AR.part_shield_ammo,
15,Order,Assault Rifle,12,Manufacturer Part,ORD_AR.part_shield_amp,
15,Order,Assault Rifle,13,Magazine,ORD_AR.part_mag_01,
15,Order,Assault Rifle,14,Magazine,ORD_AR.part_mag_02,
15,Order,Assault Rifle,15,Magazine,ORD_AR.part_mag_04_cov,
15,Order,Assault Rifle,16,Magazine,ORD_AR.part_mag_05_borg,
15,Order,Assault Rifle,17,Tediore Throw Reload,ORD_AR.part_mag_ted_thrown_01,
15,Order,Assault Rifle,18,Tediore Throw Reload,ORD_AR.part_mag_ted_thrown_02,
15,Order,Assault Rifle,19,Tediore Throw Reload,ORD_AR.part_mag_ted_thrown_03_tor,
15,Order,Assault Rifle,20,Tediore Throw Reload,ORD_AR.part_mag_ted_thrown_04_cov,
15,Order,Assault Rifle,21,Tediore Throw Reload,ORD_AR.part_mag_ted_thrown_05_bor,
15,Order,Assault Rifle,22,Scope,ORD_AR.part_scope_02_lens_02,
15,Order,Assault Rifle,23,Scope,ORD_AR.part_scope_02_lens_01,
15,Order,Assault Rifle,24,Scope,ORD_AR.part_scope_01_lens_02,
15,Order,Assault Rifle,25,Scope,ORD_AR.part_scope_01_lens_01,
15,Order,Assault Rifle,26,Scope,ORD_AR.part_scope_ironsight,
15,Order,Assault Rifle,27,Scope Accessory,ORD_AR.part_scope_acc_s01_l01_a,
15,Order,Assault Rifle,28,Scope Accessory,ORD_AR.part_scope_acc_s01_l01_b,
15,Order,Assault Rifle,29,Scope Accessory,ORD_AR.part_scope_acc_s02_l01_a,
15,Order,Assault Rifle,30,Scope Accessory,ORD_AR.part_scope_acc_s02_l01_b,
15,Order,Assault Rifle,31,Scope Accessory,ORD_AR.part_scope_acc_s01_l02_a,
15,Order,Assault Rifle,32,Scope Accessory,ORD_AR.part_scope_acc_s01_l02_b,
15,Order,Assault Rifle,33,Scope Accessory,ORD_AR.part_scope_acc_s02_l02_a,
15,Order,Assault Rifle,34,Scope Accessory,ORD_AR.part_scope_acc_s02_l02_b,
15,Order,Assault Rifle,35,Grip,ORD_AR.part_grip_05a_ted_legs,
15,Order,Assault Rifle,36,Grip,ORD_AR.part_grip_05c_ted_jav,
15,Order,Assault Rifle,37,Grip,ORD_AR.part_grip_05b_ted_homing,
15,Order,Assault Rifle,38,Grip,ORD_AR.part_grip_04_hyp,
15,Order,Assault Rifle,39,Grip,ORD_AR.part_grip_01,
15,Order,Assault Rifle,40,Grip,ORD_AR.part_grip_02,
15,Order,Assault Rifle,41,Grip,ORD_AR.part_grip_03,
15,Order,Assault Rifle,42,Underbarrel,ORD_AR.part_underbarrel_01_seeker,
15,Order,Assault Rifle,43,Underbarrel,ORD_AR.part_underbarrel_03_killdrone,
15,Order,Assault Rifle,44,Underbarrel,ORD_AR.part_underbarrel_04_atlas_ball,
15,Order,Assault Rifle,45,Underbarrel,ORD_AR.part_underbarrel_04_atlas,
15,Order,Assault Rifle,46,Foregrip,ORD_AR.part_foregrip_02,
15,Order,Assault Rifle,47,Foregrip,ORD_AR.part_foregrip_03,
15,Order,Assault Rifle,48,Manufacturer Part,ORD_AR.part_secondary_ammo_sm,
15,Order,Assault Rifle,49,Manufacturer Part,ORD_AR.part_secondary_ammo_sg,
15,Order,Assault Rifle,50,Manufacturer Part,ORD_AR.part_secondary_ammo_ps,
15,Order,Assault Rifle,51,Manufacturer Part,ORD_AR.part_secondary_ammo_sr,
15,Order,Assault Rifle,52,Barrel Accessory,ORD_AR.part_barrel_01_a,
15,Order,Assault Rifle,53,Barrel Accessory,ORD_AR.part_barrel_01_b,
15,Order,Assault Rifle,54,Barrel Accessory,ORD_AR.part_barrel_01_c,
15,Order,Assault Rifle,55,Barrel Accessory,ORD_AR.part_barrel_01_d,
15,Order,Assault Rifle,56,Barrel Accessory,ORD_AR.part_barrel_02_a,
15,Order,Assault Rifle,57,Barrel Accessory,ORD_AR.part_barrel_02_b,
15,Order,Assault Rifle,58,Barrel Accessory,ORD_AR.part_barrel_02_c,
15,Order,Assault Rifle,59,Barrel Accessory,ORD_AR.part_barrel_02_d,
15,Order,Assault Rifle,60,Manufacturer Part,ORD_AR.part_barrel_licensed_jak,
15,Order,Assault Rifle,61,Tediore Payload,ORD_AR.part_barrel_licensed_ted,Tediore Throw
15,Order,Assault Rifle,62,Tediore Payload,ORD_AR.part_barrel_licensed_ted_shooting,Tediore Shooting
15,Order,Assault Rifle,63,Tediore Payload,ORD_AR.part_barrel_licensed_ted_mirv,Tediore MIRV
15,Order,Assault Rifle,64,Tediore Payload,ORD_AR.part_barrel_licensed_ted_combo,Tediore Combo
15,Order,Assault Rifle,65,Manufacturer Part,ORD_AR.part_barrel_licensed_hyp,
15,Order,Assault Rifle,66,Manufacturer Part,ORD_AR.part_mag_torgue_normal,
15,Order,Assault Rifle,67,Manufacturer Part,ORD_AR.part_mag_torgue_sticky,
15,Order,Assault Rifle,68,Underbarrel,ORD_AR.part_underbarrel_02_deathsphere,
15,Order,Assault Rifle,69,Underbarrel,ORD_AR.part_underbarrel_05_ammoswitcher,
15,Order,Assault Rifle,70,Foregrip,ORD_AR.part_foregrip_01,
15,Order,Assault Rifle,71,Magazine,ORD_AR.part_mag_03_tor,
15,Order,Assault Rifle,72,Barrel,ORD_AR.part_barrel_02_goalkeeper,Goalkeeper
15,Order,Assault Rifle,74,Body,ORD_AR.part_body,
15,Order,Assault Rifle,78,Barrel,ORD_AR.part_barrel_02_crowsourced,Crow-Sourced
4,Order,Pistol,1,Magazine,ORD_PS.part_mag_03_rocketreload,Lucky Clover
4,Order,Pistol,2,Body,ORD_PS.part_body,
4,Order,Pistol,3,Body Accessory,ORD_PS.part_body_a,
4,Order,Pistol,4,Body Accessory,ORD_PS.part_body_b,
4,Order,Pistol,5,Body Accessory,ORD_PS.part_body_c,
4,Order,Pistol,6,Body Accessory,ORD_PS.part_body_d,
4,Order,Pistol,7,Barrel,ORD_PS.part_barrel_01,Punct
4,Order,Pistol,8,Barrel,ORD_PS.part_barrel_02,Lemma
4,Order,Pistol,9,Manufacturer Part,ORD_PS.part_shield_default,
4,Order,Pistol,10,Manufacturer Part,ORD_PS.part_shield_ricochet,
4,Order,Pistol,11,Manufacturer Part,ORD_PS.part_shield_ammo,
4,Order,Pistol,12,Manufacturer Part,ORD_PS.part_shield_amp,
4,Order,Pistol,13,Magazine,ORD_PS.part_mag_01,
4,Order,Pistol,14,Magazine,ORD_PS.part_mag_02,
4,Order,Pistol,15,Magazine,ORD_PS.part_mag_04_cov,
4,Order,Pistol,16,Magazine,ORD_PS.part_mag_05_borg,
4,Order,Pistol,17,Tediore Throw Reload,ORD_PS.part_mag_ted_thrown_01,
4,Order,Pistol,18,Tediore Throw Reload,ORD_PS.part_mag_ted_thrown_02,
4,Order,Pistol,19,Tediore Throw Reload,ORD_PS.part_mag_ted_thrown_03_tor,
4,Order,Pistol,20,Tediore Throw Reload,ORD_PS.part_mag_ted_thrown_04_cov,
4,Order,Pistol,21,Tediore Throw Reload,ORD_PS.part_mag_ted_thrown_05_bor,
4,Order,Pistol,22,Scope,ORD_PS.part_scope_ironsight,
4,Order,Pistol,23,Scope,ORD_PS.part_scope_01_lens_01,
4,Order,Pistol,24,Scope,ORD_PS.part_scope_01_lens_02,
4,Order,Pistol,25,Scope,ORD_PS.part_scope_02_lens_01,
4,Order,Pistol,26,Scope,ORD_PS.part_scope_02_lens_02,
4,Order,Pistol,27,Scope Accessory,ORD_PS.part_scope_acc_s01_l01_a,
4,Order,Pistol,28,Scope Accessory,ORD_PS.part_scope_acc_s01_l01_b,
4,Order,Pistol,29,Scope Accessory,ORD_PS.part_scope_acc_s02_l01_a,
4,Order,Pistol,30,Scope Accessory,ORD_PS.part_scope_acc_s02_l01_b,
4,Order,Pistol,31,Scope Accessory,ORD_PS.part_scope_acc_s01_l02_a,
4,Order,Pistol,32,Scope Accessory,ORD_PS.part_scope_acc_s01_l02_b,
4,Order,Pistol,33,Scope Accessory,ORD_PS.part_scope_acc_s02_l02_a,
4,Order,Pistol,34,Scope Accessory,ORD_PS.part_scope_acc_s02_l02_b,
4,Order,Pistol,35,Grip,ORD_PS.part_grip_05c_ted_jav,
4,Order,Pistol,36,Grip,ORD_PS.part_grip_05b_ted_homing,
4,Order,Pistol,37,Grip,ORD_PS.part_grip_05a_ted_legs,
4,Order,Pistol,38,Grip,ORD_PS.part_grip_04_hyp,
4,Order,Pistol,39,Grip,ORD_PS.part_grip_01,
4,Order,Pistol,40,Grip,ORD_PS.part_grip_02,
4,Order,Pistol,41,Grip,ORD_PS.part_grip_03,
4,Order,Pistol,42,Underbarrel,ORD_PS.part_underbarrel_05_ammoswitcher,
4,Order,Pistol,43,Underbarrel,ORD_PS.part_underbarrel_03_rockets,
4,Order,Pistol,44,Underbarrel,ORD_PS.part_underbarrel_01_energyburst,
4,Order,Pistol,45,Underbarrel,ORD_PS.part_underbarrel_04_atlas,
4,Order,Pistol,46,Underbarrel,ORD_PS.part_underbarrel_04_atlas_ball,
4,Order,Pistol,47,Foregrip,ORD_PS.part_foregrip_02,
4,Order,Pistol,48,Foregrip,ORD_PS.part_foregrip_03,
4,Order,Pistol,49,Manufacturer Part,ORD_PS.part_secondary_ammo_sm,
4,Order,Pistol,50,Manufacturer Part,ORD_PS.part_secondary_ammo_sg,
4,Order,Pistol,51,Manufacturer Part,ORD_PS.part_secondary_ammo_ar,
4,Order,Pistol,52,Manufacturer Part,ORD_PS.part_secondary_ammo_sr,
4,Order,Pistol,54,Barrel Accessory,ORD_PS.part_barrel_01_a,
4,Order,Pistol,55,Barrel Accessory,ORD_PS.part_barrel_01_b,
4,Order,Pistol,56,Barrel Accessory,ORD_PS.part_barrel_01_c,
4,Order,Pistol,57,Barrel Accessory,ORD_PS.part_barrel_01_d,
4,Order,Pistol,58,Barrel Accessory,ORD_PS.part_barrel_02_a,
4,Order,Pistol,59,Barrel Accessory,ORD_PS.part_barrel_02_b,
4,Order,Pistol,60,Barrel Accessory,ORD_PS.part_barrel_02_c,
4,Order,Pistol,61,Barrel Accessory,ORD_PS.part_barrel_02_d,
4,Order,Pistol,62,Manufacturer Part,ORD_PS.part_barrel_licensed_jak,
4,Order,Pistol,63,Tediore Payload,ORD_PS.part_barrel_licensed_ted,Tediore Throw
4,Order,Pistol,64,Tediore Payload,ORD_PS.part_barrel_licensed_ted_shooting,Tediore Shooting
4,Order,Pistol,65,Tediore Payload,ORD_PS.part_barrel_licensed_ted_mirv,Tediore MIRV
4,Order,Pistol,66,Tediore Payload,ORD_PS.part_barrel_licensed_ted_combo,Tediore Combo
4,Order,Pistol,67,Manufacturer Part,ORD_PS.part_barrel_licensed_hyp,
4,Order,Pistol,68,Foregrip,ORD_PS.part_foregrip_01,
4,Order,Pistol,69,Manufacturer Part,ORD_PS.part_mag_torgue_normal,
4,Order,Pistol,70,Manufacturer Part,ORD_PS.part_mag_torgue_sticky,
4,Order,Pistol,71,Magazine,ORD_PS.part_mag_03_tor,
4,Order,Pistol,72,Underbarrel,ORD_PS.part_underbarrel_02_gravitywell,
4,Order,Pistol,75,Barrel,ORD_PS.part_barrel_02_bully,Bully
4,Order,Pistol,78,Magazine,ORD_PS.part_mag_noisycricket,Noisy Cricket
4,Order,Pistol,79,Barrel,ORD_PS.part_barrel_noisycricket,Noisy Cricket
4,Order,Pistol,81,Barrel,ORD_PS.part_barrel_02_rocketreload,Lucky Clover
4,Order,Pistol,84,Barrel,ORD_PS.part_barrel_02_Roulette,Roulette
4,Order,Pistol,82,Barrel,ORD_PS.part_barrel_sunspot,Sunspot
4,Order,Pistol,86,Barrel,ORD_PS.part_barrel_rhythm,Rhythm
26,Order,Sniper,2,Body,ORD_SR.part_body,
26,Order,Sniper,3,Body Accessory,ORD_SR.part_body_a,
26,Order,Sniper,4,Body Accessory,ORD_SR.part_body_b,
26,Order,Sniper,5,Body Accessory,ORD_SR.part_body_c,
26,Order,Sniper,6,Body Accessory,ORD_SR.part_body_d,
26,Order,Sniper,7,Barrel,ORD_SR.part_barrel_01,Yuga
26,Order,Sniper,8,Barrel,ORD_SR.part_barrel_02,Piktun
26,Order,Sniper,9,Barrel Accessory,ORD_SR.part_barrel_01_a,
26,Order,Sniper,10,Barrel Accessory,ORD_SR.part_barrel_01_c,
26,Order,Sniper,11,Barrel Accessory,ORD_SR.part_barrel_01_d,
26,Order,Sniper,12,Barrel Accessory,ORD_SR.part_barrel_02_a,
26,Order,Sniper,13,Barrel Accessory,ORD_SR.part_barrel_02_b,
26,Order,Sniper,14,Barrel Accessory,ORD_SR.part_barrel_02_c,
26,Order,Sniper,15,Barrel Accessory,ORD_SR.part_barrel_02_d,
26,Order,Sniper,16,Manufacturer Part,ORD_SR.part_barrel_licensed_jak,
26,Order,Sniper,17,Tediore Payload,ORD_SR.part_barrel_licensed_ted,Tediore Throw
26,Order,Sniper,18,Tediore Payload,ORD_SR.part_barrel_licensed_ted_shooting,Tediore Shooting
26,Order,Sniper,19,Tediore Payload,ORD_SR.part_barrel_licensed_ted_mirv,Tediore MIRV
26,Order,Sniper,20,Tediore Payload,ORD_SR.part_barrel_licensed_ted_combo,Tediore Combo
26,Order,Sniper,21,Manufacturer Part,ORD_SR.part_barrel_licensed_hyp,
26,Order,Sniper,22,Barrel Accessory,ORD_SR.part_barrel_01_b,
26,Order,Sniper,23,Manufacturer Part,ORD_SR.part_shield_default,
26,Order,Sniper,24,Manufacturer Part,ORD_SR.part_shield_ricochet,
26,Order,Sniper,25,Manufacturer Part,ORD_SR.part_shield_ammo,
26,Order,Sniper,26,Manufacturer Part,ORD_SR.part_shield_amp,
26,Order,Sniper,27,Magazine,ORD_SR.part_mag_01,
26,Order,Sniper,28,Magazine,ORD_SR.part_mag_02,
26,Order,Sniper,29,Magazine,ORD_SR.part_mag_04_cov,
26,Order,Sniper,30,Magazine,ORD_SR.part_mag_05_borg,
26,Order,Sniper,31,Tediore Throw Reload,ORD_SR.part_mag_ted_thrown_01,
26,Order,Sniper,32,Tediore Throw Reload,ORD_SR.part_mag_ted_thrown_02,
26,Order,Sniper,33,Tediore Throw Reload,ORD_SR.part_mag_ted_thrown_03_tor,
26,Order,Sniper,34,Tediore Throw Reload,ORD_SR.part_mag_ted_thrown_04_cov,
26,Order,Sniper,35,Tediore Throw Reload,ORD_SR.part_mag_ted_thrown_05_bor,
26,Order,Sniper,36,Scope,ORD_SR.part_scope_ironsight,
26,Order,Sniper,37,Scope,ORD_SR.part_scope_01_lens_01,
26,Order,Sniper,38,Scope,ORD_SR.part_scope_01_lens_02,
26,Order,Sniper,39,Scope,ORD_SR.part_scope_02_lens_01,
26,Order,Sniper,40,Scope,ORD_SR.part_scope_02_lens_02,
26,Order,Sniper,41,Scope Accessory,ORD_SR.part_scope_acc_s01_l01_a,
26,Order,Sniper,42,Scope Accessory,ORD_SR.part_scope_acc_s01_l01_b,
26,Order,Sniper,43,Scope Accessory,ORD_SR.part_scope_acc_s02_l01_a,
26,Order,Sniper,44,Scope Accessory,ORD_SR.part_scope_acc_s02_l01_b,
26,Order,Sniper,45,Scope Accessory,ORD_SR.part_scope_acc_s01_l02_a,
26,Order,Sniper,46,Scope Accessory,ORD_SR.part_scope_acc_s01_l02_b,
26,Order,Sniper,47,Scope Accessory,ORD_SR.part_scope_acc_s02_l02_a,
26,Order,Sniper,48,Scope Accessory,ORD_SR.part_scope_acc_s02_l02_b,
26,Order,Sniper,49,Grip,ORD_SR.part_grip_05c_ted_jav,
26,Order,Sniper,50,Grip,ORD_SR.part_grip_05b_ted_homing,
26,Order,Sniper,51,Grip,ORD_SR.part_grip_05a_ted_legs,
26,Order,Sniper,52,Grip,ORD_SR.part_grip_04_hyp,
26,Order,Sniper,53,Grip,ORD_SR.part_grip_01,
26,Order,Sniper,54,Grip,ORD_SR.part_grip_02,
26,Order,Sniper,55,Grip,ORD_SR.part_grip_03,
26,Order,Sniper,56,Underbarrel,ORD_SR.part_underbarrel_05_ammoswitcher,
26,Order,Sniper,57,Underbarrel,ORD_SR.part_underbarrel_02_tether_snare,
26,Order,Sniper,58,Underbarrel,ORD_SR.part_underbarrel_03_railgun,
26,Order,Sniper,59,Underbarrel,ORD_SR.part_underbarrel_04_atlas,
26,Order,Sniper,60,Foregrip,ORD_SR.part_foregrip_02,
26,Order,Sniper,61,Foregrip,ORD_SR.part_foregrip_03,
26,Order,Sniper,62,Underbarrel,ORD_SR.part_underbarrel_01_spear,
26,Order,Sniper,63,Underbarrel,ORD_SR.part_underbarrel_04_atlas_ball,
26,Order,Sniper,64,Foregrip,ORD_SR.part_foregrip_01,
26,Order,Sniper,65,Manufacturer Part,ORD_SR.part_secondary_ammo_sm,
26,Order,Sniper,66,Manufacturer Part,ORD_SR.part_secondary_ammo_sg,
26,Order,Sniper,67,Manufacturer Part,ORD_SR.part_secondary_ammo_ar,
26,Order,Sniper,68,Manufacturer Part,ORD_SR.part_secondary_ammo_ps,
26,Order,Sniper,69,Manufacturer Part,ORD_SR.part_mag_torgue_normal,
26,Order,Sniper,70,Manufacturer Part,ORD_SR.part_mag_torgue_sticky,
26,Order,Sniper,71,Magazine,ORD_SR.part_mag_03_tor,
26,Order,Sniper,72,Barrel,ORD_SR.part_barrel_02_symmetry,Symmetry
26,Order,Sniper,74,Magazine,ORD_SR.part_mag_01_fisheye,Fisheye
26,Order,Sniper,75,Barrel,ORD_SR.part_barrel_01_fisheye,Fisheye
26,Order,Sniper,77,Underbarrel,ORD_SR.part_underbarrel_03_seamstress,Rooker
26,Order,Sniper,78,Barrel,ORD_SR.part_barrel_01_seamstress,Rooker
26,Order,Sniper,83,Barrel,ORD_SR.part_barrel_02_temper,Solar Temper
26,Order,Sniper,80,Foregrip,ORD_SR.part_underbarrel_02_tether_snare_ishmael,
26,Order,Sniper,81,Barrel,ORD_SR.part_barrel_02_ishmael,Ishmael
7,Ripper,Shotgun,1,Barrel,BOR_SG.part_barrel_02_goremaster,Goremaster
7,Ripper,Shotgun,2,Body,BOR_SG.part_body,
7,Ripper,Shotgun,3,Body Accessory,BOR_SG.part_body_a,
7,Ripper,Shotgun,4,Body Accessory,BOR_SG.part_body_b,
7,Ripper,Shotgun,5,Body Accessory,BOR_SG.part_body_c,
7,Ripper,Shotgun,6,Body Accessory,BOR_SG.part_body_d,
7,Ripper,Shotgun,7,Barrel,BOR_SG.part_barrel_01,Weldwyrm
7,Ripper,Shotgun,8,Barrel,BOR_SG.part_barrel_02,Hellhound
7,Ripper,Shotgun,9,Manufacturer Part,BOR_SG.part_shield_default,
7,Ripper,Shotgun,10,Manufacturer Part,BOR_SG.part_shield_ricochet,
7,Ripper,Shotgun,11,Manufacturer Part,BOR_SG.part_shield_ammo,
7,Ripper,Shotgun,12,Manufacturer Part,BOR_SG.part_shield_amp,
7,Ripper,Shotgun,13,Magazine,BOR_SG.part_mag_04_cov,
7,Ripper,Shotgun,14,Magazine,BOR_SG.part_mag_03_tor,
7,Ripper,Shotgun,15,Magazine,BOR_SG.part_mag_01,
7,Ripper,Shotgun,16,Magazine,BOR_SG.part_mag_02,
7,Ripper,Shotgun,17,Magazine,BOR_SG.part_mag_goldengod,Golden God
7,Ripper,Shotgun,18,Barrel,BOR_SG.part_barrel_goldengod,Golden God
7,Ripper,Shotgun,22,Tediore Throw Reload,BOR_SG.part_mag_ted_thrown_01,
7,Ripper,Shotgun,23,Tediore Throw Reload,BOR_SG.part_mag_ted_thrown_02,
7,Ripper,Shotgun,24,Tediore Throw Reload,BOR_SG.part_mag_ted_thrown_03_tor,
7,Ripper,Shotgun,25,Tediore Throw Reload,BOR_SG.part_mag_ted_thrown_04_cov,
7,Ripper,Shotgun,26,Scope,BOR_SG.part_scope_02_lens_02,
7,Ripper,Shotgun,27,Scope,BOR_SG.part_scope_02_lens_01,
7,Ripper,Shotgun,28,Scope,BOR_SG.part_scope_01_lens_02,
7,Ripper,Shotgun,29,Scope,BOR_SG.part_scope_01_lens_01,
7,Ripper,Shotgun,30,Scope,BOR_SG.part_scope_ironsight,
7,Ripper,Shotgun,31,Scope Accessory,BOR_SG.part_scope_acc_s01_l01_a,
7,Ripper,Shotgun,32,Scope Accessory,BOR_SG.part_scope_acc_s01_l01_b,
7,Ripper,Shotgun,33,Scope Accessory,BOR_SG.part_scope_acc_s02_l01_a,
7,Ripper,Shotgun,34,Scope Accessory,BOR_SG.part_scope_acc_s02_l01_b,
7,Ripper,Shotgun,35,Scope Accessory,BOR_SG.part_scope_acc_s01_l02_a,
7,Ripper,Shotgun,36,Scope Accessory,BOR_SG.part_scope_acc_s01_l02_b,
7,Ripper,Shotgun,37,Scope Accessory,BOR_SG.part_scope_acc_s02_l02_a,
7,Ripper,Shotgun,38,Scope Accessory,BOR_SG.part_scope_acc_s02_l02_b,
7,Ripper,Shotgun,39,Grip,BOR_SG.part_grip_05c_ted_jav,
7,Ripper,Shotgun,40,Grip,BOR_SG.part_grip_05a_ted_legs,
7,Ripper,Shotgun,41,Grip,BOR_SG.part_grip_05b_ted_homing,
7,Ripper,Shotgun,42,Grip,BOR_SG.part_grip_01,
7,Ripper,Shotgun,43,Grip,BOR_SG.part_grip_02,
7,Ripper,Shotgun,44,Grip,BOR_SG.part_grip_03,
7,Ripper,Shotgun,45,Grip,BOR_SG.part_grip_04_hyp,
7,Ripper,Shotgun,46,Underbarrel,BOR_SG.part_underbarrel_04_atlas_ball,
7,Ripper,Shotgun,47,Underbarrel,BOR_SG.part_underbarrel_04_atlas,
7,Ripper,Shotgun,48,Underbarrel,BOR_SG.part_underbarrel_01_beam,
7,Ripper,Shotgun,49,Underbarrel,BOR_SG.part_underbarrel_02_gauss,
7,Ripper,Shotgun,50,Foregrip,BOR_SG.part_foregrip_01,
7,Ripper,Shotgun,51,Foregrip,BOR_SG.part_foregrip_03,
7,Ripper,Shotgun,52,Underbarrel,BOR_SG.part_underbarrel_05_ammoswitcher,
7,Ripper,Shotgun,53,Underbarrel,BOR_SG.part_underbarrel_06_malswitch,
7,Ripper,Shotgun,60,Manufacturer Part,BOR_SG.part_secondary_ammo_smg,
7,Ripper,Shotgun,61,Manufacturer Part,BOR_SG.part_secondary_ammo_ar,
7,Ripper,Shotgun,62,Manufacturer Part,BOR_SG.part_secondary_ammo_ps,
7,Ripper,Shotgun,63,Manufacturer Part,BOR_SG.part_secondary_ammo_sr,
7,Ripper,Shotgun,64,Barrel,BOR_SG.part_unique_barrel_02_convergence,Hellhound
7,Ripper,Shotgun,66,Barrel Accessory,BOR_SG.part_barrel_01_a,
7,Ripper,Shotgun,67,Barrel Accessory,BOR_SG.part_barrel_01_b,
7,Ripper,Shotgun,68,Barrel Accessory,BOR_SG.part_barrel_01_c,
7,Ripper,Shotgun,69,Barrel Accessory,BOR_SG.part_barrel_01_d,
7,Ripper,Shotgun,70,Barrel Accessory,BOR_SG.part_barrel_02_a,
7,Ripper,Shotgun,71,Barrel Accessory,BOR_SG.part_barrel_02_b,
7,Ripper,Shotgun,72,Barrel Accessory,BOR_SG.part_barrel_02_c,
7,Ripper,Shotgun,73,Barrel Accessory,BOR_SG.part_barrel_02_d,
7,Ripper,Shotgun,74,Manufacturer Part,BOR_SG.part_barrel_licensed_jak,
7,Ripper,Shotgun,75,Tediore Payload,BOR_SG.part_barrel_licensed_ted,Tediore Throw
7,Ripper,Shotgun,76,Tediore Payload,BOR_SG.part_barrel_licensed_ted_shooting,Tediore Shooting
7,Ripper,Shotgun,77,Tediore Payload,BOR_SG.part_barrel_licensed_ted_mirv,Tediore MIRV
7,Ripper,Shotgun,78,Tediore Payload,BOR_SG.part_barrel_licensed_ted_combo,Tediore Combo
7,Ripper,Shotgun,79,Manufacturer Part,BOR_SG.part_barrel_licensed_hyp,
7,Ripper,Shotgun,80,Underbarrel,BOR_SG.part_underbarrel_03_discharge,
7,Ripper,Shotgun,81,Foregrip,BOR_SG.part_foregrip_02,
7,Ripper,Shotgun,82,Manufacturer Part,BOR_SG.part_mag_torgue_normal,
7,Ripper,Shotgun,83,Manufacturer Part,BOR_SG.part_mag_torgue_sticky,
7,Ripper,Shotgun,55,Barrel,BOR_SG.part_unique_barrel_02_demo,Hair Trigger
7,Ripper,Shotgun,21,Barrel,BOR_SG.part_barrel_crazedearl,Crazed Earl
7,Ripper,Shotgun,58,Magazine,BOR_SG.part_mag_01_crazedearl,Crazed Earl
7,Ripper,Shotgun,57,Magazine,BOR_SG.part_mag_02_crazedearl,Crazed Earl
19,Ripper,SMG,2,Body,BOR_SM.part_body,
19,Ripper,SMG,3,Body Accessory,BOR_SM.part_body_a,
19,Ripper,SMG,4,Body Accessory,BOR_SM.part_body_b,
19,Ripper,SMG,5,Body Accessory,BOR_SM.part_body_c,
19,Ripper,SMG,6,Body Accessory,BOR_SM.part_body_d,
19,Ripper,SMG,7,Barrel,BOR_SM.part_barrel_01,Phage
19,Ripper,SMG,8,Barrel,BOR_SM.part_barrel_02,Infestation
19,Ripper,SMG,9,Manufacturer Part,BOR_SM.part_shield_default,
19,Ripper,SMG,10,Manufacturer Part,BOR_SM.part_shield_ricochet,
19,Ripper,SMG,11,Manufacturer Part,BOR_SM.part_shield_ammo,
19,Ripper,SMG,12,Manufacturer Part,BOR_SM.part_shield_amp,
19,Ripper,SMG,13,Magazine,BOR_SM.part_mag_01,
19,Ripper,SMG,14,Magazine,BOR_SM.part_mag_02,
19,Ripper,SMG,15,Magazine,BOR_SM.part_mag_03_tor,
19,Ripper,SMG,16,Magazine,BOR_SM.part_mag_04_cov,
19,Ripper,SMG,17,Barrel,BOR_SM.part_barrel_02_prince,Prince Harming
19,Ripper,SMG,20,Barrel,BOR_SM.part_barrel_01_hellfire,Hellfire
19,Ripper,SMG,21,Underbarrel,BOR_SM.part_underbarrel_05_Roil,Roil
19,Ripper,SMG,22,Tediore Throw Reload,BOR_SM.part_mag_ted_thrown_01,
19,Ripper,SMG,23,Tediore Throw Reload,BOR_SM.part_mag_ted_thrown_02,
19,Ripper,SMG,24,Tediore Throw Reload,BOR_SM.part_mag_ted_thrown_03_tor,
19,Ripper,SMG,25,Tediore Throw Reload,BOR_SM.part_mag_ted_thrown_04_cov,
19,Ripper,SMG,26,Scope,BOR_SM.part_scope_ironsight,
19,Ripper,SMG,27,Scope,BOR_SM.part_scope_01_lens_01,
19,Ripper,SMG,28,Scope,BOR_SM.part_scope_01_lens_02,
19,Ripper,SMG,29,Scope,BOR_SM.part_scope_02_lens_01,
19,Ripper,SMG,30,Scope,BOR_SM.part_scope_02_lens_02,
19,Ripper,SMG,31,Scope Accessory,BOR_SM.part_scope_acc_s01_l01_a,
19,Ripper,SMG,32,Scope Accessory,BOR_SM.part_scope_acc_s01_l01_b,
19,Ripper,SMG,33,Scope Accessory,BOR_SM.part_scope_acc_s02_l01_a,
19,Ripper,SMG,34,Scope Accessory,BOR_SM.part_scope_acc_s02_l01_b,
19,Ripper,SMG,35,Scope Accessory,BOR_SM.part_scope_acc_s01_l02_a,
19,Ripper,SMG,36,Scope Accessory,BOR_SM.part_scope_acc_s01_l02_b,
19,Ripper,SMG,37,Scope Accessory,BOR_SM.part_scope_acc_s02_l02_a,
19,Ripper,SMG,38,Scope Accessory,BOR_SM.part_scope_acc_s02_l02_b,
19,Ripper,SMG,39,Grip,BOR_SM.part_grip_05a_ted_legs,
19,Ripper,SMG,40,Grip,BOR_SM.part_grip_05c_ted_jav,
19,Ripper,SMG,41,Grip,BOR_SM.part_grip_05b_ted_homing,
19,Ripper,SMG,42,Grip,BOR_SM.part_grip_01,
19,Ripper,SMG,43,Grip,BOR_SM.part_grip_02,
19,Ripper,SMG,44,Grip,BOR_SM.part_grip_03,
19,Ripper,SMG,45,Grip,BOR_SM.part_grip_04_hyp,
19,Ripper,SMG,46,Underbarrel,BOR_SM.part_underbarrel_03_gastrap,
19,Ripper,SMG,47,Underbarrel,BOR_SM.part_underbarrel_02_drunkrocket,
19,Ripper,SMG,48,Underbarrel,BOR_SM.part_underbarrel_06_malswitch,
19,Ripper,SMG,49,Underbarrel,BOR_SM.part_underbarrel_04_atlas,
19,Ripper,SMG,50,Foregrip,BOR_SM.part_foregrip_01,
19,Ripper,SMG,51,Foregrip,BOR_SM.part_foregrip_03,
19,Ripper,SMG,52,Underbarrel,BOR_SM.part_underbarrel_01_shrapnel,
19,Ripper,SMG,53,Underbarrel,BOR_SM.part_underbarrel_04_atlas_ball,
19,Ripper,SMG,54,Underbarrel,BOR_SM.part_underbarrel_05_ammoswitcher,
19,Ripper,SMG,55,Foregrip,BOR_SM.part_foregrip_02,
19,Ripper,SMG,57,Barrel,BOR_SM.part_barrel_01_Roil,Roil
19,Ripper,SMG,62,Manufacturer Part,BOR_SM.part_secondary_ammo_sg,
19,Ripper,SMG,63,Manufacturer Part,BOR_SM.part_secondary_ammo_ar,
19,Ripper,SMG,64,Manufacturer Part,BOR_SM.part_secondary_ammo_ps,
19,Ripper,SMG,65,Manufacturer Part,BOR_SM.part_secondary_ammo_sr,
19,Ripper,SMG,66,Barrel Accessory,BOR_SM.part_barrel_01_a,
19,Ripper,SMG,67,Barrel Accessory,BOR_SM.part_barrel_01_b,
19,Ripper,SMG,68,Barrel Accessory,BOR_SM.part_barrel_01_c,
19,Ripper,SMG,69,Barrel Accessory,BOR_SM.part_barrel_01_d,
19,Ripper,SMG,70,Barrel Accessory,BOR_SM.part_barrel_02_a,
19,Ripper,SMG,71,Barrel Accessory,BOR_SM.part_barrel_02_b,
19,Ripper,SMG,72,Barrel Accessory,BOR_SM.part_barrel_02_c,
19,Ripper,SMG,73,Barrel Accessory,BOR_SM.part_barrel_02_d,
19,Ripper,SMG,74,Manufacturer Part,BOR_SM.part_barrel_licensed_jak,
19,Ripper,SMG,75,Tediore Payload,BOR_SM.part_barrel_licensed_ted,Tediore Throw
19,Ripper,SMG,76,Tediore Payload,BOR_SM.part_barrel_licensed_ted_shooting,Tediore Shooting
19,Ripper,SMG,77,Tediore Payload,BOR_SM.part_barrel_licensed_ted_mirv,Tediore MIRV
19,Ripper,SMG,78,Tediore Payload,BOR_SM.part_barrel_licensed_ted_combo,Tediore Combo
19,Ripper,SMG,79,Manufacturer Part,BOR_SM.part_barrel_licensed_hyp,
19,Ripper,SMG,80,Manufacturer Part,BOR_SM.part_mag_torgue_normal,
19,Ripper,SMG,81,Manufacturer Part,BOR_SM.part_mag_torgue_sticky,
19,Ripper,SMG,58,Barrel,BOR_SM.part_barrel_01_falke,Falke
19,Ripper,SMG,60,Barrel,BOR_SM.part_barrel_01_jailbroken,Jail-Broken Gatling
23,Ripper,Sniper,2,Body,BOR_SR.part_body,
23,Ripper,Sniper,3,Body Accessory,BOR_SR.part_body_a,
23,Ripper,Sniper,4,Body Accessory,BOR_SR.part_body_b,
23,Ripper,Sniper,5,Body Accessory,BOR_SR.part_body_c,
23,Ripper,Sniper,6,Body Accessory,BOR_SR.part_body_d,
23,Ripper,Sniper,7,Barrel,BOR_SR.part_barrel_01,Nullsaint
23,Ripper,Sniper,8,Barrel,BOR_SR.part_barrel_02,Daemon
23,Ripper,Sniper,9,Manufacturer Part,BOR_SR.part_shield_default,
23,Ripper,Sniper,10,Manufacturer Part,BOR_SR.part_shield_ricochet,
23,Ripper,Sniper,11,Manufacturer Part,BOR_SR.part_shield_ammo,
23,Ripper,Sniper,12,Manufacturer Part,BOR_SR.part_shield_amp,
23,Ripper,Sniper,13,Magazine,BOR_SR.part_mag_01,
23,Ripper,Sniper,14,Magazine,BOR_SR.part_mag_02,
23,Ripper,Sniper,15,Magazine,BOR_SR.part_mag_04_cov,
23,Ripper,Sniper,16,Manufacturer Part,BOR_SR.part_mag_torgue_normal,
23,Ripper,Sniper,17,Manufacturer Part,BOR_SR.part_mag_torgue_sticky,
23,Ripper,Sniper,20,Barrel,BOR_SR.part_barrel_01_stray,Stray
23,Ripper,Sniper,21,Barrel,BOR_SR.part_barrel_02_vamoose,Vamoose
23,Ripper,Sniper,23,Tediore Throw Reload,BOR_SR.part_mag_ted_thrown_01,
23,Ripper,Sniper,24,Tediore Throw Reload,BOR_SR.part_mag_ted_thrown_02,
23,Ripper,Sniper,25,Tediore Throw Reload,BOR_SR.part_mag_ted_thrown_03_tor,
23,Ripper,Sniper,26,Scope,BOR_SR.part_scope_ironsight,
23,Ripper,Sniper,27,Scope,BOR_SR.part_scope_01_lens_01,
23,Ripper,Sniper,28,Scope,BOR_SR.part_scope_01_lens_02,
23,Ripper,Sniper,29,Scope,BOR_SR.part_scope_02_lens_01,
23,Ripper,Sniper,30,Scope,BOR_SR.part_scope_02_lens_02,
23,Ripper,Sniper,31,Scope Accessory,BOR_SR.part_scope_acc_s01_l01_a,
23,Ripper,Sniper,32,Scope Accessory,BOR_SR.part_scope_acc_s01_l01_b,
23,Ripper,Sniper,33,Scope Accessory,BOR_SR.part_scope_acc_s02_l01_a,
23,Ripper,Sniper,34,Scope Accessory,BOR_SR.part_scope_acc_s02_l01_b,
23,Ripper,Sniper,35,Scope Accessory,BOR_SR.part_scope_acc_s01_l02_a,
23,Ripper,Sniper,36,Scope Accessory,BOR_SR.part_scope_acc_s01_l02_b,
23,Ripper,Sniper,37,Scope Accessory,BOR_SR.part_scope_acc_s02_l02_a,
23,Ripper,Sniper,38,Scope Accessory,BOR_SR.part_scope_acc_s02_l02_b,
23,Ripper,Sniper,39,Grip,BOR_SR.part_grip_05a_ted_legs,
23,Ripper,Sniper,40,Grip,BOR_SR.part_grip_05c_ted_jav,
23,Ripper,Sniper,41,Grip,BOR_SR.part_grip_05b_ted_homing,
23,Ripper,Sniper,42,Grip,BOR_SR.part_grip_04_hyp,
23,Ripper,Sniper,43,Grip,BOR_SR.part_grip_01,
23,Ripper,Sniper,44,Grip,BOR_SR.part_grip_02,
23,Ripper,Sniper,45,Grip,BOR_SR.part_grip_03,
23,Ripper,Sniper,46,Underbarrel,BOR_SR.part_underbarrel_06_malswitch,
23,Ripper,Sniper,47,Underbarrel,BOR_SR.part_underbarrel_02_seeker,
23,Ripper,Sniper,48,Underbarrel,BOR_SR.part_underbarrel_01_gravtrap,
23,Ripper,Sniper,49,Underbarrel,BOR_SR.part_underbarrel_04_atlas,
23,Ripper,Sniper,50,Foregrip,BOR_SR.part_foregrip_01,
23,Ripper,Sniper,51,Foregrip,BOR_SR.part_foregrip_03,
23,Ripper,Sniper,52,Foregrip,BOR_SR.part_foregrip_02,
23,Ripper,Sniper,53,Underbarrel,BOR_SR.part_underbarrel_05_ammoswitcher,
23,Ripper,Sniper,54,Underbarrel,BOR_SR.part_underbarrel_04_atlas_ball,
23,Ripper,Sniper,55,Underbarrel,BOR_SR.part_underbarrel_03_marked,
23,Ripper,Sniper,58,Barrel,BOR_SR.part_barrel_02_rainmaker,Rainmaker
23,Ripper,Sniper,62,Manufacturer Part,BOR_SR.part_secondary_ammo_smg,
23,Ripper,Sniper,63,Manufacturer Part,BOR_SR.part_secondary_ammo_sg,
23,Ripper,Sniper,64,Manufacturer Part,BOR_SR.part_secondary_ammo_ar,
23,Ripper,Sniper,65,Manufacturer Part,BOR_SR.part_secondary_ammo_ps,
23,Ripper,Sniper,66,Barrel Accessory,BOR_SR.part_barrel_01_a,
23,Ripper,Sniper,67,Barrel Accessory,BOR_SR.part_barrel_01_b,
23,Ripper,Sniper,68,Barrel Accessory,BOR_SR.part_barrel_01_c,
23,Ripper,Sniper,69,Barrel Accessory,BOR_SR.part_barrel_01_d,
23,Ripper,Sniper,70,Barrel Accessory,BOR_SR.part_barrel_02_a,
23,Ripper,Sniper,71,Barrel Accessory,BOR_SR.part_barrel_02_b,
23,Ripper,Sniper,72,Barrel Accessory,BOR_SR.part_barrel_02_c,
23,Ripper,Sniper,73,Barrel Accessory,BOR_SR.part_barrel_02_d,
23,Ripper,Sniper,74,Manufacturer Part,BOR_SR.part_barrel_licensed_jak,
23,Ripper,Sniper,75,Tediore Payload,BOR_SR.part_barrel_licensed_ted,Tediore Throw
23,Ripper,Sniper,76,Tediore Payload,BOR_SR.part_barrel_licensed_ted_shooting,Tediore Shooting
23,Ripper,Sniper,77,Tediore Payload,BOR_SR.part_barrel_licensed_ted_mirv,Tediore MIRV
23,Ripper,Sniper,78,Tediore Payload,BOR_SR.part_barrel_licensed_ted_combo,Tediore Combo
23,Ripper,Sniper,79,Manufacturer Part,BOR_SR.part_barrel_licensed_hyp,
23,Ripper,Sniper,80,Tediore Throw Reload,BOR_SR.part_mag_ted_thrown_04_cov,
23,Ripper,Sniper,81,Magazine,BOR_SR.part_mag_03_tor,
23,Ripper,Sniper,22,Barrel,BOR_SR.part_barrel_01_tankbuster,Tankbuster
23,Ripper,Sniper,59,Scope Accessory,BOR_SR.part_scope_acc_s01_l01_b_abyss,
23,Ripper,Sniper,60,Barrel,BOR_SR.part_barrel_02_abyss,Abyss
14,Tediore,Assault Rifle,1,Magazine,TED_AR.part_mag_01_Chuck,Chuck
14,Tediore,Assault Rifle,2,Body,TED_AR.part_body,
14,Tediore,Assault Rifle,3,Body Accessory,TED_AR.part_body_a,
14,Tediore,Assault Rifle,4,Body Accessory,TED_AR.part_body_b,
14,Tediore,Assault Rifle,5,Body Accessory,TED_AR.part_body_c,
14,Tediore,Assault Rifle,6,Body Accessory,TED_AR.part_body_d,
14,Tediore,Assault Rifle,7,Barrel,TED_AR.part_barrel_01,Assaultomatic
14,Tediore,Assault Rifle,8,Barrel,TED_AR.part_barrel_02,Perforator
14,Tediore,Assault Rifle,9,Tediore Payload,TED_AR.part_barrel_licensed_ted_shooting,Tediore Shooting
14,Tediore,Assault Rifle,10,Tediore Payload,TED_AR.part_barrel_licensed_ted_mirv,Tediore MIRV
14,Tediore,Assault Rifle,11,Tediore Payload,TED_AR.part_barrel_licensed_ted_combo,Tediore Combo
14,Tediore,Assault Rifle,12,Tediore Payload,TED_AR.part_barrel_licensed_ted_replicator,Tediore Replicator
14,Tediore,Assault Rifle,13,Manufacturer Part,TED_AR.part_multi_ted_shooting,
14,Tediore,Assault Rifle,14,Manufacturer Part,TED_AR.part_multi_ted_mirv,
14,Tediore,Assault Rifle,15,Manufacturer Part,TED_AR.part_multi_ted_combo,
14,Tediore,Assault Rifle,16,Manufacturer Part,TED_AR.part_multi_ted_replicator,
14,Tediore,Assault Rifle,17,Manufacturer Part,TED_AR.part_shield_default,
14,Tediore,Assault Rifle,18,Manufacturer Part,TED_AR.part_shield_ricochet,
14,Tediore,Assault Rifle,19,Manufacturer Part,TED_AR.part_shield_ammo,
14,Tediore,Assault Rifle,20,Manufacturer Part,TED_AR.part_shield_amp,
14,Tediore,Assault Rifle,21,Scope,TED_AR.part_scope_02_lens_02,
14,Tediore,Assault Rifle,22,Scope,TED_AR.part_scope_02_lens_01,
14,Tediore,Assault Rifle,23,Scope,TED_AR.part_scope_01_lens_02,
14,Tediore,Assault Rifle,24,Scope,TED_AR.part_scope_01_lens_01,
14,Tediore,Assault Rifle,25,Scope,TED_AR.part_scope_ironsight,
14,Tediore,Assault Rifle,26,Scope Accessory,TED_AR.part_scope_acc_S01_L01_a,
14,Tediore,Assault Rifle,27,Scope Accessory,TED_AR.part_scope_acc_S01_L01_b,
14,Tediore,Assault Rifle,28,Scope Accessory,TED_AR.part_scope_acc_S02_L01_a,
14,Tediore,Assault Rifle,29,Scope Accessory,TED_AR.part_scope_acc_S02_L01_b,
14,Tediore,Assault Rifle,30,Scope Accessory,TED_AR.part_scope_acc_S01_L02_a,
14,Tediore,Assault Rifle,31,Scope Accessory,TED_AR.part_scope_acc_S01_L02_b,
14,Tediore,Assault Rifle,32,Scope Accessory,TED_AR.part_scope_acc_S02_L02_a,
14,Tediore,Assault Rifle,33,Scope Accessory,TED_AR.part_scope_acc_S02_L02_b,
14,Tediore,Assault Rifle,34,Barrel,TED_AR.part_barrel_02_Chuck,Chuck
14,Tediore,Assault Rifle,39,Barrel,TED_AR.part_barrel_01_DividedFocus,Divided Focus
14,Tediore,Assault Rifle,40,Tediore Payload,TED_AR.part_barrel_licensed_ted_replicator_multi,Tediore Multi-Replicator
14,Tediore,Assault Rifle,41,Grip,TED_AR.part_grip_05a_ted_legs,
14,Tediore,Assault Rifle,42,Grip,TED_AR.part_grip_05b_ted_jav,
14,Tediore,Assault Rifle,43,Grip,TED_AR.part_grip_05c_ted_homing,
14,Tediore,Assault Rifle,44,Grip,TED_AR.part_grip_04_hyp,
14,Tediore,Assault Rifle,45,Grip,TED_AR.part_grip_01,
14,Tediore,Assault Rifle,46,Grip,TED_AR.part_grip_02,
14,Tediore,Assault Rifle,47,Grip,TED_AR.part_grip_03,
14,Tediore,Assault Rifle,48,Grip,TED_AR.part_grip_05a_ted_legs_mirv,
14,Tediore,Assault Rifle,49,Manufacturer Part,TED_AR.part_mag_torgue_sticky_murder,Murmur
14,Tediore,Assault Rifle,50,Manufacturer Part,TED_AR.part_mag_torgue_normal_murder,Murmur
14,Tediore,Assault Rifle,51,Barrel Accessory,TED_AR.part_barrel_01_a,
14,Tediore,Assault Rifle,52,Barrel Accessory,TED_AR.part_barrel_01_b,
14,Tediore,Assault Rifle,53,Barrel Accessory,TED_AR.part_barrel_01_c,
14,Tediore,Assault Rifle,54,Barrel Accessory,TED_AR.part_barrel_01_d,
14,Tediore,Assault Rifle,55,Barrel Accessory,TED_AR.part_barrel_02_a,
14,Tediore,Assault Rifle,56,Barrel Accessory,TED_AR.part_barrel_02_b,
14,Tediore,Assault Rifle,57,Barrel Accessory,TED_AR.part_barrel_02_c,
14,Tediore,Assault Rifle,58,Barrel Accessory,TED_AR.part_barrel_02_d,
14,Tediore,Assault Rifle,59,Manufacturer Part,TED_AR.part_barrel_licensed_jak,
14,Tediore,Assault Rifle,60,Manufacturer Part,TED_AR.part_barrel_licensed_hyp,
14,Tediore,Assault Rifle,61,Manufacturer Part,TED_AR.part_barrel_licensed_multi,
14,Tediore,Assault Rifle,62,Underbarrel,TED_AR.part_underbarrel_04_atlas_ball,
14,Tediore,Assault Rifle,63,Underbarrel,TED_AR.part_underbarrel_04_atlas,
14,Tediore,Assault Rifle,64,Underbarrel,TED_AR.part_underbarrel_02_comboorb,
14,Tediore,Assault Rifle,65,Underbarrel,TED_AR.part_underbarrel_03_shotgun,
14,Tediore,Assault Rifle,66,Foregrip,TED_AR.part_foregrip_01,
14,Tediore,Assault Rifle,67,Foregrip,TED_AR.part_foregrip_03,
14,Tediore,Assault Rifle,68,Underbarrel,TED_AR.part_underbarrel_01_buffdrone,
14,Tediore,Assault Rifle,69,Underbarrel,TED_AR.part_underbarrel_06_malswitch,
14,Tediore,Assault Rifle,70,Underbarrel,TED_AR.part_underbarrel_05_ammoswitcher,
14,Tediore,Assault Rifle,71,Foregrip,TED_AR.part_foregrip_02,
14,Tediore,Assault Rifle,72,Manufacturer Part,TED_AR.part_secondary_ammo_sm,
14,Tediore,Assault Rifle,73,Manufacturer Part,TED_AR.part_secondary_ammo_sg,
14,Tediore,Assault Rifle,74,Manufacturer Part,TED_AR.part_secondary_ammo_ps,
14,Tediore,Assault Rifle,75,Manufacturer Part,TED_AR.part_secondary_ammo_sr,
14,Tediore,Assault Rifle,76,Barrel,TED_AR.part_barrel_01_murder,Murmur
14,Tediore,Assault Rifle,82,Magazine,TED_AR.part_mag_01,
14,Tediore,Assault Rifle,83,Magazine,TED_AR.part_mag_02,
14,Tediore,Assault Rifle,84,Magazine,TED_AR.part_mag_03_tor,
14,Tediore,Assault Rifle,85,Magazine,TED_AR.part_mag_04_cov,
14,Tediore,Assault Rifle,86,Magazine,TED_AR.part_mag_05_borg,
14,Tediore,Assault Rifle,87,Manufacturer Part,TED_AR.part_mag_torgue_normal,
14,Tediore,Assault Rifle,88,Manufacturer Part,TED_AR.part_mag_torgue_sticky,
14,Tediore,Assault Rifle,78,Barrel,TED_AR.part_barrel_01_LaserDisc,Laser Disker
5,Tediore,Pistol,2,Body,TED_PS.part_body,
5,Tediore,Pistol,3,Body Accessory,TED_PS.part_body_a,
5,Tediore,Pistol,4,Body Accessory,TED_PS.part_body_b,
5,Tediore,Pistol,5,Body Accessory,TED_PS.part_body_c,
5,Tediore,Pistol,6,Body Accessory,TED_PS.part_body_d,
5,Tediore,Pistol,7,Barrel,TED_PS.part_barrel_01,Pocketshot
5,Tediore,Pistol,8,Barrel,TED_PS.part_barrel_02,Widget
5,Tediore,Pistol,9,Tediore Payload,TED_PS.part_barrel_licensed_ted_shooting,Tediore Shooting
5,Tediore,Pistol,10,Tediore Payload,TED_PS.part_barrel_licensed_ted_mirv,Tediore MIRV
5,Tediore,Pistol,11,Tediore Payload,TED_PS.part_barrel_licensed_ted_combo,Tediore Combo
5,Tediore,Pistol,12,Tediore Payload,TED_PS.part_barrel_licensed_ted_replicator,Tediore Replicator
5,Tediore,Pistol,14,Manufacturer Part,TED_PS.part_multi_ted_shooting,
5,Tediore,Pistol,15,Manufacturer Part,TED_PS.part_multi_ted_mirv,
5,Tediore,Pistol,16,Manufacturer Part,TED_PS.part_multi_ted_combo,
5,Tediore,Pistol,17,Manufacturer Part,TED_PS.part_multi_ted_replicator,
5,Tediore,Pistol,18,Manufacturer Part,TED_PS.part_shield_default,
5,Tediore,Pistol,19,Manufacturer Part,TED_PS.part_shield_ricochet,
5,Tediore,Pistol,20,Manufacturer Part,TED_PS.part_shield_ammo,
5,Tediore,Pistol,21,Manufacturer Part,TED_PS.part_shield_amp,
5,Tediore,Pistol,22,Magazine,TED_PS.part_mag_01,
5,Tediore,Pistol,23,Magazine,TED_PS.part_mag_02,
5,Tediore,Pistol,24,Magazine,TED_PS.part_mag_03_tor,
5,Tediore,Pistol,25,Magazine,TED_PS.part_mag_04_cov,
5,Tediore,Pistol,26,Magazine,TED_PS.part_mag_05_borg,
5,Tediore,Pistol,27,Manufacturer Part,TED_PS.part_mag_torgue_normal,
5,Tediore,Pistol,28,Manufacturer Part,TED_PS.part_mag_torgue_sticky,
5,Tediore,Pistol,29,Scope,TED_PS.part_scope_ironsight,
5,Tediore,Pistol,30,Scope,TED_PS.part_scope_01_lens_01,
5,Tediore,Pistol,31,Scope,TED_PS.part_scope_01_lens_02,
5,Tediore,Pistol,32,Scope,TED_PS.part_scope_02_lens_01,
5,Tediore,Pistol,33,Scope,TED_PS.part_scope_02_lens_02,
5,Tediore,Pistol,34,Scope Accessory,TED_PS.part_scope_acc_s01_l01_a,
5,Tediore,Pistol,35,Scope Accessory,TED_PS.part_scope_acc_s01_l01_b,
5,Tediore,Pistol,36,Scope Accessory,TED_PS.part_scope_acc_s02_l01_a,
5,Tediore,Pistol,37,Scope Accessory,TED_PS.part_scope_acc_s02_l01_b,
5,Tediore,Pistol,38,Scope Accessory,TED_PS.part_scope_acc_s01_l02_a,
5,Tediore,Pistol,39,Scope Accessory,TED_PS.part_scope_acc_s01_l02_b,
5,Tediore,Pistol,40,Scope Accessory,TED_PS.part_scope_acc_s02_l02_a,
5,Tediore,Pistol,41,Scope Accessory,TED_PS.part_scope_acc_s02_l02_b,
5,Tediore,Pistol,42,Grip,TED_PS.part_grip_05c_ted_jav,
5,Tediore,Pistol,43,Grip,TED_PS.part_grip_05b_ted_homing,
5,Tediore,Pistol,44,Grip,TED_PS.part_grip_05a_ted_legs,
5,Tediore,Pistol,45,Grip,TED_PS.part_grip_04_hyp,
5,Tediore,Pistol,46,Grip,TED_PS.part_grip_01,
5,Tediore,Pistol,47,Grip,TED_PS.part_grip_02,
5,Tediore,Pistol,48,Grip,TED_PS.part_grip_03,
5,Tediore,Pistol,49,Underbarrel,TED_PS.part_underbarrel_05_ammoswitcher,
5,Tediore,Pistol,50,Underbarrel,TED_PS.part_underbarrel_03_shotgun,
5,Tediore,Pistol,51,Underbarrel,TED_PS.part_underbarrel_06_malswitch,
5,Tediore,Pistol,52,Underbarrel,TED_PS.part_underbarrel_04_atlas_ball,
5,Tediore,Pistol,53,Foregrip,TED_PS.part_foregrip_01,
5,Tediore,Pistol,54,Foregrip,TED_PS.part_foregrip_03,
5,Tediore,Pistol,55,Tediore Payload,TED_PS.part_barrel_licensed_ted_replicator_multi,Tediore Multi-Replicator
5,Tediore,Pistol,56,Grip,TED_PS.part_grip_05c_ted_jav_atlien,
5,Tediore,Pistol,57,Grip,TED_PS.part_grip_05b_ted_homing_atlien,
5,Tediore,Pistol,58,Manufacturer Part,TED_PS.part_multi_ted_combo_atlien,Budget Deity
5,Tediore,Pistol,59,Barrel,TED_PS.part_barrel_02_atlien,Budget Deity
5,Tediore,Pistol,61,Manufacturer Part,TED_PS.part_secondary_ammo_sm,
5,Tediore,Pistol,62,Manufacturer Part,TED_PS.part_secondary_ammo_sg,
5,Tediore,Pistol,63,Manufacturer Part,TED_PS.part_secondary_ammo_ar,
5,Tediore,Pistol,64,Manufacturer Part,TED_PS.part_secondary_ammo_sr,
5,Tediore,Pistol,65,Barrel,TED_PS.part_barrel_02_rubysgrasp,Ruby's Grasp
5,Tediore,Pistol,67,Barrel,TED_PS.part_barrel_01_sideshow,Pocketshot
5,Tediore,Pistol,68,Barrel Accessory,TED_PS.part_barrel_01_a,
5,Tediore,Pistol,69,Barrel Accessory,TED_PS.part_barrel_01_b,
5,Tediore,Pistol,70,Barrel Accessory,TED_PS.part_barrel_01_c,
5,Tediore,Pistol,71,Barrel Accessory,TED_PS.part_barrel_01_d,
5,Tediore,Pistol,72,Barrel Accessory,TED_PS.part_barrel_02_a,
5,Tediore,Pistol,73,Barrel Accessory,TED_PS.part_barrel_02_b,
5,Tediore,Pistol,74,Barrel Accessory,TED_PS.part_barrel_02_c,
5,Tediore,Pistol,75,Barrel Accessory,TED_PS.part_barrel_02_d,
5,Tediore,Pistol,76,Manufacturer Part,TED_PS.part_barrel_licensed_jak,
5,Tediore,Pistol,77,Manufacturer Part,TED_PS.part_barrel_licensed_hyp,
5,Tediore,Pistol,78,Manufacturer Part,TED_PS.part_barrel_licensed_multi,
5,Tediore,Pistol,79,Underbarrel,TED_PS.part_underbarrel_02_rockets,
5,Tediore,Pistol,80,Underbarrel,TED_PS.part_underbarrel_01_drone,
5,Tediore,Pistol,81,Underbarrel,TED_PS.part_underbarrel_04_atlas,
5,Tediore,Pistol,82,Foregrip,TED_PS.part_foregrip_02,
5,Tediore,Pistol,83,Grip,TED_PS.part_grip_05a_ted_legs_mirv,
5,Tediore,Pistol,84,Manufacturer Part,TED_PS.part_mag_torgue_normal_Inscriber,Inscriber
5,Tediore,Pistol,85,Barrel,TED_PS.part_barrel_02_Inscriber,Inscriber
5,Tediore,Pistol,88,Barrel,TED_PS.part_barrel_01_shammy,Shammy Kablammy
11,Tediore,Shotgun,2,Body,TED_SG.part_body,
11,Tediore,Shotgun,3,Body Accessory,TED_SG.part_body_a,
11,Tediore,Shotgun,4,Body Accessory,TED_SG.part_body_b,
11,Tediore,Shotgun,5,Body Accessory,TED_SG.part_body_c,
11,Tediore,Shotgun,6,Body Accessory,TED_SG.part_body_d,
11,Tediore,Shotgun,7,Barrel,TED_SG.part_barrel_01,EZ-Blast
11,Tediore,Shotgun,8,Barrel,TED_SG.part_barrel_02,Omnibore
11,Tediore,Shotgun,9,Tediore Payload,TED_SG.part_barrel_licensed_ted_shooting,Tediore Shooting
11,Tediore,Shotgun,10,Tediore Payload,TED_SG.part_barrel_licensed_ted_mirv,Tediore MIRV
11,Tediore,Shotgun,11,Tediore Payload,TED_SG.part_barrel_licensed_ted_combo,Tediore Combo
11,Tediore,Shotgun,12,Tediore Payload,TED_SG.part_barrel_licensed_ted_replicator,Tediore Replicator
11,Tediore,Shotgun,13,Manufacturer Part,TED_SG.part_multi_ted_shooting,
11,Tediore,Shotgun,14,Manufacturer Part,TED_SG.part_multi_ted_mirv,
11,Tediore,Shotgun,15,Manufacturer Part,TED_SG.part_multi_ted_combo,
11,Tediore,Shotgun,16,Manufacturer Part,TED_SG.part_multi_ted_replicator,
11,Tediore,Shotgun,17,Manufacturer Part,TED_SG.part_shield_default,
11,Tediore,Shotgun,18,Manufacturer Part,TED_SG.part_shield_ricochet,
11,Tediore,Shotgun,19,Manufacturer Part,TED_SG.part_shield_ammo,
11,Tediore,Shotgun,20,Manufacturer Part,TED_SG.part_shield_amp,
11,Tediore,Shotgun,21,Magazine,TED_SG.part_mag_05_borg,
11,Tediore,Shotgun,22,Magazine,TED_SG.part_mag_04_cov,
11,Tediore,Shotgun,23,Magazine,TED_SG.part_mag_01,
11,Tediore,Shotgun,24,Magazine,TED_SG.part_mag_02,
11,Tediore,Shotgun,25,Magazine,TED_SG.part_mag_03_tor,
11,Tediore,Shotgun,26,Manufacturer Part,TED_SG.part_mag_torgue_normal,
11,Tediore,Shotgun,27,Manufacturer Part,TED_SG.part_mag_torgue_sticky,
11,Tediore,Shotgun,28,Scope,TED_SG.part_scope_ironsight,
11,Tediore,Shotgun,29,Scope,TED_SG.part_scope_01_lens_01,
11,Tediore,Shotgun,30,Scope,TED_SG.part_scope_01_lens_02,
11,Tediore,Shotgun,31,Scope,TED_SG.part_scope_02_lens_01,
11,Tediore,Shotgun,32,Scope,TED_SG.part_scope_02_lens_02,
11,Tediore,Shotgun,33,Scope Accessory,TED_SG.part_scope_acc_s01_l01_a,
11,Tediore,Shotgun,34,Scope Accessory,TED_SG.part_scope_acc_s01_l01_b,
11,Tediore,Shotgun,35,Scope Accessory,TED_SG.part_scope_acc_s02_l01_a,
11,Tediore,Shotgun,36,Scope Accessory,TED_SG.part_scope_acc_s02_l01_b,
11,Tediore,Shotgun,37,Scope Accessory,TED_SG.part_scope_acc_s01_l02_a,
11,Tediore,Shotgun,38,Scope Accessory,TED_SG.part_scope_acc_s01_l02_b,
11,Tediore,Shotgun,39,Scope Accessory,TED_SG.part_scope_acc_s02_l02_a,
11,Tediore,Shotgun,40,Scope Accessory,TED_SG.part_scope_acc_s02_l02_b,
11,Tediore,Shotgun,41,Grip,TED_SG.part_grip_05a_ted_legs,
11,Tediore,Shotgun,42,Grip,TED_SG.part_grip_05c_ted_jav,
11,Tediore,Shotgun,43,Grip,TED_SG.part_grip_05b_ted_homing,
11,Tediore,Shotgun,44,Grip,TED_SG.part_grip_04_hyp,
11,Tediore,Shotgun,45,Grip,TED_SG.part_grip_01,
11,Tediore,Shotgun,46,Grip,TED_SG.part_grip_02,
11,Tediore,Shotgun,47,Grip,TED_SG.part_grip_03,
11,Tediore,Shotgun,48,Underbarrel,TED_SG.part_underbarrel_04_atlas,
11,Tediore,Shotgun,49,Underbarrel,TED_SG.part_underbarrel_04_atlas_ball,
11,Tediore,Shotgun,50,Underbarrel,TED_SG.part_underbarrel_03_deployable_shield,
11,Tediore,Shotgun,51,Underbarrel,TED_SG.part_underbarrel_02_stickymine,
11,Tediore,Shotgun,52,Foregrip,TED_SG.part_foregrip_01,
11,Tediore,Shotgun,53,Foregrip,TED_SG.part_foregrip_03,
11,Tediore,Shotgun,54,Foregrip,TED_SG.part_foregrip_02,
11,Tediore,Shotgun,55,Underbarrel,TED_SG.part_underbarrel_05_ammoswitcher,
11,Tediore,Shotgun,56,Underbarrel,TED_SG.part_underbarrel_06_malswitch,
11,Tediore,Shotgun,57,Underbarrel,TED_SG.part_underbarrel_01_autoturret,
11,Tediore,Shotgun,58,Manufacturer Part,TED_SG.part_secondary_ammo_sm,
11,Tediore,Shotgun,59,Manufacturer Part,TED_SG.part_secondary_ammo_ps,
11,Tediore,Shotgun,60,Manufacturer Part,TED_SG.part_secondary_ammo_ar,
11,Tediore,Shotgun,61,Manufacturer Part,TED_SG.part_secondary_ammo_sr,
11,Tediore,Shotgun,62,Barrel Accessory,TED_SG.part_barrel_01_a,
11,Tediore,Shotgun,63,Barrel Accessory,TED_SG.part_barrel_01_b,
11,Tediore,Shotgun,64,Barrel Accessory,TED_SG.part_barrel_01_c,
11,Tediore,Shotgun,65,Barrel Accessory,TED_SG.part_barrel_01_d,
11,Tediore,Shotgun,66,Barrel Accessory,TED_SG.part_barrel_02_a,
11,Tediore,Shotgun,67,Barrel Accessory,TED_SG.part_barrel_02_b,
11,Tediore,Shotgun,68,Barrel Accessory,TED_SG.part_barrel_02_c,
11,Tediore,Shotgun,69,Barrel Accessory,TED_SG.part_barrel_02_d,
11,Tediore,Shotgun,70,Manufacturer Part,TED_SG.part_barrel_licensed_jak,
11,Tediore,Shotgun,71,Manufacturer Part,TED_SG.part_barrel_licensed_hyp,
11,Tediore,Shotgun,72,Manufacturer Part,TED_SG.part_barrel_licensed_multi,
11,Tediore,Shotgun,73,Grip,TED_SG.part_grip_05a_ted_legs_mirv,
11,Tediore,Shotgun,74,Tediore Payload,TED_SG.part_barrel_licensed_ted_replicator_multi,Tediore Multi-Replicator
11,Tediore,Shotgun,75,Barrel,TED_SG.part_barrel_01_anarchy,Anarchy
11,Tediore,Shotgun,77,Barrel,TED_SG.part_barrel_01_commbd,Forsaken Chaos
11,Tediore,Shotgun,79,Underbarrel,TED_SG.part_underbarrel_01_heavyturret,Husky Friend
11,Tediore,Shotgun,81,Barrel,TED_SG.part_barrel_01_Eigenburst,Eigenburst
11,Tediore,Shotgun,83,Manufacturer Part,TED_SG.part_mag_torgue_sticky_sharkbait,Sharkbait
11,Tediore,Shotgun,84,Manufacturer Part,TED_SG.part_mag_torgue_normal_sharkbait,Sharkbait
11,Tediore,Shotgun,85,Grip,TED_SG.part_grip_05c_ted_jav_sharkbait,
11,Tediore,Shotgun,86,Grip,TED_SG.part_grip_05b_ted_homing_sharkbait,
11,Tediore,Shotgun,87,Grip,TED_SG.part_grip_05a_ted_legs_mirv_sharkbait,
11,Tediore,Shotgun,88,Grip,TED_SG.part_grip_05a_ted_legs_sharkbait,
11,Tediore,Shotgun,89,Barrel,TED_SG.part_barrel_01_sharkbait,Sharkbait
17,Torgue,Assault Rifle,3,Body Accessory,TOR_AR.part_body_a,
17,Torgue,Assault Rifle,4,Body Accessory,TOR_AR.part_body_b,
17,Torgue,Assault Rifle,5,Body Accessory,TOR_AR.part_body_c,
17,Torgue,Assault Rifle,6,Body Accessory,TOR_AR.part_body_d,
17,Torgue,Assault Rifle,7,Barrel,TOR_AR.part_barrel_01,Handle
17,Torgue,Assault Rifle,8,Barrel,TOR_AR.part_barrel_02,Truncheon
17,Torgue,Assault Rifle,9,Manufacturer Part,TOR_AR.part_shield_default,
17,Torgue,Assault Rifle,10,Manufacturer Part,TOR_AR.part_shield_ricochet,
17,Torgue,Assault Rifle,11,Manufacturer Part,TOR_AR.part_shield_ammo,
17,Torgue,Assault Rifle,12,Manufacturer Part,TOR_AR.part_shield_amp,
17,Torgue,Assault Rifle,13,Magazine,TOR_AR.part_mag_01,
17,Torgue,Assault Rifle,14,Magazine,TOR_AR.part_mag_02,
17,Torgue,Assault Rifle,15,Magazine,TOR_AR.part_mag_04_cov,
17,Torgue,Assault Rifle,16,Magazine,TOR_AR.part_mag_05_borg,
17,Torgue,Assault Rifle,17,Tediore Throw Reload,TOR_AR.part_mag_ted_thrown_01,
17,Torgue,Assault Rifle,18,Tediore Throw Reload,TOR_AR.part_mag_ted_thrown_02,
17,Torgue,Assault Rifle,19,Tediore Throw Reload,TOR_AR.part_mag_ted_thrown_04_cov,
17,Torgue,Assault Rifle,20,Tediore Throw Reload,TOR_AR.part_mag_ted_thrown_05_bor,
17,Torgue,Assault Rifle,21,Scope,TOR_AR.part_scope_ironsight,
17,Torgue,Assault Rifle,22,Scope,TOR_AR.part_scope_01_lens_01,
17,Torgue,Assault Rifle,23,Scope,TOR_AR.part_scope_01_lens_02,
17,Torgue,Assault Rifle,24,Scope,TOR_AR.part_scope_02_lens_01,
17,Torgue,Assault Rifle,25,Scope,TOR_AR.part_scope_02_lens_02,
17,Torgue,Assault Rifle,26,Scope Accessory,TOR_AR.part_scope_acc_s01_l01_a,
17,Torgue,Assault Rifle,27,Scope Accessory,TOR_AR.part_scope_acc_s01_l01_b,
17,Torgue,Assault Rifle,28,Scope Accessory,TOR_AR.part_scope_acc_s02_l01_a,
17,Torgue,Assault Rifle,29,Scope Accessory,TOR_AR.part_scope_acc_s02_l01_b,
17,Torgue,Assault Rifle,30,Scope Accessory,TOR_AR.part_scope_acc_s01_l02_a,
17,Torgue,Assault Rifle,31,Scope Accessory,TOR_AR.part_scope_acc_s01_l02_b,
17,Torgue,Assault Rifle,32,Scope Accessory,TOR_AR.part_scope_acc_s02_l02_a,
17,Torgue,Assault Rifle,33,Scope Accessory,TOR_AR.part_scope_acc_s02_l02_b,
17,Torgue,Assault Rifle,34,Grip,TOR_AR.part_grip_05a_ted_legs,
17,Torgue,Assault Rifle,35,Grip,TOR_AR.part_grip_05c_ted_jav,
17,Torgue,Assault Rifle,36,Grip,TOR_AR.part_grip_05b_ted_homing,
17,Torgue,Assault Rifle,37,Grip,TOR_AR.part_grip_01,
17,Torgue,Assault Rifle,38,Grip,TOR_AR.part_grip_02,
17,Torgue,Assault Rifle,39,Grip,TOR_AR.part_grip_03,
17,Torgue,Assault Rifle,40,Grip,TOR_AR.part_grip_04_hyp,
17,Torgue,Assault Rifle,41,Underbarrel,TOR_AR.part_underbarrel_05_ammoswitcher,
17,Torgue,Assault Rifle,42,Underbarrel,TOR_AR.part_underbarrel_06_malswitch,
17,Torgue,Assault Rifle,43,Underbarrel,TOR_AR.part_underbarrel_01_mirvgrenade,
17,Torgue,Assault Rifle,44,Underbarrel,TOR_AR.part_underbarrel_04_atlas_ball,
17,Torgue,Assault Rifle,45,Underbarrel,TOR_AR.part_underbarrel_03_airstrike,
17,Torgue,Assault Rifle,46,Foregrip,TOR_AR.part_foregrip_02,
17,Torgue,Assault Rifle,47,Foregrip,TOR_AR.part_foregrip_03,
17,Torgue,Assault Rifle,48,Manufacturer Part,TOR_AR.part_secondary_ammo_smg,
17,Torgue,Assault Rifle,49,Manufacturer Part,TOR_AR.part_secondary_ammo_sg,
17,Torgue,Assault Rifle,50,Manufacturer Part,TOR_AR.part_secondary_ammo_ps,
17,Torgue,Assault Rifle,51,Manufacturer Part,TOR_AR.part_secondary_ammo_sr,
17,Torgue,Assault Rifle,52,Body,TOR_AR.part_body,
17,Torgue,Assault Rifle,54,Barrel,TOR_AR.part_barrel_02_bugbear,Bugbear
17,Torgue,Assault Rifle,55,Barrel,TOR_AR.part_barrel_coldshoulder,Cold Shoulder
17,Torgue,Assault Rifle,57,Foregrip,TOR_AR.part_foregrip_01_pt,
17,Torgue,Assault Rifle,58,Barrel Accessory,TOR_AR.part_barrel_01_a,
17,Torgue,Assault Rifle,59,Barrel Accessory,TOR_AR.part_barrel_01_b,
17,Torgue,Assault Rifle,60,Barrel Accessory,TOR_AR.part_barrel_01_c,
17,Torgue,Assault Rifle,61,Barrel Accessory,TOR_AR.part_barrel_01_d,
17,Torgue,Assault Rifle,62,Barrel Accessory,TOR_AR.part_barrel_02_a,
17,Torgue,Assault Rifle,63,Barrel Accessory,TOR_AR.part_barrel_02_b,
17,Torgue,Assault Rifle,64,Barrel Accessory,TOR_AR.part_barrel_02_c,
17,Torgue,Assault Rifle,65,Barrel Accessory,TOR_AR.part_barrel_02_d,
17,Torgue,Assault Rifle,66,Manufacturer Part,TOR_AR.part_barrel_licensed_jak,
17,Torgue,Assault Rifle,67,Tediore Payload,TOR_AR.part_barrel_licensed_ted,Tediore Throw
17,Torgue,Assault Rifle,68,Tediore Payload,TOR_AR.part_barrel_licensed_ted_shooting,Tediore Shooting
17,Torgue,Assault Rifle,69,Tediore Payload,TOR_AR.part_barrel_licensed_ted_mirv,Tediore MIRV
17,Torgue,Assault Rifle,70,Tediore Payload,TOR_AR.part_barrel_licensed_ted_combo,Tediore Combo
17,Torgue,Assault Rifle,71,Manufacturer Part,TOR_AR.part_barrel_licensed_hyp,
17,Torgue,Assault Rifle,72,Underbarrel,TOR_AR.part_underbarrel_02_shotgun,
17,Torgue,Assault Rifle,73,Underbarrel,TOR_AR.part_underbarrel_04_atlas,
17,Torgue,Assault Rifle,74,Foregrip,TOR_AR.part_foregrip_01,
17,Torgue,Assault Rifle,75,Foregrip,TOR_AR.part_foregrip_03_pt,
17,Torgue,Assault Rifle,76,Foregrip,TOR_AR.part_foregrip_02_pt,
17,Torgue,Assault Rifle,77,Barrel,TOR_AR.part_barrel_potatothrower,Potato Thrower IV
17,Torgue,Assault Rifle,79,Foregrip,TOR_AR.part_foregrip_03_fleabag,Fleabag
17,Torgue,Assault Rifle,80,Foregrip,TOR_AR.part_foregrip_02_fleabag,Fleabag
17,Torgue,Assault Rifle,81,Foregrip,TOR_AR.part_foregrip_01_fleabag,Fleabag
17,Torgue,Assault Rifle,82,Barrel,TOR_AR.part_barrel_fleabag,Fleabag
17,Torgue,Assault Rifle,84,Barrel,TOR_AR.part_barrel_lockjaw,Lockjaw
6,Torgue,Pistol,2,Body,TOR_PS.part_body,
6,Torgue,Pistol,3,Body Accessory,TOR_PS.part_body_a,
6,Torgue,Pistol,4,Body Accessory,TOR_PS.part_body_b,
6,Torgue,Pistol,5,Body Accessory,TOR_PS.part_body_c,
6,Torgue,Pistol,6,Body Accessory,TOR_PS.part_body_d,
6,Torgue,Pistol,7,Barrel,TOR_PS.part_barrel_01,Kitty
6,Torgue,Pistol,8,Barrel,TOR_PS.part_barrel_02,Lotus
6,Torgue,Pistol,9,Manufacturer Part,TOR_PS.part_shield_default,
6,Torgue,Pistol,10,Manufacturer Part,TOR_PS.part_shield_ricochet,
6,Torgue,Pistol,11,Manufacturer Part,TOR_PS.part_shield_ammo,
6,Torgue,Pistol,12,Manufacturer Part,TOR_PS.part_shield_amp,
6,Torgue,Pistol,13,Magazine,TOR_PS.part_mag_01,
6,Torgue,Pistol,14,Magazine,TOR_PS.part_mag_02,
6,Torgue,Pistol,15,Magazine,TOR_PS.part_mag_04_cov,
6,Torgue,Pistol,16,Magazine,TOR_PS.part_mag_05_borg,
6,Torgue,Pistol,17,Tediore Throw Reload,TOR_PS.part_mag_ted_thrown_01,
6,Torgue,Pistol,18,Tediore Throw Reload,TOR_PS.part_mag_ted_thrown_02,
6,Torgue,Pistol,19,Tediore Throw Reload,TOR_PS.part_mag_ted_thrown_04_cov,
6,Torgue,Pistol,20,Tediore Throw Reload,TOR_PS.part_mag_ted_thrown_05_bor,
6,Torgue,Pistol,21,Scope,TOR_PS.part_scope_ironsight,
6,Torgue,Pistol,22,Scope,TOR_PS.part_scope_01_lens_01,
6,Torgue,Pistol,23,Scope,TOR_PS.part_scope_01_lens_02,
6,Torgue,Pistol,24,Scope,TOR_PS.part_scope_02_lens_01,
6,Torgue,Pistol,25,Scope,TOR_PS.part_scope_02_lens_02,
6,Torgue,Pistol,26,Scope Accessory,TOR_PS.part_scope_acc_s01_l01_a,
6,Torgue,Pistol,27,Scope Accessory,TOR_PS.part_scope_acc_s01_l01_b,
6,Torgue,Pistol,28,Scope Accessory,TOR_PS.part_scope_acc_s02_l01_a,
6,Torgue,Pistol,29,Scope Accessory,TOR_PS.part_scope_acc_s02_l01_b,
6,Torgue,Pistol,30,Scope Accessory,TOR_PS.part_scope_acc_s01_l02_a,
6,Torgue,Pistol,31,Scope Accessory,TOR_PS.part_scope_acc_s01_l02_b,
6,Torgue,Pistol,32,Scope Accessory,TOR_PS.part_scope_acc_s02_l02_a,
6,Torgue,Pistol,33,Scope Accessory,TOR_PS.part_scope_acc_s02_l02_b,
6,Torgue,Pistol,34,Grip,TOR_PS.part_grip_05b_ted_homing,
6,Torgue,Pistol,35,Grip,TOR_PS.part_grip_05c_ted_jav,
6,Torgue,Pistol,36,Grip,TOR_PS.part_grip_05a_ted_legs,
6,Torgue,Pistol,37,Grip,TOR_PS.part_grip_01,
6,Torgue,Pistol,38,Grip,TOR_PS.part_grip_02,
6,Torgue,Pistol,39,Grip,TOR_PS.part_grip_03,
6,Torgue,Pistol,40,Grip,TOR_PS.part_grip_04_hyp,
6,Torgue,Pistol,41,Underbarrel,TOR_PS.part_underbarrel_05_ammoswitcher,
6,Torgue,Pistol,42,Underbarrel,TOR_PS.part_underbarrel_06_malswitch,
6,Torgue,Pistol,43,Underbarrel,TOR_PS.part_underbarrel_04_atlas_ball,
6,Torgue,Pistol,44,Underbarrel,TOR_PS.part_underbarrel_01_rockets,
6,Torgue,Pistol,45,Underbarrel,TOR_PS.part_underbarrel_03_cleaver,
6,Torgue,Pistol,46,Foregrip,TOR_PS.part_foregrip_02,
6,Torgue,Pistol,47,Foregrip,TOR_PS.part_foregrip_03,
6,Torgue,Pistol,48,Manufacturer Part,TOR_PS.part_secondary_ammo_smg,
6,Torgue,Pistol,49,Manufacturer Part,TOR_PS.part_secondary_ammo_sg,
6,Torgue,Pistol,50,Manufacturer Part,TOR_PS.part_secondary_ammo_ar,
6,Torgue,Pistol,51,Manufacturer Part,TOR_PS.part_secondary_ammo_sr,
6,Torgue,Pistol,52,Barrel,TOR_PS.part_barrel_02_queensrest,Queen's Rest
6,Torgue,Pistol,54,Barrel,TOR_PS.part_barrel_01_roach,Roach
6,Torgue,Pistol,58,Barrel,TOR_PS.part_barrel_02_breadth,Hardpoint
6,Torgue,Pistol,60,Barrel Accessory,TOR_PS.part_barrel_01_a,
6,Torgue,Pistol,61,Barrel Accessory,TOR_PS.part_barrel_01_b,
6,Torgue,Pistol,62,Barrel Accessory,TOR_PS.part_barrel_01_c,
6,Torgue,Pistol,63,Barrel Accessory,TOR_PS.part_barrel_01_d,
6,Torgue,Pistol,64,Barrel Accessory,TOR_PS.part_barrel_02_a,
6,Torgue,Pistol,65,Barrel Accessory,TOR_PS.part_barrel_02_b,
6,Torgue,Pistol,66,Barrel Accessory,TOR_PS.part_barrel_02_c,
6,Torgue,Pistol,67,Barrel Accessory,TOR_PS.part_barrel_02_d,
6,Torgue,Pistol,68,Manufacturer Part,TOR_PS.part_barrel_licensed_jak,
6,Torgue,Pistol,69,Tediore Payload,TOR_PS.part_barrel_licensed_ted,Tediore Throw
6,Torgue,Pistol,70,Tediore Payload,TOR_PS.part_barrel_licensed_ted_shooting,Tediore Shooting
6,Torgue,Pistol,71,Tediore Payload,TOR_PS.part_barrel_licensed_ted_mirv,Tediore MIRV
6,Torgue,Pistol,72,Tediore Payload,TOR_PS.part_barrel_licensed_ted_combo,Tediore Combo
6,Torgue,Pistol,73,Manufacturer Part,TOR_PS.part_barrel_licensed_hyp,
6,Torgue,Pistol,74,Underbarrel,TOR_PS.part_underbarrel_04_atlas,
6,Torgue,Pistol,75,Underbarrel,TOR_PS.part_underbarrel_02_blowback,
6,Torgue,Pistol,76,Foregrip,TOR_PS.part_foregrip_01,
6,Torgue,Pistol,77,Barrel,TOR_PS.part_barrel_02_Handcannon,Handcannon
6,Torgue,Pistol,79,Foregrip,TOR_PS.part_foregrip_03_Handcannon,Handcannon
6,Torgue,Pistol,80,Foregrip,TOR_PS.part_foregrip_02_Handcannon,Handcannon
6,Torgue,Pistol,81,Foregrip,TOR_PS.part_foregrip_01_Handcannon,Handcannon
6,Torgue,Pistol,56,Barrel,TOR_PS.part_barrel_02_scootshoot,Scoot'n'Shoot
6,Torgue,Pistol,84,Foregrip,TOR_PS.part_foregrip_01_herald,Herald
6,Torgue,Pistol,83,Foregrip,TOR_PS.part_foregrip_02_herald,Herald
6,Torgue,Pistol,82,Foregrip,TOR_PS.part_foregrip_03_herald,Herald
6,Torgue,Pistol,86,Barrel,TOR_PS.part_barrel_01_herald,Herald
12,Torgue,Shotgun,2,Body,TOR_SG.part_body,
12,Torgue,Shotgun,3,Body Accessory,TOR_SG.part_body_a,
12,Torgue,Shotgun,4,Body Accessory,TOR_SG.part_body_b,
12,Torgue,Shotgun,5,Body Accessory,TOR_SG.part_body_c,
12,Torgue,Shotgun,6,Body Accessory,TOR_SG.part_body_d,
12,Torgue,Shotgun,7,Barrel,TOR_SG.part_barrel_01,Rider
12,Torgue,Shotgun,8,Barrel,TOR_SG.part_barrel_02,Crank
12,Torgue,Shotgun,9,Manufacturer Part,TOR_SG.part_shield_default,
12,Torgue,Shotgun,10,Manufacturer Part,TOR_SG.part_shield_ricochet,
12,Torgue,Shotgun,11,Manufacturer Part,TOR_SG.part_shield_ammo,
12,Torgue,Shotgun,12,Manufacturer Part,TOR_SG.part_shield_amp,
12,Torgue,Shotgun,13,Magazine,TOR_SG.part_mag_05_borg,
12,Torgue,Shotgun,14,Magazine,TOR_SG.part_mag_04_cov,
12,Torgue,Shotgun,15,Magazine,TOR_SG.part_mag_01,
12,Torgue,Shotgun,16,Magazine,TOR_SG.part_mag_02,
12,Torgue,Shotgun,17,Tediore Throw Reload,TOR_SG.part_mag_ted_thrown_01,
12,Torgue,Shotgun,18,Tediore Throw Reload,TOR_SG.part_mag_ted_thrown_02,
12,Torgue,Shotgun,19,Tediore Throw Reload,TOR_SG.part_mag_ted_thrown_04_cov,
12,Torgue,Shotgun,20,Tediore Throw Reload,TOR_SG.part_mag_ted_thrown_05_bor,
12,Torgue,Shotgun,21,Scope,TOR_SG.part_scope_ironsight,
12,Torgue,Shotgun,22,Scope,TOR_SG.part_scope_01_lens_01,
12,Torgue,Shotgun,23,Scope,TOR_SG.part_scope_01_lens_02,
12,Torgue,Shotgun,24,Scope,TOR_SG.part_scope_02_lens_01,
12,Torgue,Shotgun,25,Scope,TOR_SG.part_scope_02_lens_02,
12,Torgue,Shotgun,26,Scope Accessory,TOR_SG.part_scope_acc_s01_l01_a,
12,Torgue,Shotgun,27,Scope Accessory,TOR_SG.part_scope_acc_s01_l01_b,
12,Torgue,Shotgun,28,Scope Accessory,TOR_SG.part_scope_acc_s02_l01_a,
12,Torgue,Shotgun,29,Scope Accessory,TOR_SG.part_scope_acc_s02_l01_b,
12,Torgue,Shotgun,30,Scope Accessory,TOR_SG.part_scope_acc_s01_l02_a,
12,Torgue,Shotgun,31,Scope Accessory,TOR_SG.part_scope_acc_s01_l02_b,
12,Torgue,Shotgun,32,Scope Accessory,TOR_SG.part_scope_acc_s02_l02_a,
12,Torgue,Shotgun,33,Scope Accessory,TOR_SG.part_scope_acc_s02_l02_b,
12,Torgue,Shotgun,34,Grip,TOR_SG.part_grip_05c_ted_jav,
12,Torgue,Shotgun,35,Grip,TOR_SG.part_grip_05b_ted_homing,
12,Torgue,Shotgun,36,Grip,TOR_SG.part_grip_05a_ted_legs,
12,Torgue,Shotgun,37,Grip,TOR_SG.part_grip_01,
12,Torgue,Shotgun,38,Grip,TOR_SG.part_grip_02,
12,Torgue,Shotgun,39,Grip,TOR_SG.part_grip_03,
12,Torgue,Shotgun,40,Grip,TOR_SG.part_grip_04_hyp,
12,Torgue,Shotgun,41,Underbarrel,TOR_SG.part_underbarrel_05_ammoswitcher,
12,Torgue,Shotgun,42,Underbarrel,TOR_SG.part_underbarrel_06_malswitch,
12,Torgue,Shotgun,43,Underbarrel,TOR_SG.part_underbarrel_01_seeker_missiles,
12,Torgue,Shotgun,44,Underbarrel,TOR_SG.part_underbarrel_03_bounce_grenade,
12,Torgue,Shotgun,45,Underbarrel,TOR_SG.part_underbarrel_04_atlas,
12,Torgue,Shotgun,46,Foregrip,TOR_SG.part_foregrip_02,
12,Torgue,Shotgun,47,Foregrip,TOR_SG.part_foregrip_03,
12,Torgue,Shotgun,48,Foregrip,TOR_SG.part_foregrip_01,
12,Torgue,Shotgun,49,Underbarrel,TOR_SG.part_underbarrel_04_atlas_ball,
12,Torgue,Shotgun,50,Underbarrel,TOR_SG.part_underbarrel_02_flameblast,
12,Torgue,Shotgun,51,Manufacturer Part,TOR_SG.part_secondary_ammo_smg,
12,Torgue,Shotgun,52,Manufacturer Part,TOR_SG.part_secondary_ammo_ps,
12,Torgue,Shotgun,53,Manufacturer Part,TOR_SG.part_secondary_ammo_ar,
12,Torgue,Shotgun,54,Manufacturer Part,TOR_SG.part_secondary_ammo_sr,
12,Torgue,Shotgun,56,Barrel,TOR_SG.part_barrel_02_leadballoon,Lead Balloon
12,Torgue,Shotgun,58,Barrel,TOR_SG.part_barrel_01_linebacker,Linebacker
12,Torgue,Shotgun,61,Barrel Accessory,TOR_SG.part_barrel_01_a,
12,Torgue,Shotgun,62,Barrel Accessory,TOR_SG.part_barrel_01_b,
12,Torgue,Shotgun,63,Barrel Accessory,TOR_SG.part_barrel_01_c,
12,Torgue,Shotgun,64,Barrel Accessory,TOR_SG.part_barrel_01_d,
12,Torgue,Shotgun,65,Barrel Accessory,TOR_SG.part_barrel_02_a,
12,Torgue,Shotgun,66,Barrel Accessory,TOR_SG.part_barrel_02_b,
12,Torgue,Shotgun,67,Barrel Accessory,TOR_SG.part_barrel_02_c,
12,Torgue,Shotgun,68,Barrel Accessory,TOR_SG.part_barrel_02_d,
12,Torgue,Shotgun,69,Manufacturer Part,TOR_SG.part_barrel_licensed_jak,
12,Torgue,Shotgun,70,Tediore Payload,TOR_SG.part_barrel_licensed_ted,Tediore Throw
12,Torgue,Shotgun,71,Tediore Payload,TOR_SG.part_barrel_licensed_ted_shooting,Tediore Shooting
12,Torgue,Shotgun,72,Tediore Payload,TOR_SG.part_barrel_licensed_ted_mirv,Tediore MIRV
12,Torgue,Shotgun,73,Tediore Payload,TOR_SG.part_barrel_licensed_ted_combo,Tediore Combo
12,Torgue,Shotgun,74,Manufacturer Part,TOR_SG.part_barrel_licensed_hyp,
12,Torgue,Shotgun,78,Barrel,TOR_SG.part_barrel_02_arctic,ARC-TAN
12,Torgue,Shotgun,76,Barrel,TOR_SG.part_barrel_01_unstable_kor,Unstable Kor
12,Torgue,Shotgun,75,Foregrip,TOR_SG.part_foregrip_01_unstable_kor,Unstable Kor
12,Torgue,Shotgun,60,Foregrip,TOR_SG.part_foregrip_02_unstable_kor,Unstable Kor
12,Torgue,Shotgun,59,Foregrip,TOR_SG.part_foregrip_03_unstable_kor,Unstable Kor
12,Torgue,Shotgun,80,Foregrip,TOR_SG.part_foregrip_03_cormano,Cormano
12,Torgue,Shotgun,81,Foregrip,TOR_SG.part_foregrip_02_cormano,Cormano
12,Torgue,Shotgun,82,Foregrip,TOR_SG.part_foregrip_01_cormano,Cormano
12,Torgue,Shotgun,84,Barrel,TOR_SG.part_barrel_02_cormano,Cormano
18,Vladof,Assault Rifle,1,Barrel,VLA_AR.part_barrel_01_lucian,Lucian's Flank
18,Vladof,Assault Rifle,2,Body,VLA_AR.part_body,
18,Vladof,Assault Rifle,3,Body Accessory,VLA_AR.part_body_a,
18,Vladof,Assault Rifle,4,Body Accessory,VLA_AR.part_body_b,
18,Vladof,Assault Rifle,5,Body Accessory,VLA_AR.part_body_c,
18,Vladof,Assault Rifle,6,Body Accessory,VLA_AR.part_body_d,
18,Vladof,Assault Rifle,7,Barrel,VLA_AR.part_barrel_01,Buzzymuzz
18,Vladof,Assault Rifle,8,Barrel,VLA_AR.part_barrel_02,Gruppagrak
18,Vladof,Assault Rifle,9,Manufacturer Part,VLA_AR.part_shield_default,
18,Vladof,Assault Rifle,10,Manufacturer Part,VLA_AR.part_shield_ricochet,
18,Vladof,Assault Rifle,11,Manufacturer Part,VLA_AR.part_shield_ammo,
18,Vladof,Assault Rifle,12,Manufacturer Part,VLA_AR.part_shield_amp,
18,Vladof,Assault Rifle,13,Magazine,VLA_AR.part_mag_01,
18,Vladof,Assault Rifle,14,Magazine,VLA_AR.part_mag_02,
18,Vladof,Assault Rifle,15,Magazine,VLA_AR.part_mag_03_tor,
18,Vladof,Assault Rifle,16,Magazine,VLA_AR.part_mag_04_cov,
18,Vladof,Assault Rifle,17,Magazine,VLA_AR.part_mag_05_borg,
18,Vladof,Assault Rifle,18,Manufacturer Part,VLA_AR.part_mag_torgue_normal,
18,Vladof,Assault Rifle,19,Manufacturer Part,VLA_AR.part_mag_torgue_sticky,
18,Vladof,Assault Rifle,20,Tediore Throw Reload,VLA_AR.part_mag_ted_thrown_01,
18,Vladof,Assault Rifle,21,Tediore Throw Reload,VLA_AR.part_mag_ted_thrown_02,
18,Vladof,Assault Rifle,22,Tediore Throw Reload,VLA_AR.part_mag_ted_thrown_03_tor,
18,Vladof,Assault Rifle,23,Tediore Throw Reload,VLA_AR.part_mag_ted_thrown_04_cov,
18,Vladof,Assault Rifle,24,Tediore Throw Reload,VLA_AR.part_mag_ted_thrown_05_bor,
18,Vladof,Assault Rifle,25,Scope,VLA_AR.part_scope_ironsight,
18,Vladof,Assault Rifle,26,Scope,VLA_AR.part_scope_01_lens_01,
18,Vladof,Assault Rifle,27,Scope,VLA_AR.part_scope_01_lens_02,
18,Vladof,Assault Rifle,28,Scope,VLA_AR.part_scope_02_lens_01,
18,Vladof,Assault Rifle,29,Scope,VLA_AR.part_scope_02_lens_02,
18,Vladof,Assault Rifle,30,Scope Accessory,VLA_AR.part_scope_acc_s01_l01_a,
18,Vladof,Assault Rifle,31,Scope Accessory,VLA_AR.part_scope_acc_s01_l01_b,
18,Vladof,Assault Rifle,32,Scope Accessory,VLA_AR.part_scope_acc_s02_l01_a,
18,Vladof,Assault Rifle,33,Scope Accessory,VLA_AR.part_scope_acc_s02_l01_b,
18,Vladof,Assault Rifle,34,Scope Accessory,VLA_AR.part_scope_acc_s01_l02_a,
18,Vladof,Assault Rifle,35,Scope Accessory,VLA_AR.part_scope_acc_s01_l02_b,
18,Vladof,Assault Rifle,36,Scope Accessory,VLA_AR.part_scope_acc_s02_l02_a,
18,Vladof,Assault Rifle,37,Scope Accessory,VLA_AR.part_scope_acc_s02_l02_b,
18,Vladof,Assault Rifle,38,Grip,VLA_AR.part_grip_05a_ted_legs,
18,Vladof,Assault Rifle,39,Grip,VLA_AR.part_grip_05c_ted_jav,
18,Vladof,Assault Rifle,40,Grip,VLA_AR.part_grip_05b_ted_homing,
18,Vladof,Assault Rifle,41,Grip,VLA_AR.part_grip_01,
18,Vladof,Assault Rifle,42,Grip,VLA_AR.part_grip_02,
18,Vladof,Assault Rifle,43,Grip,VLA_AR.part_grip_03,
18,Vladof,Assault Rifle,44,Grip,VLA_AR.part_grip_04_hyp,
18,Vladof,Assault Rifle,45,Underbarrel,VLA_AR.part_underbarrel_05_ammoswitcher,
18,Vladof,Assault Rifle,46,Underbarrel,VLA_AR.part_underbarrel_04_atlas_ball,
18,Vladof,Assault Rifle,47,Underbarrel,VLA_AR.part_underbarrel_04_atlas,
18,Vladof,Assault Rifle,48,Underbarrel,VLA_AR.part_underbarrel_03_bipod,
18,Vladof,Assault Rifle,49,Underbarrel,VLA_AR.part_underbarrel_01_grenadelauncher,
18,Vladof,Assault Rifle,50,Underbarrel Accessory,VLA_AR.part_underbarrel_grenade_acc,
18,Vladof,Assault Rifle,51,Underbarrel Accessory,VLA_AR.part_underbarrel_shotgun_acc,
18,Vladof,Assault Rifle,52,Underbarrel Accessory,VLA_AR.part_underbarrel_bipod_acc,
18,Vladof,Assault Rifle,53,Underbarrel Accessory,VLA_AR.part_underbarrel_secondbarrel_acc_a,
18,Vladof,Assault Rifle,54,Underbarrel Accessory,VLA_AR.part_underbarrel_secondbarrel_acc_b,
18,Vladof,Assault Rifle,55,Underbarrel Accessory,VLA_AR.part_underbarrel_secondbarrel_acc_c,
18,Vladof,Assault Rifle,56,Foregrip,VLA_AR.part_foregrip_01,
18,Vladof,Assault Rifle,57,Foregrip,VLA_AR.part_foregrip_02,
18,Vladof,Assault Rifle,58,Foregrip,VLA_AR.part_foregrip_03,
18,Vladof,Assault Rifle,59,Manufacturer Part,VLA_AR.part_secondary_ammo_ps,
18,Vladof,Assault Rifle,60,Manufacturer Part,VLA_AR.part_secondary_ammo_sg,
18,Vladof,Assault Rifle,61,Manufacturer Part,VLA_AR.part_secondary_ammo_sm,
18,Vladof,Assault Rifle,62,Manufacturer Part,VLA_AR.part_secondary_ammo_sr,
18,Vladof,Assault Rifle,64,Barrel,VLA_AR.part_barrel_01_wombocombo,Wombo Combo
18,Vladof,Assault Rifle,66,Underbarrel Accessory,VLA_AR.part_underbarrel_07_acc_vis,
18,Vladof,Assault Rifle,67,Underbarrel Accessory,VLA_AR.part_underbarrel_07_b,
18,Vladof,Assault Rifle,69,Underbarrel,VLA_AR.part_underbarrel_07_dualdamage,Aegon's Dream
18,Vladof,Assault Rifle,70,Barrel,VLA_AR.part_barrel_01_dualdamage,Buzzymuzz
18,Vladof,Assault Rifle,71,Tediore Payload,VLA_AR.part_barrel_licensed_ted_combo,Tediore Combo
18,Vladof,Assault Rifle,72,Barrel Accessory,VLA_AR.part_barrel_01_a,
18,Vladof,Assault Rifle,73,Barrel Accessory,VLA_AR.part_barrel_01_b,
18,Vladof,Assault Rifle,74,Barrel Accessory,VLA_AR.part_barrel_01_c,
18,Vladof,Assault Rifle,75,Barrel Accessory,VLA_AR.part_barrel_01_d,
18,Vladof,Assault Rifle,76,Barrel Accessory,VLA_AR.part_barrel_02_a,
18,Vladof,Assault Rifle,77,Barrel Accessory,VLA_AR.part_barrel_02_b,
18,Vladof,Assault Rifle,78,Barrel Accessory,VLA_AR.part_barrel_02_c,
18,Vladof,Assault Rifle,79,Barrel Accessory,VLA_AR.part_barrel_02_d,
18,Vladof,Assault Rifle,80,Manufacturer Part,VLA_AR.part_barrel_licensed_jak,
18,Vladof,Assault Rifle,81,Tediore Payload,VLA_AR.part_barrel_licensed_ted,Tediore Throw
18,Vladof,Assault Rifle,82,Tediore Payload,VLA_AR.part_barrel_licensed_ted_shooting,Tediore Shooting
18,Vladof,Assault Rifle,83,Tediore Payload,VLA_AR.part_barrel_licensed_ted_mirv,Tediore MIRV
18,Vladof,Assault Rifle,84,Manufacturer Part,VLA_AR.part_barrel_licensed_hyp,
18,Vladof,Assault Rifle,85,Underbarrel,VLA_AR.part_underbarrel_06_malswitch,
18,Vladof,Assault Rifle,86,Underbarrel,VLA_AR.part_underbarrel_07_secondbarrel,
18,Vladof,Assault Rifle,87,Underbarrel,VLA_AR.part_underbarrel_02_shotgun,
18,Vladof,Assault Rifle,89,Underbarrel Accessory,VLA_AR.part_underbarrel_overdrive_acc,
18,Vladof,Assault Rifle,90,Underbarrel,VLA_AR.part_underbarrel_wf_overdrive,
18,Vladof,Assault Rifle,91,Underbarrel Accessory,VLA_AR.part_underbarrel_scrap_acc,
18,Vladof,Assault Rifle,92,Underbarrel,VLA_AR.part_underbarrel_02_wf_scrapcannon,
18,Vladof,Assault Rifle,94,Barrel,VLA_AR.part_barrel_wf,Whiskey Foxtrot
18,Vladof,Assault Rifle,99,Barrel,VLA_AR.part_barrel_01_bubbles,Bubbles
18,Vladof,Assault Rifle,102,Barrel,VLA_AR.part_barrel_01_lasercutter,Laser-Cutter
18,Vladof,Assault Rifle,101,Underbarrel,VLA_AR.part_underbarrel_07_secondbarrel_lasercutter,
22,Vladof,SMG,2,Body,VLA_SM.part_body,
22,Vladof,SMG,3,Body Accessory,VLA_SM.part_body_a,
22,Vladof,SMG,4,Body Accessory,VLA_SM.part_body_b,
22,Vladof,SMG,5,Body Accessory,VLA_SM.part_body_c,
22,Vladof,SMG,6,Body Accessory,VLA_SM.part_body_d,
22,Vladof,SMG,7,Barrel,VLA_SM.part_barrel_01,Boory
22,Vladof,SMG,8,Barrel,VLA_SM.part_barrel_02,Flewdy
22,Vladof,SMG,9,Manufacturer Part,VLA_SM.part_shield_default,
22,Vladof,SMG,10,Manufacturer Part,VLA_SM.part_shield_ricochet,
22,Vladof,SMG,11,Manufacturer Part,VLA_SM.part_shield_ammo,
22,Vladof,SMG,12,Manufacturer Part,VLA_SM.part_shield_amp,
22,Vladof,SMG,13,Magazine,VLA_SM.part_mag_01,
22,Vladof,SMG,14,Magazine,VLA_SM.part_mag_02,
22,Vladof,SMG,15,Magazine,VLA_SM.part_mag_03_tor,
22,Vladof,SMG,16,Magazine,VLA_SM.part_mag_04_cov,
22,Vladof,SMG,17,Magazine,VLA_SM.part_mag_05_borg,
22,Vladof,SMG,18,Manufacturer Part,VLA_SM.part_mag_torgue_normal,
22,Vladof,SMG,19,Manufacturer Part,VLA_SM.part_mag_torgue_sticky,
22,Vladof,SMG,20,Tediore Throw Reload,VLA_SM.part_mag_ted_thrown_01,
22,Vladof,SMG,21,Tediore Throw Reload,VLA_SM.part_mag_ted_thrown_02,
22,Vladof,SMG,22,Tediore Throw Reload,VLA_SM.part_mag_ted_thrown_03_tor,
22,Vladof,SMG,23,Tediore Throw Reload,VLA_SM.part_mag_ted_thrown_04_cov,
22,Vladof,SMG,24,Tediore Throw Reload,VLA_SM.part_mag_ted_thrown_05_bor,
22,Vladof,SMG,25,Body Accessory,VLA_SM.part_body_flap,
22,Vladof,SMG,26,Scope,VLA_SM.part_scope_ironsight,
22,Vladof,SMG,27,Scope,VLA_SM.part_scope_01_lens_01,
22,Vladof,SMG,28,Scope,VLA_SM.part_scope_01_lens_02,
22,Vladof,SMG,29,Scope,VLA_SM.part_scope_02_lens_01,
22,Vladof,SMG,30,Scope,VLA_SM.part_scope_02_lens_02,
22,Vladof,SMG,31,Scope Accessory,VLA_SM.part_scope_acc_s01_l01_a,
22,Vladof,SMG,32,Scope Accessory,VLA_SM.part_scope_acc_s01_l01_b,
22,Vladof,SMG,33,Scope Accessory,VLA_SM.part_scope_acc_s02_l01_a,
22,Vladof,SMG,34,Scope Accessory,VLA_SM.part_scope_acc_s02_l01_b,
22,Vladof,SMG,35,Scope Accessory,VLA_SM.part_scope_acc_s01_l02_a,
22,Vladof,SMG,36,Scope Accessory,VLA_SM.part_scope_acc_s01_l02_b,
22,Vladof,SMG,37,Scope Accessory,VLA_SM.part_scope_acc_s02_l02_a,
22,Vladof,SMG,38,Scope Accessory,VLA_SM.part_scope_acc_s02_l02_b,
22,Vladof,SMG,40,Grip,VLA_SM.part_grip_05c_ted_jav,
22,Vladof,SMG,41,Grip,VLA_SM.part_grip_05b_ted_homing,
22,Vladof,SMG,42,Grip,VLA_SM.part_grip_05a_ted_legs,
22,Vladof,SMG,43,Grip,VLA_SM.part_grip_04_hyp,
22,Vladof,SMG,44,Grip,VLA_SM.part_grip_01,
22,Vladof,SMG,45,Grip,VLA_SM.part_grip_02,
22,Vladof,SMG,46,Grip,VLA_SM.part_grip_03,
22,Vladof,SMG,47,Underbarrel,VLA_SM.part_underbarrel_05_ammoswitcher,
22,Vladof,SMG,48,Underbarrel,VLA_SM.part_underbarrel_04_atlas_ball,
22,Vladof,SMG,49,Underbarrel,VLA_SM.part_underbarrel_06_malswitch,
22,Vladof,SMG,50,Underbarrel,VLA_SM.part_underbarrel_01_microrockets,
22,Vladof,SMG,51,Underbarrel,VLA_SM.part_underbarrel_02_taser,
22,Vladof,SMG,52,Underbarrel,VLA_SM.part_underbarrel_03_flamethrower,
22,Vladof,SMG,53,Underbarrel,VLA_SM.part_underbarrel_07_secondbarrel,
22,Vladof,SMG,54,Underbarrel,VLA_SM.part_underbarrel_04_atlas,
22,Vladof,SMG,55,Underbarrel Accessory,VLA_SM.part_underbarrel_microrockets_acc,
22,Vladof,SMG,56,Underbarrel Accessory,VLA_SM.part_underbarrel_taser_acc,
22,Vladof,SMG,57,Underbarrel Accessory,VLA_SM.part_underbarrel_flamethrower_acc,
22,Vladof,SMG,58,Underbarrel Accessory,VLA_SM.part_underbarrel_secondbarrel_acc,
22,Vladof,SMG,59,Foregrip,VLA_SM.part_foregrip_01,
22,Vladof,SMG,60,Foregrip,VLA_SM.part_foregrip_02,
22,Vladof,SMG,61,Foregrip,VLA_SM.part_foregrip_03,
22,Vladof,SMG,62,Manufacturer Part,VLA_SM.part_secondary_ammo_ps,
22,Vladof,SMG,63,Manufacturer Part,VLA_SM.part_secondary_ammo_sg,
22,Vladof,SMG,64,Manufacturer Part,VLA_SM.part_secondary_ammo_ar,
22,Vladof,SMG,65,Manufacturer Part,VLA_SM.part_secondary_ammo_sr,
22,Vladof,SMG,66,Barrel,VLA_SM.part_barrel_01_kaoson,Kaoson
22,Vladof,SMG,68,Barrel,VLA_SM.part_barrel_01_onslaught,Onslaught
22,Vladof,SMG,69,Barrel Accessory,VLA_SM.part_barrel_02_d_c,
22,Vladof,SMG,70,Barrel Accessory,VLA_SM.part_barrel_02_c_d,
22,Vladof,SMG,71,Manufacturer Part,VLA_SM.part_mag_torgue_sticky_beegun,Birt's Bees
22,Vladof,SMG,72,Barrel Accessory,VLA_SM.part_barrel_01_a,
22,Vladof,SMG,73,Barrel Accessory,VLA_SM.part_barrel_01_b,
22,Vladof,SMG,74,Barrel Accessory,VLA_SM.part_barrel_01_c,
22,Vladof,SMG,75,Barrel Accessory,VLA_SM.part_barrel_01_d,
22,Vladof,SMG,76,Barrel Accessory,VLA_SM.part_barrel_02_a,
22,Vladof,SMG,77,Barrel Accessory,VLA_SM.part_barrel_02_b,
22,Vladof,SMG,78,Barrel Accessory,VLA_SM.part_barrel_02_c,
22,Vladof,SMG,79,Barrel Accessory,VLA_SM.part_barrel_02_d,
22,Vladof,SMG,80,Manufacturer Part,VLA_SM.part_barrel_licensed_jak,
22,Vladof,SMG,81,Tediore Payload,VLA_SM.part_barrel_licensed_ted,Tediore Throw
22,Vladof,SMG,82,Tediore Payload,VLA_SM.part_barrel_licensed_ted_shooting,Tediore Shooting
22,Vladof,SMG,83,Tediore Payload,VLA_SM.part_barrel_licensed_ted_mirv,Tediore MIRV
22,Vladof,SMG,84,Tediore Payload,VLA_SM.part_barrel_licensed_ted_combo,Tediore Combo
22,Vladof,SMG,85,Manufacturer Part,VLA_SM.part_barrel_licensed_hyp,
22,Vladof,SMG,86,Manufacturer Part,VLA_SM.part_mag_torgue_normal_beegun,Birt's Bees
22,Vladof,SMG,87,Barrel,VLA_SM.part_barrel_beegun,Birt's Bees
22,Vladof,SMG,89,Manufacturer Part,VLA_SM.part_mag_torgue_sticky_mercury,Mercurious
22,Vladof,SMG,90,Manufacturer Part,VLA_SM.part_mag_torgue_normal_mercury,Mercurious
22,Vladof,SMG,91,Barrel,VLA_SM.part_barrel_mercury,Mercurious
22,Vladof,SMG,100,Manufacturer Part,VLA_SM.part_mag_torgue_normal_locust,Parasite
22,Vladof,SMG,99,Manufacturer Part,VLA_SM.part_mag_torgue_sticky_locust,Parasite
22,Vladof,SMG,102,Underbarrel,VLA_SM.part_underbarrel_uni_locust_rocket,
22,Vladof,SMG,103,Barrel,VLA_SM.part_barrel_locust,Parasite
22,Vladof,SMG,93,Barrel,VLA_SM.part_barrel_brickhouse,Brickhouse
16,Vladof,Sniper,1,Barrel,VLA_SR.part_barrel_02_finnty,Finnity XXX-L
16,Vladof,Sniper,2,Body,VLA_SR.part_body,
16,Vladof,Sniper,3,Body Accessory,VLA_SR.part_body_d,
16,Vladof,Sniper,4,Body Accessory,VLA_SR.part_body_a,
16,Vladof,Sniper,5,Body Accessory,VLA_SR.part_body_b,
16,Vladof,Sniper,6,Body Accessory,VLA_SR.part_body_c,
16,Vladof,Sniper,7,Barrel,VLA_SR.part_barrel_01,Ragoon
16,Vladof,Sniper,8,Barrel,VLA_SR.part_barrel_02,Vyudazy
16,Vladof,Sniper,9,Manufacturer Part,VLA_SR.part_shield_default,
16,Vladof,Sniper,10,Manufacturer Part,VLA_SR.part_shield_ricochet,
16,Vladof,Sniper,11,Manufacturer Part,VLA_SR.part_shield_ammo,
16,Vladof,Sniper,12,Manufacturer Part,VLA_SR.part_shield_amp,
16,Vladof,Sniper,13,Magazine,VLA_SR.part_mag_01,
16,Vladof,Sniper,14,Magazine,VLA_SR.part_mag_02,
16,Vladof,Sniper,15,Magazine,VLA_SR.part_mag_03_tor,
16,Vladof,Sniper,16,Magazine,VLA_SR.part_mag_04_cov,
16,Vladof,Sniper,17,Magazine,VLA_SR.part_mag_05_borg,
16,Vladof,Sniper,18,Manufacturer Part,VLA_SR.part_mag_torgue_normal,
16,Vladof,Sniper,19,Manufacturer Part,VLA_SR.part_mag_torgue_sticky,
16,Vladof,Sniper,20,Tediore Throw Reload,VLA_SR.part_mag_ted_thrown_01,
16,Vladof,Sniper,21,Tediore Throw Reload,VLA_SR.part_mag_ted_thrown_02,
16,Vladof,Sniper,22,Tediore Throw Reload,VLA_SR.part_mag_ted_thrown_03_tor,
16,Vladof,Sniper,23,Tediore Throw Reload,VLA_SR.part_mag_ted_thrown_04_cov,
16,Vladof,Sniper,24,Tediore Throw Reload,VLA_SR.part_mag_ted_thrown_05_bor,
16,Vladof,Sniper,25,Manufacturer Part,VLA_SR.part_barrel_licensed_jak,
16,Vladof,Sniper,26,Scope,VLA_SR.part_scope_ironsight,
16,Vladof,Sniper,27,Scope,VLA_SR.part_scope_01_lens_01,
16,Vladof,Sniper,28,Scope,VLA_SR.part_scope_01_lens_02,
16,Vladof,Sniper,29,Scope,VLA_SR.part_scope_02_lens_01,
16,Vladof,Sniper,30,Scope,VLA_SR.part_scope_02_lens_02,
16,Vladof,Sniper,31,Scope Accessory,VLA_SR.part_scope_acc_s01_l01_a,
16,Vladof,Sniper,32,Scope Accessory,VLA_SR.part_scope_acc_s01_l01_b,
16,Vladof,Sniper,33,Scope Accessory,VLA_SR.part_scope_acc_s02_l01_a,
16,Vladof,Sniper,34,Scope Accessory,VLA_SR.part_scope_acc_s02_l01_b,
16,Vladof,Sniper,35,Scope Accessory,VLA_SR.part_scope_acc_s01_l02_a,
16,Vladof,Sniper,36,Scope Accessory,VLA_SR.part_scope_acc_s01_l02_b,
16,Vladof,Sniper,37,Scope Accessory,VLA_SR.part_scope_acc_s02_l02_a,
16,Vladof,Sniper,38,Scope Accessory,VLA_SR.part_scope_acc_s02_l02_b,
16,Vladof,Sniper,39,Grip,VLA_SR.part_grip_05b_ted_homing,
16,Vladof,Sniper,40,Grip,VLA_SR.part_grip_05a_ted_legs,
16,Vladof,Sniper,41,Grip,VLA_SR.part_grip_04_hyp,
16,Vladof,Sniper,42,Grip,VLA_SR.part_grip_01,
16,Vladof,Sniper,43,Grip,VLA_SR.part_grip_02,
16,Vladof,Sniper,44,Grip,VLA_SR.part_grip_03,
16,Vladof,Sniper,45,Underbarrel,VLA_SR.part_underbarrel_06_malswitch,
16,Vladof,Sniper,46,Underbarrel,VLA_SR.part_underbarrel_05_ammoswitcher,
16,Vladof,Sniper,47,Underbarrel,VLA_SR.part_underbarrel_04_atlas_ball,
16,Vladof,Sniper,48,Underbarrel,VLA_SR.part_underbarrel_02_rocket,
16,Vladof,Sniper,49,Underbarrel,VLA_SR.part_underbarrel_07_secondbarrel,
16,Vladof,Sniper,50,Underbarrel,VLA_SR.part_underbarrel_03_bipod,
16,Vladof,Sniper,51,Underbarrel,VLA_SR.part_underbarrel_04_atlas,
16,Vladof,Sniper,52,Underbarrel,VLA_SR.part_underbarrel_01_shotgun,
16,Vladof,Sniper,53,Underbarrel Accessory,VLA_SR.part_underbarrel_shotgun_acc,
16,Vladof,Sniper,54,Underbarrel Accessory,VLA_SR.part_underbarrel_rocket_acc,
16,Vladof,Sniper,55,Underbarrel Accessory,VLA_SR.part_underbarrel_bipod_acc,
16,Vladof,Sniper,56,Underbarrel Accessory,VLA_SR.part_underbarrel_secondbarrel_acc_a,
16,Vladof,Sniper,57,Underbarrel Accessory,VLA_SR.part_underbarrel_secondbarrel_acc_b,
16,Vladof,Sniper,58,Underbarrel Accessory,VLA_SR.part_underbarrel_secondbarrel_acc_c,
16,Vladof,Sniper,59,Foregrip,VLA_SR.part_foregrip_01,
16,Vladof,Sniper,60,Foregrip,VLA_SR.part_foregrip_02,
16,Vladof,Sniper,61,Foregrip,VLA_SR.part_foregrip_03,
16,Vladof,Sniper,62,Manufacturer Part,VLA_SR.part_secondary_ammo_smg,
16,Vladof,Sniper,63,Manufacturer Part,VLA_SR.part_secondary_ammo_sg,
16,Vladof,Sniper,64,Manufacturer Part,VLA_SR.part_secondary_ammo_ar,
16,Vladof,Sniper,65,Manufacturer Part,VLA_SR.part_secondary_ammo_ps,
16,Vladof,Sniper,68,Barrel,VLA_SR.part_barrel_crowdsourced,Midnight Defiance
16,Vladof,Sniper,71,Grip,VLA_SR.part_grip_04_hyp_finnty,Upgraded Finnity XXX-L
16,Vladof,Sniper,72,Barrel,VLA_SR.part_barrel_01_stopgap,Stop Gap
16,Vladof,Sniper,73,Barrel Accessory,VLA_SR.part_barrel_01_a,
16,Vladof,Sniper,74,Barrel Accessory,VLA_SR.part_barrel_01_b,
16,Vladof,Sniper,75,Barrel Accessory,VLA_SR.part_barrel_01_c,
16,Vladof,Sniper,76,Barrel Accessory,VLA_SR.part_barrel_01_d,
16,Vladof,Sniper,77,Barrel Accessory,VLA_SR.part_barrel_02_a,
16,Vladof,Sniper,78,Barrel Accessory,VLA_SR.part_barrel_02_b,
16,Vladof,Sniper,79,Barrel Accessory,VLA_SR.part_barrel_02_c,
16,Vladof,Sniper,80,Barrel Accessory,VLA_SR.part_barrel_02_d,
16,Vladof,Sniper,81,Tediore Payload,VLA_SR.part_barrel_licensed_ted,Tediore Throw
16,Vladof,Sniper,82,Tediore Payload,VLA_SR.part_barrel_licensed_ted_shooting,Tediore Shooting
16,Vladof,Sniper,83,Tediore Payload,VLA_SR.part_barrel_licensed_ted_combo,Tediore Combo
16,Vladof,Sniper,84,Tediore Payload,VLA_SR.part_barrel_licensed_ted_mirv,Tediore MIRV
16,Vladof,Sniper,85,Manufacturer Part,VLA_SR.part_barrel_licensed_hyp,
16,Vladof,Sniper,86,Grip,VLA_SR.part_grip_05c_ted_jav,
16,Vladof,Sniper,87,Barrel,VLA_SR.part_barrel_01_hemorrhage,Hemorrhage
16,Vladof,Sniper,90,Barrel,VLA_SR.part_barrel_01_lightgun,Light Gun
